id,category,title,visualType,visualItem,operandA,operandB,operator,correctAnswer,timerSeconds,optionsText,explanation
"q_math_penjumlahan_1","penjumlahan","Berapakah jumlah semua 🎈 jika digabungkan?","emoji","🎈",3,1,"+",4,20,"","3 ditambah 1 hasilnya adalah 4!"
"q_math_penjumlahan_2","penjumlahan","Berapakah jumlah semua ⭐️ jika digabungkan?","emoji","⭐️",1,3,"+",4,20,"","1 ditambah 3 hasilnya adalah 4!"
"q_math_penjumlahan_3","penjumlahan","Berapakah jumlah semua 🍩 jika digabungkan?","emoji","🍩",1,4,"+",5,20,"","1 ditambah 4 hasilnya adalah 5!"
"q_math_penjumlahan_4","penjumlahan","Berapakah jumlah semua 🚗 jika digabungkan?","emoji","🚗",2,2,"+",4,20,"","2 ditambah 2 hasilnya adalah 4!"
"q_math_penjumlahan_5","penjumlahan","Berapakah jumlah semua 🐰 jika digabungkan?","emoji","🐰",3,2,"+",5,20,"","3 ditambah 2 hasilnya adalah 5!"
"q_math_penjumlahan_6","penjumlahan","Berapakah jumlah semua 🍬 jika digabungkan?","emoji","🍬",2,1,"+",3,20,"","2 ditambah 1 hasilnya adalah 3!"
"q_math_penjumlahan_7","penjumlahan","Berapakah jumlah semua 🐥 jika digabungkan?","emoji","🐥",2,5,"+",7,20,"","2 ditambah 5 hasilnya adalah 7!"
"q_math_penjumlahan_8","penjumlahan","Berapakah jumlah semua 🍦 jika digabungkan?","emoji","🍦",6,2,"+",8,20,"","6 ditambah 2 hasilnya adalah 8!"
"q_math_penjumlahan_9","penjumlahan","Berapakah jumlah semua 🌸 jika digabungkan?","emoji","🌸",2,3,"+",5,20,"","2 ditambah 3 hasilnya adalah 5!"
"q_math_penjumlahan_10","penjumlahan","Berapakah jumlah semua 🍓 jika digabungkan?","emoji","🍓",2,1,"+",3,20,"","2 ditambah 1 hasilnya adalah 3!"
"q_math_penjumlahan_11","penjumlahan","Berapakah jumlah semua 🐢 jika digabungkan?","emoji","🐢",1,1,"+",2,20,"","1 ditambah 1 hasilnya adalah 2!"
"q_math_penjumlahan_12","penjumlahan","Berapakah jumlah semua 🚀 jika digabungkan?","emoji","🚀",2,5,"+",7,20,"","2 ditambah 5 hasilnya adalah 7!"
"q_math_penjumlahan_13","penjumlahan","Berapakah jumlah semua 🐼 jika digabungkan?","emoji","🐼",1,4,"+",5,20,"","1 ditambah 4 hasilnya adalah 5!"
"q_math_penjumlahan_14","penjumlahan","Berapakah jumlah semua 🍰 jika digabungkan?","emoji","🍰",1,2,"+",3,20,"","1 ditambah 2 hasilnya adalah 3!"
"q_math_penjumlahan_15","penjumlahan","Berapakah jumlah semua 🐱 jika digabungkan?","emoji","🐱",6,1,"+",7,20,"","6 ditambah 1 hasilnya adalah 7!"
"q_math_penjumlahan_16","penjumlahan","Berapakah jumlah semua 🦖 jika digabungkan?","emoji","🦖",1,1,"+",2,20,"","1 ditambah 1 hasilnya adalah 2!"
"q_math_penjumlahan_17","penjumlahan","Berapakah jumlah semua ⚽ jika digabungkan?","emoji","⚽",5,1,"+",6,20,"","5 ditambah 1 hasilnya adalah 6!"
"q_math_penjumlahan_18","penjumlahan","Berapakah jumlah semua 🍪 jika digabungkan?","emoji","🍪",8,1,"+",9,20,"","8 ditambah 1 hasilnya adalah 9!"
"q_math_penjumlahan_19","penjumlahan","Berapakah jumlah semua 🍌 jika digabungkan?","emoji","🍌",1,1,"+",2,20,"","1 ditambah 1 hasilnya adalah 2!"
"q_math_penjumlahan_20","penjumlahan","Berapakah jumlah semua 🍭 jika digabungkan?","emoji","🍭",4,4,"+",8,20,"","4 ditambah 4 hasilnya adalah 8!"
"q_math_penjumlahan_21","penjumlahan","Berapakah jumlah semua 🍕 jika digabungkan?","emoji","🍕",4,1,"+",5,20,"","4 ditambah 1 hasilnya adalah 5!"
"q_math_penjumlahan_22","penjumlahan","Berapakah jumlah semua 🦁 jika digabungkan?","emoji","🦁",1,1,"+",2,20,"","1 ditambah 1 hasilnya adalah 2!"
"q_math_penjumlahan_23","penjumlahan","Berapakah jumlah semua 🍇 jika digabungkan?","emoji","🍇",1,5,"+",6,20,"","1 ditambah 5 hasilnya adalah 6!"
"q_math_penjumlahan_24","penjumlahan","Berapakah jumlah semua 🐞 jika digabungkan?","emoji","🐞",2,3,"+",5,20,"","2 ditambah 3 hasilnya adalah 5!"
"q_math_penjumlahan_25","penjumlahan","Berapakah jumlah semua 🛸 jika digabungkan?","emoji","🛸",3,1,"+",4,20,"","3 ditambah 1 hasilnya adalah 4!"
"q_math_penjumlahan_26","penjumlahan","Berapakah jumlah semua 🐧 jika digabungkan?","emoji","🐧",5,4,"+",9,20,"","5 ditambah 4 hasilnya adalah 9!"
"q_math_penjumlahan_27","penjumlahan","Berapakah jumlah semua 🧸 jika digabungkan?","emoji","🧸",1,3,"+",4,20,"","1 ditambah 3 hasilnya adalah 4!"
"q_math_penjumlahan_28","penjumlahan","Berapakah jumlah semua 🐬 jika digabungkan?","emoji","🐬",5,3,"+",8,20,"","5 ditambah 3 hasilnya adalah 8!"
"q_math_penjumlahan_29","penjumlahan","Berapakah jumlah semua 🍟 jika digabungkan?","emoji","🍟",4,3,"+",7,20,"","4 ditambah 3 hasilnya adalah 7!"
"q_math_penjumlahan_30","penjumlahan","Berapakah jumlah semua 🍎 jika digabungkan?","emoji","🍎",3,2,"+",5,20,"","3 ditambah 2 hasilnya adalah 5!"
"q_math_penjumlahan_31","penjumlahan","Berapakah jumlah semua 🎈 jika digabungkan?","emoji","🎈",1,2,"+",3,20,"","1 ditambah 2 hasilnya adalah 3!"
"q_math_penjumlahan_32","penjumlahan","Berapakah jumlah semua ⭐️ jika digabungkan?","emoji","⭐️",6,1,"+",7,20,"","6 ditambah 1 hasilnya adalah 7!"
"q_math_penjumlahan_33","penjumlahan","Berapakah jumlah semua 🍩 jika digabungkan?","emoji","🍩",4,4,"+",8,20,"","4 ditambah 4 hasilnya adalah 8!"
"q_math_penjumlahan_34","penjumlahan","Berapakah jumlah semua 🚗 jika digabungkan?","emoji","🚗",2,3,"+",5,20,"","2 ditambah 3 hasilnya adalah 5!"
"q_math_penjumlahan_35","penjumlahan","Berapakah jumlah semua 🐰 jika digabungkan?","emoji","🐰",2,4,"+",6,20,"","2 ditambah 4 hasilnya adalah 6!"
"q_math_penjumlahan_36","penjumlahan","Berapakah jumlah semua 🍬 jika digabungkan?","emoji","🍬",1,7,"+",8,20,"","1 ditambah 7 hasilnya adalah 8!"
"q_math_penjumlahan_37","penjumlahan","Berapakah jumlah semua 🐥 jika digabungkan?","emoji","🐥",2,2,"+",4,20,"","2 ditambah 2 hasilnya adalah 4!"
"q_math_penjumlahan_38","penjumlahan","Berapakah jumlah semua 🍦 jika digabungkan?","emoji","🍦",5,1,"+",6,20,"","5 ditambah 1 hasilnya adalah 6!"
"q_math_penjumlahan_39","penjumlahan","Berapakah jumlah semua 🌸 jika digabungkan?","emoji","🌸",1,1,"+",2,20,"","1 ditambah 1 hasilnya adalah 2!"
"q_math_penjumlahan_40","penjumlahan","Berapakah jumlah semua 🍓 jika digabungkan?","emoji","🍓",1,5,"+",6,20,"","1 ditambah 5 hasilnya adalah 6!"
"q_math_penjumlahan_41","penjumlahan","Berapakah jumlah semua 🐢 jika digabungkan?","emoji","🐢",1,4,"+",5,20,"","1 ditambah 4 hasilnya adalah 5!"
"q_math_penjumlahan_42","penjumlahan","Berapakah jumlah semua 🚀 jika digabungkan?","emoji","🚀",3,5,"+",8,20,"","3 ditambah 5 hasilnya adalah 8!"
"q_math_penjumlahan_43","penjumlahan","Berapakah jumlah semua 🐼 jika digabungkan?","emoji","🐼",1,2,"+",3,20,"","1 ditambah 2 hasilnya adalah 3!"
"q_math_penjumlahan_44","penjumlahan","Berapakah jumlah semua 🍰 jika digabungkan?","emoji","🍰",3,3,"+",6,20,"","3 ditambah 3 hasilnya adalah 6!"
"q_math_penjumlahan_45","penjumlahan","Berapakah jumlah semua 🐱 jika digabungkan?","emoji","🐱",2,2,"+",4,20,"","2 ditambah 2 hasilnya adalah 4!"
"q_math_penjumlahan_46","penjumlahan","Berapakah jumlah semua 🦖 jika digabungkan?","emoji","🦖",1,1,"+",2,20,"","1 ditambah 1 hasilnya adalah 2!"
"q_math_penjumlahan_47","penjumlahan","Berapakah jumlah semua ⚽ jika digabungkan?","emoji","⚽",1,1,"+",2,20,"","1 ditambah 1 hasilnya adalah 2!"
"q_math_penjumlahan_48","penjumlahan","Berapakah jumlah semua 🍪 jika digabungkan?","emoji","🍪",2,6,"+",8,20,"","2 ditambah 6 hasilnya adalah 8!"
"q_math_penjumlahan_49","penjumlahan","Berapakah jumlah semua 🍌 jika digabungkan?","emoji","🍌",3,3,"+",6,20,"","3 ditambah 3 hasilnya adalah 6!"
"q_math_penjumlahan_50","penjumlahan","Berapakah jumlah semua 🍭 jika digabungkan?","emoji","🍭",1,4,"+",5,20,"","1 ditambah 4 hasilnya adalah 5!"
"q_math_penjumlahan_51","penjumlahan","Berapakah jumlah semua 🍕 jika digabungkan?","emoji","🍕",2,2,"+",4,20,"","2 ditambah 2 hasilnya adalah 4!"
"q_math_penjumlahan_52","penjumlahan","Berapakah jumlah semua 🦁 jika digabungkan?","emoji","🦁",3,5,"+",8,20,"","3 ditambah 5 hasilnya adalah 8!"
"q_math_penjumlahan_53","penjumlahan","Berapakah jumlah semua 🍇 jika digabungkan?","emoji","🍇",2,2,"+",4,20,"","2 ditambah 2 hasilnya adalah 4!"
"q_math_penjumlahan_54","penjumlahan","Berapakah jumlah semua 🐞 jika digabungkan?","emoji","🐞",4,2,"+",6,20,"","4 ditambah 2 hasilnya adalah 6!"
"q_math_penjumlahan_55","penjumlahan","Berapakah jumlah semua 🛸 jika digabungkan?","emoji","🛸",2,2,"+",4,20,"","2 ditambah 2 hasilnya adalah 4!"
"q_math_penjumlahan_56","penjumlahan","Berapakah jumlah semua 🐧 jika digabungkan?","emoji","🐧",1,7,"+",8,20,"","1 ditambah 7 hasilnya adalah 8!"
"q_math_penjumlahan_57","penjumlahan","Berapakah jumlah semua 🧸 jika digabungkan?","emoji","🧸",1,1,"+",2,20,"","1 ditambah 1 hasilnya adalah 2!"
"q_math_penjumlahan_58","penjumlahan","Berapakah jumlah semua 🐬 jika digabungkan?","emoji","🐬",4,3,"+",7,20,"","4 ditambah 3 hasilnya adalah 7!"
"q_math_penjumlahan_59","penjumlahan","Berapakah jumlah semua 🍟 jika digabungkan?","emoji","🍟",5,3,"+",8,20,"","5 ditambah 3 hasilnya adalah 8!"
"q_math_penjumlahan_60","penjumlahan","Berapakah jumlah semua 🍎 jika digabungkan?","emoji","🍎",1,2,"+",3,20,"","1 ditambah 2 hasilnya adalah 3!"
"q_math_penjumlahan_61","penjumlahan","Berapakah jumlah semua 🎈 jika digabungkan?","emoji","🎈",1,1,"+",2,20,"","1 ditambah 1 hasilnya adalah 2!"
"q_math_penjumlahan_62","penjumlahan","Berapakah jumlah semua ⭐️ jika digabungkan?","emoji","⭐️",1,4,"+",5,20,"","1 ditambah 4 hasilnya adalah 5!"
"q_math_penjumlahan_63","penjumlahan","Berapakah jumlah semua 🍩 jika digabungkan?","emoji","🍩",2,2,"+",4,20,"","2 ditambah 2 hasilnya adalah 4!"
"q_math_penjumlahan_64","penjumlahan","Berapakah jumlah semua 🚗 jika digabungkan?","emoji","🚗",1,2,"+",3,20,"","1 ditambah 2 hasilnya adalah 3!"
"q_math_penjumlahan_65","penjumlahan","Berapakah jumlah semua 🐰 jika digabungkan?","emoji","🐰",1,1,"+",2,20,"","1 ditambah 1 hasilnya adalah 2!"
"q_math_penjumlahan_66","penjumlahan","Berapakah jumlah semua 🍬 jika digabungkan?","emoji","🍬",1,1,"+",2,20,"","1 ditambah 1 hasilnya adalah 2!"
"q_math_penjumlahan_67","penjumlahan","Berapakah jumlah semua 🐥 jika digabungkan?","emoji","🐥",3,4,"+",7,20,"","3 ditambah 4 hasilnya adalah 7!"
"q_math_penjumlahan_68","penjumlahan","Berapakah jumlah semua 🍦 jika digabungkan?","emoji","🍦",1,6,"+",7,20,"","1 ditambah 6 hasilnya adalah 7!"
"q_math_penjumlahan_69","penjumlahan","Berapakah jumlah semua 🌸 jika digabungkan?","emoji","🌸",3,2,"+",5,20,"","3 ditambah 2 hasilnya adalah 5!"
"q_math_penjumlahan_70","penjumlahan","Berapakah jumlah semua 🍓 jika digabungkan?","emoji","🍓",7,2,"+",9,20,"","7 ditambah 2 hasilnya adalah 9!"
"q_math_penjumlahan_71","penjumlahan","Berapakah jumlah semua 🐢 jika digabungkan?","emoji","🐢",4,2,"+",6,20,"","4 ditambah 2 hasilnya adalah 6!"
"q_math_penjumlahan_72","penjumlahan","Berapakah jumlah semua 🚀 jika digabungkan?","emoji","🚀",6,1,"+",7,20,"","6 ditambah 1 hasilnya adalah 7!"
"q_math_penjumlahan_73","penjumlahan","Berapakah jumlah semua 🐼 jika digabungkan?","emoji","🐼",1,1,"+",2,20,"","1 ditambah 1 hasilnya adalah 2!"
"q_math_penjumlahan_74","penjumlahan","Berapakah jumlah semua 🍰 jika digabungkan?","emoji","🍰",2,1,"+",3,20,"","2 ditambah 1 hasilnya adalah 3!"
"q_math_penjumlahan_75","penjumlahan","Berapakah jumlah semua 🐱 jika digabungkan?","emoji","🐱",1,3,"+",4,20,"","1 ditambah 3 hasilnya adalah 4!"
"q_math_penjumlahan_76","penjumlahan","Berapakah jumlah semua 🦖 jika digabungkan?","emoji","🦖",1,3,"+",4,20,"","1 ditambah 3 hasilnya adalah 4!"
"q_math_penjumlahan_77","penjumlahan","Berapakah jumlah semua ⚽ jika digabungkan?","emoji","⚽",8,1,"+",9,20,"","8 ditambah 1 hasilnya adalah 9!"
"q_math_penjumlahan_78","penjumlahan","Berapakah jumlah semua 🍪 jika digabungkan?","emoji","🍪",2,5,"+",7,20,"","2 ditambah 5 hasilnya adalah 7!"
"q_math_penjumlahan_79","penjumlahan","Berapakah jumlah semua 🍌 jika digabungkan?","emoji","🍌",6,3,"+",9,20,"","6 ditambah 3 hasilnya adalah 9!"
"q_math_penjumlahan_80","penjumlahan","Berapakah jumlah semua 🍭 jika digabungkan?","emoji","🍭",3,6,"+",9,20,"","3 ditambah 6 hasilnya adalah 9!"
"q_math_penjumlahan_81","penjumlahan","Berapakah jumlah semua 🍕 jika digabungkan?","emoji","🍕",1,1,"+",2,20,"","1 ditambah 1 hasilnya adalah 2!"
"q_math_penjumlahan_82","penjumlahan","Berapakah jumlah semua 🦁 jika digabungkan?","emoji","🦁",2,2,"+",4,20,"","2 ditambah 2 hasilnya adalah 4!"
"q_math_penjumlahan_83","penjumlahan","Berapakah jumlah semua 🍇 jika digabungkan?","emoji","🍇",3,6,"+",9,20,"","3 ditambah 6 hasilnya adalah 9!"
"q_math_penjumlahan_84","penjumlahan","Berapakah jumlah semua 🐞 jika digabungkan?","emoji","🐞",4,5,"+",9,20,"","4 ditambah 5 hasilnya adalah 9!"
"q_math_penjumlahan_85","penjumlahan","Berapakah jumlah semua 🛸 jika digabungkan?","emoji","🛸",4,1,"+",5,20,"","4 ditambah 1 hasilnya adalah 5!"
"q_math_penjumlahan_86","penjumlahan","Berapakah jumlah semua 🐧 jika digabungkan?","emoji","🐧",4,5,"+",9,20,"","4 ditambah 5 hasilnya adalah 9!"
"q_math_penjumlahan_87","penjumlahan","Berapakah jumlah semua 🧸 jika digabungkan?","emoji","🧸",2,1,"+",3,20,"","2 ditambah 1 hasilnya adalah 3!"
"q_math_penjumlahan_88","penjumlahan","Berapakah jumlah semua 🐬 jika digabungkan?","emoji","🐬",4,3,"+",7,20,"","4 ditambah 3 hasilnya adalah 7!"
"q_math_penjumlahan_89","penjumlahan","Berapakah jumlah semua 🍟 jika digabungkan?","emoji","🍟",4,2,"+",6,20,"","4 ditambah 2 hasilnya adalah 6!"
"q_math_penjumlahan_90","penjumlahan","Berapakah jumlah semua 🍎 jika digabungkan?","emoji","🍎",1,1,"+",2,20,"","1 ditambah 1 hasilnya adalah 2!"
"q_math_penjumlahan_91","penjumlahan","Berapakah jumlah semua 🎈 jika digabungkan?","emoji","🎈",1,4,"+",5,20,"","1 ditambah 4 hasilnya adalah 5!"
"q_math_penjumlahan_92","penjumlahan","Berapakah jumlah semua ⭐️ jika digabungkan?","emoji","⭐️",1,1,"+",2,20,"","1 ditambah 1 hasilnya adalah 2!"
"q_math_penjumlahan_93","penjumlahan","Berapakah jumlah semua 🍩 jika digabungkan?","emoji","🍩",3,1,"+",4,20,"","3 ditambah 1 hasilnya adalah 4!"
"q_math_penjumlahan_94","penjumlahan","Berapakah jumlah semua 🚗 jika digabungkan?","emoji","🚗",2,4,"+",6,20,"","2 ditambah 4 hasilnya adalah 6!"
"q_math_penjumlahan_95","penjumlahan","Berapakah jumlah semua 🐰 jika digabungkan?","emoji","🐰",5,3,"+",8,20,"","5 ditambah 3 hasilnya adalah 8!"
"q_math_penjumlahan_96","penjumlahan","Berapakah jumlah semua 🍬 jika digabungkan?","emoji","🍬",1,8,"+",9,20,"","1 ditambah 8 hasilnya adalah 9!"
"q_math_penjumlahan_97","penjumlahan","Berapakah jumlah semua 🐥 jika digabungkan?","emoji","🐥",1,6,"+",7,20,"","1 ditambah 6 hasilnya adalah 7!"
"q_math_penjumlahan_98","penjumlahan","Berapakah jumlah semua 🍦 jika digabungkan?","emoji","🍦",4,3,"+",7,20,"","4 ditambah 3 hasilnya adalah 7!"
"q_math_penjumlahan_99","penjumlahan","Berapakah jumlah semua 🌸 jika digabungkan?","emoji","🌸",1,2,"+",3,20,"","1 ditambah 2 hasilnya adalah 3!"
"q_math_penjumlahan_100","penjumlahan","Berapakah jumlah semua 🍓 jika digabungkan?","emoji","🍓",1,2,"+",3,20,"","1 ditambah 2 hasilnya adalah 3!"
"q_math_penjumlahan_101","penjumlahan","Berapakah jumlah semua 🐢 jika digabungkan?","emoji","🐢",6,2,"+",8,20,"","6 ditambah 2 hasilnya adalah 8!"
"q_math_penjumlahan_102","penjumlahan","Berapakah jumlah semua 🚀 jika digabungkan?","emoji","🚀",1,1,"+",2,20,"","1 ditambah 1 hasilnya adalah 2!"
"q_math_penjumlahan_103","penjumlahan","Berapakah jumlah semua 🐼 jika digabungkan?","emoji","🐼",2,5,"+",7,20,"","2 ditambah 5 hasilnya adalah 7!"
"q_math_penjumlahan_104","penjumlahan","Berapakah jumlah semua 🍰 jika digabungkan?","emoji","🍰",1,1,"+",2,20,"","1 ditambah 1 hasilnya adalah 2!"
"q_math_penjumlahan_105","penjumlahan","Berapakah jumlah semua 🐱 jika digabungkan?","emoji","🐱",2,1,"+",3,20,"","2 ditambah 1 hasilnya adalah 3!"
"q_math_penjumlahan_106","penjumlahan","Berapakah jumlah semua 🦖 jika digabungkan?","emoji","🦖",4,2,"+",6,20,"","4 ditambah 2 hasilnya adalah 6!"
"q_math_penjumlahan_107","penjumlahan","Berapakah jumlah semua ⚽ jika digabungkan?","emoji","⚽",2,2,"+",4,20,"","2 ditambah 2 hasilnya adalah 4!"
"q_math_penjumlahan_108","penjumlahan","Berapakah jumlah semua 🍪 jika digabungkan?","emoji","🍪",1,1,"+",2,20,"","1 ditambah 1 hasilnya adalah 2!"
"q_math_penjumlahan_109","penjumlahan","Berapakah jumlah semua 🍌 jika digabungkan?","emoji","🍌",5,1,"+",6,20,"","5 ditambah 1 hasilnya adalah 6!"
"q_math_penjumlahan_110","penjumlahan","Berapakah jumlah semua 🍭 jika digabungkan?","emoji","🍭",1,3,"+",4,20,"","1 ditambah 3 hasilnya adalah 4!"
"q_math_penjumlahan_111","penjumlahan","Berapakah jumlah semua 🍕 jika digabungkan?","emoji","🍕",1,1,"+",2,20,"","1 ditambah 1 hasilnya adalah 2!"
"q_math_penjumlahan_112","penjumlahan","Berapakah jumlah semua 🦁 jika digabungkan?","emoji","🦁",3,1,"+",4,20,"","3 ditambah 1 hasilnya adalah 4!"
"q_math_penjumlahan_113","penjumlahan","Berapakah jumlah semua 🍇 jika digabungkan?","emoji","🍇",3,3,"+",6,20,"","3 ditambah 3 hasilnya adalah 6!"
"q_math_penjumlahan_114","penjumlahan","Berapakah jumlah semua 🐞 jika digabungkan?","emoji","🐞",3,3,"+",6,20,"","3 ditambah 3 hasilnya adalah 6!"
"q_math_penjumlahan_115","penjumlahan","Berapakah jumlah semua 🛸 jika digabungkan?","emoji","🛸",4,1,"+",5,20,"","4 ditambah 1 hasilnya adalah 5!"
"q_math_penjumlahan_116","penjumlahan","Berapakah jumlah semua 🐧 jika digabungkan?","emoji","🐧",2,1,"+",3,20,"","2 ditambah 1 hasilnya adalah 3!"
"q_math_penjumlahan_117","penjumlahan","Berapakah jumlah semua 🧸 jika digabungkan?","emoji","🧸",6,1,"+",7,20,"","6 ditambah 1 hasilnya adalah 7!"
"q_math_penjumlahan_118","penjumlahan","Berapakah jumlah semua 🐬 jika digabungkan?","emoji","🐬",1,3,"+",4,20,"","1 ditambah 3 hasilnya adalah 4!"
"q_math_penjumlahan_119","penjumlahan","Berapakah jumlah semua 🍟 jika digabungkan?","emoji","🍟",5,4,"+",9,20,"","5 ditambah 4 hasilnya adalah 9!"
"q_math_penjumlahan_120","penjumlahan","Berapakah jumlah semua 🍎 jika digabungkan?","emoji","🍎",5,2,"+",7,20,"","5 ditambah 2 hasilnya adalah 7!"
"q_math_penjumlahan_121","penjumlahan","Berapakah jumlah semua 🎈 jika digabungkan?","emoji","🎈",6,1,"+",7,20,"","6 ditambah 1 hasilnya adalah 7!"
"q_math_penjumlahan_122","penjumlahan","Berapakah jumlah semua ⭐️ jika digabungkan?","emoji","⭐️",1,1,"+",2,20,"","1 ditambah 1 hasilnya adalah 2!"
"q_math_penjumlahan_123","penjumlahan","Berapakah jumlah semua 🍩 jika digabungkan?","emoji","🍩",1,6,"+",7,20,"","1 ditambah 6 hasilnya adalah 7!"
"q_math_penjumlahan_124","penjumlahan","Berapakah jumlah semua 🚗 jika digabungkan?","emoji","🚗",7,2,"+",9,20,"","7 ditambah 2 hasilnya adalah 9!"
"q_math_penjumlahan_125","penjumlahan","Berapakah jumlah semua 🐰 jika digabungkan?","emoji","🐰",6,2,"+",8,20,"","6 ditambah 2 hasilnya adalah 8!"
"q_math_penjumlahan_126","penjumlahan","Berapakah jumlah semua 🍬 jika digabungkan?","emoji","🍬",6,1,"+",7,20,"","6 ditambah 1 hasilnya adalah 7!"
"q_math_penjumlahan_127","penjumlahan","Berapakah jumlah semua 🐥 jika digabungkan?","emoji","🐥",5,1,"+",6,20,"","5 ditambah 1 hasilnya adalah 6!"
"q_math_penjumlahan_128","penjumlahan","Berapakah jumlah semua 🍦 jika digabungkan?","emoji","🍦",1,4,"+",5,20,"","1 ditambah 4 hasilnya adalah 5!"
"q_math_penjumlahan_129","penjumlahan","Berapakah jumlah semua 🌸 jika digabungkan?","emoji","🌸",6,1,"+",7,20,"","6 ditambah 1 hasilnya adalah 7!"
"q_math_penjumlahan_130","penjumlahan","Berapakah jumlah semua 🍓 jika digabungkan?","emoji","🍓",1,4,"+",5,20,"","1 ditambah 4 hasilnya adalah 5!"
"q_math_penjumlahan_131","penjumlahan","Berapakah jumlah semua 🐢 jika digabungkan?","emoji","🐢",5,2,"+",7,20,"","5 ditambah 2 hasilnya adalah 7!"
"q_math_penjumlahan_132","penjumlahan","Berapakah jumlah semua 🚀 jika digabungkan?","emoji","🚀",1,4,"+",5,20,"","1 ditambah 4 hasilnya adalah 5!"
"q_math_penjumlahan_133","penjumlahan","Berapakah jumlah semua 🐼 jika digabungkan?","emoji","🐼",4,1,"+",5,20,"","4 ditambah 1 hasilnya adalah 5!"
"q_math_penjumlahan_134","penjumlahan","Berapakah jumlah semua 🍰 jika digabungkan?","emoji","🍰",3,2,"+",5,20,"","3 ditambah 2 hasilnya adalah 5!"
"q_math_penjumlahan_135","penjumlahan","Berapakah jumlah semua 🐱 jika digabungkan?","emoji","🐱",1,5,"+",6,20,"","1 ditambah 5 hasilnya adalah 6!"
"q_math_penjumlahan_136","penjumlahan","Berapakah jumlah semua 🦖 jika digabungkan?","emoji","🦖",5,2,"+",7,20,"","5 ditambah 2 hasilnya adalah 7!"
"q_math_penjumlahan_137","penjumlahan","Berapakah jumlah semua ⚽ jika digabungkan?","emoji","⚽",4,5,"+",9,20,"","4 ditambah 5 hasilnya adalah 9!"
"q_math_penjumlahan_138","penjumlahan","Berapakah jumlah semua 🍪 jika digabungkan?","emoji","🍪",6,1,"+",7,20,"","6 ditambah 1 hasilnya adalah 7!"
"q_math_penjumlahan_139","penjumlahan","Berapakah jumlah semua 🍌 jika digabungkan?","emoji","🍌",3,1,"+",4,20,"","3 ditambah 1 hasilnya adalah 4!"
"q_math_penjumlahan_140","penjumlahan","Berapakah jumlah semua 🍭 jika digabungkan?","emoji","🍭",2,6,"+",8,20,"","2 ditambah 6 hasilnya adalah 8!"
"q_math_penjumlahan_141","penjumlahan","Berapakah jumlah semua 🍕 jika digabungkan?","emoji","🍕",1,1,"+",2,20,"","1 ditambah 1 hasilnya adalah 2!"
"q_math_penjumlahan_142","penjumlahan","Berapakah jumlah semua 🦁 jika digabungkan?","emoji","🦁",1,3,"+",4,20,"","1 ditambah 3 hasilnya adalah 4!"
"q_math_penjumlahan_143","penjumlahan","Berapakah jumlah semua 🍇 jika digabungkan?","emoji","🍇",2,3,"+",5,20,"","2 ditambah 3 hasilnya adalah 5!"
"q_math_penjumlahan_144","penjumlahan","Berapakah jumlah semua 🐞 jika digabungkan?","emoji","🐞",7,2,"+",9,20,"","7 ditambah 2 hasilnya adalah 9!"
"q_math_penjumlahan_145","penjumlahan","Berapakah jumlah semua 🛸 jika digabungkan?","emoji","🛸",1,1,"+",2,20,"","1 ditambah 1 hasilnya adalah 2!"
"q_math_penjumlahan_146","penjumlahan","Berapakah jumlah semua 🐧 jika digabungkan?","emoji","🐧",1,3,"+",4,20,"","1 ditambah 3 hasilnya adalah 4!"
"q_math_penjumlahan_147","penjumlahan","Berapakah jumlah semua 🧸 jika digabungkan?","emoji","🧸",3,4,"+",7,20,"","3 ditambah 4 hasilnya adalah 7!"
"q_math_penjumlahan_148","penjumlahan","Berapakah jumlah semua 🐬 jika digabungkan?","emoji","🐬",2,4,"+",6,20,"","2 ditambah 4 hasilnya adalah 6!"
"q_math_penjumlahan_149","penjumlahan","Berapakah jumlah semua 🍟 jika digabungkan?","emoji","🍟",5,2,"+",7,20,"","5 ditambah 2 hasilnya adalah 7!"
"q_math_penjumlahan_150","penjumlahan","Berapakah jumlah semua 🍎 jika digabungkan?","emoji","🍎",4,3,"+",7,20,"","4 ditambah 3 hasilnya adalah 7!"
"q_math_penjumlahan_151","penjumlahan","Berapakah jumlah semua 🎈 jika digabungkan?","emoji","🎈",4,5,"+",9,20,"","4 ditambah 5 hasilnya adalah 9!"
"q_math_penjumlahan_152","penjumlahan","Berapakah jumlah semua ⭐️ jika digabungkan?","emoji","⭐️",7,2,"+",9,20,"","7 ditambah 2 hasilnya adalah 9!"
"q_math_penjumlahan_153","penjumlahan","Berapakah jumlah semua 🍩 jika digabungkan?","emoji","🍩",1,1,"+",2,20,"","1 ditambah 1 hasilnya adalah 2!"
"q_math_penjumlahan_154","penjumlahan","Berapakah jumlah semua 🚗 jika digabungkan?","emoji","🚗",2,1,"+",3,20,"","2 ditambah 1 hasilnya adalah 3!"
"q_math_penjumlahan_155","penjumlahan","Berapakah jumlah semua 🐰 jika digabungkan?","emoji","🐰",4,4,"+",8,20,"","4 ditambah 4 hasilnya adalah 8!"
"q_math_penjumlahan_156","penjumlahan","Berapakah jumlah semua 🍬 jika digabungkan?","emoji","🍬",6,1,"+",7,20,"","6 ditambah 1 hasilnya adalah 7!"
"q_math_penjumlahan_157","penjumlahan","Berapakah jumlah semua 🐥 jika digabungkan?","emoji","🐥",1,2,"+",3,20,"","1 ditambah 2 hasilnya adalah 3!"
"q_math_penjumlahan_158","penjumlahan","Berapakah jumlah semua 🍦 jika digabungkan?","emoji","🍦",1,3,"+",4,20,"","1 ditambah 3 hasilnya adalah 4!"
"q_math_penjumlahan_159","penjumlahan","Berapakah jumlah semua 🌸 jika digabungkan?","emoji","🌸",6,3,"+",9,20,"","6 ditambah 3 hasilnya adalah 9!"
"q_math_penjumlahan_160","penjumlahan","Berapakah jumlah semua 🍓 jika digabungkan?","emoji","🍓",4,5,"+",9,20,"","4 ditambah 5 hasilnya adalah 9!"
"q_math_penjumlahan_161","penjumlahan","Berapakah jumlah semua 🐢 jika digabungkan?","emoji","🐢",1,8,"+",9,20,"","1 ditambah 8 hasilnya adalah 9!"
"q_math_penjumlahan_162","penjumlahan","Berapakah jumlah semua 🚀 jika digabungkan?","emoji","🚀",2,1,"+",3,20,"","2 ditambah 1 hasilnya adalah 3!"
"q_math_penjumlahan_163","penjumlahan","Berapakah jumlah semua 🐼 jika digabungkan?","emoji","🐼",1,2,"+",3,20,"","1 ditambah 2 hasilnya adalah 3!"
"q_math_penjumlahan_164","penjumlahan","Berapakah jumlah semua 🍰 jika digabungkan?","emoji","🍰",5,1,"+",6,20,"","5 ditambah 1 hasilnya adalah 6!"
"q_math_penjumlahan_165","penjumlahan","Berapakah jumlah semua 🐱 jika digabungkan?","emoji","🐱",4,1,"+",5,20,"","4 ditambah 1 hasilnya adalah 5!"
"q_math_penjumlahan_166","penjumlahan","Berapakah jumlah semua 🦖 jika digabungkan?","emoji","🦖",2,2,"+",4,20,"","2 ditambah 2 hasilnya adalah 4!"
"q_math_penjumlahan_167","penjumlahan","Berapakah jumlah semua ⚽ jika digabungkan?","emoji","⚽",1,5,"+",6,20,"","1 ditambah 5 hasilnya adalah 6!"
"q_math_penjumlahan_168","penjumlahan","Berapakah jumlah semua 🍪 jika digabungkan?","emoji","🍪",3,2,"+",5,20,"","3 ditambah 2 hasilnya adalah 5!"
"q_math_penjumlahan_169","penjumlahan","Berapakah jumlah semua 🍌 jika digabungkan?","emoji","🍌",2,4,"+",6,20,"","2 ditambah 4 hasilnya adalah 6!"
"q_math_penjumlahan_170","penjumlahan","Berapakah jumlah semua 🍭 jika digabungkan?","emoji","🍭",1,1,"+",2,20,"","1 ditambah 1 hasilnya adalah 2!"
"q_math_penjumlahan_171","penjumlahan","Berapakah jumlah semua 🍕 jika digabungkan?","emoji","🍕",1,6,"+",7,20,"","1 ditambah 6 hasilnya adalah 7!"
"q_math_penjumlahan_172","penjumlahan","Berapakah jumlah semua 🦁 jika digabungkan?","emoji","🦁",1,2,"+",3,20,"","1 ditambah 2 hasilnya adalah 3!"
"q_math_penjumlahan_173","penjumlahan","Berapakah jumlah semua 🍇 jika digabungkan?","emoji","🍇",4,4,"+",8,20,"","4 ditambah 4 hasilnya adalah 8!"
"q_math_penjumlahan_174","penjumlahan","Berapakah jumlah semua 🐞 jika digabungkan?","emoji","🐞",1,1,"+",2,20,"","1 ditambah 1 hasilnya adalah 2!"
"q_math_penjumlahan_175","penjumlahan","Berapakah jumlah semua 🛸 jika digabungkan?","emoji","🛸",1,6,"+",7,20,"","1 ditambah 6 hasilnya adalah 7!"
"q_math_penjumlahan_176","penjumlahan","Berapakah jumlah semua 🐧 jika digabungkan?","emoji","🐧",4,3,"+",7,20,"","4 ditambah 3 hasilnya adalah 7!"
"q_math_penjumlahan_177","penjumlahan","Berapakah jumlah semua 🧸 jika digabungkan?","emoji","🧸",5,4,"+",9,20,"","5 ditambah 4 hasilnya adalah 9!"
"q_math_penjumlahan_178","penjumlahan","Berapakah jumlah semua 🐬 jika digabungkan?","emoji","🐬",1,1,"+",2,20,"","1 ditambah 1 hasilnya adalah 2!"
"q_math_penjumlahan_179","penjumlahan","Berapakah jumlah semua 🍟 jika digabungkan?","emoji","🍟",2,6,"+",8,20,"","2 ditambah 6 hasilnya adalah 8!"
"q_math_penjumlahan_180","penjumlahan","Berapakah jumlah semua 🍎 jika digabungkan?","emoji","🍎",1,3,"+",4,20,"","1 ditambah 3 hasilnya adalah 4!"
"q_math_penjumlahan_181","penjumlahan","Berapakah jumlah semua 🎈 jika digabungkan?","emoji","🎈",2,1,"+",3,20,"","2 ditambah 1 hasilnya adalah 3!"
"q_math_penjumlahan_182","penjumlahan","Berapakah jumlah semua ⭐️ jika digabungkan?","emoji","⭐️",5,2,"+",7,20,"","5 ditambah 2 hasilnya adalah 7!"
"q_math_penjumlahan_183","penjumlahan","Berapakah jumlah semua 🍩 jika digabungkan?","emoji","🍩",7,2,"+",9,20,"","7 ditambah 2 hasilnya adalah 9!"
"q_math_penjumlahan_184","penjumlahan","Berapakah jumlah semua 🚗 jika digabungkan?","emoji","🚗",5,1,"+",6,20,"","5 ditambah 1 hasilnya adalah 6!"
"q_math_penjumlahan_185","penjumlahan","Berapakah jumlah semua 🐰 jika digabungkan?","emoji","🐰",1,3,"+",4,20,"","1 ditambah 3 hasilnya adalah 4!"
"q_math_penjumlahan_186","penjumlahan","Berapakah jumlah semua 🍬 jika digabungkan?","emoji","🍬",3,1,"+",4,20,"","3 ditambah 1 hasilnya adalah 4!"
"q_math_penjumlahan_187","penjumlahan","Berapakah jumlah semua 🐥 jika digabungkan?","emoji","🐥",1,1,"+",2,20,"","1 ditambah 1 hasilnya adalah 2!"
"q_math_penjumlahan_188","penjumlahan","Berapakah jumlah semua 🍦 jika digabungkan?","emoji","🍦",4,3,"+",7,20,"","4 ditambah 3 hasilnya adalah 7!"
"q_math_penjumlahan_189","penjumlahan","Berapakah jumlah semua 🌸 jika digabungkan?","emoji","🌸",1,1,"+",2,20,"","1 ditambah 1 hasilnya adalah 2!"
"q_math_penjumlahan_190","penjumlahan","Berapakah jumlah semua 🍓 jika digabungkan?","emoji","🍓",1,4,"+",5,20,"","1 ditambah 4 hasilnya adalah 5!"
"q_math_penjumlahan_191","penjumlahan","Berapakah jumlah semua 🐢 jika digabungkan?","emoji","🐢",3,1,"+",4,20,"","3 ditambah 1 hasilnya adalah 4!"
"q_math_penjumlahan_192","penjumlahan","Berapakah jumlah semua 🚀 jika digabungkan?","emoji","🚀",4,3,"+",7,20,"","4 ditambah 3 hasilnya adalah 7!"
"q_math_penjumlahan_193","penjumlahan","Berapakah jumlah semua 🐼 jika digabungkan?","emoji","🐼",2,3,"+",5,20,"","2 ditambah 3 hasilnya adalah 5!"
"q_math_penjumlahan_194","penjumlahan","Berapakah jumlah semua 🍰 jika digabungkan?","emoji","🍰",2,1,"+",3,20,"","2 ditambah 1 hasilnya adalah 3!"
"q_math_penjumlahan_195","penjumlahan","Berapakah jumlah semua 🐱 jika digabungkan?","emoji","🐱",2,1,"+",3,20,"","2 ditambah 1 hasilnya adalah 3!"
"q_math_penjumlahan_196","penjumlahan","Berapakah jumlah semua 🦖 jika digabungkan?","emoji","🦖",2,6,"+",8,20,"","2 ditambah 6 hasilnya adalah 8!"
"q_math_penjumlahan_197","penjumlahan","Berapakah jumlah semua ⚽ jika digabungkan?","emoji","⚽",1,8,"+",9,20,"","1 ditambah 8 hasilnya adalah 9!"
"q_math_penjumlahan_198","penjumlahan","Berapakah jumlah semua 🍪 jika digabungkan?","emoji","🍪",4,3,"+",7,20,"","4 ditambah 3 hasilnya adalah 7!"
"q_math_penjumlahan_199","penjumlahan","Berapakah jumlah semua 🍌 jika digabungkan?","emoji","🍌",3,2,"+",5,20,"","3 ditambah 2 hasilnya adalah 5!"
"q_math_penjumlahan_200","penjumlahan","Berapakah jumlah semua 🍭 jika digabungkan?","emoji","🍭",2,6,"+",8,20,"","2 ditambah 6 hasilnya adalah 8!"
"q_math_penjumlahan_201","penjumlahan","Berapakah jumlah semua 🍕 jika digabungkan?","emoji","🍕",2,6,"+",8,20,"","2 ditambah 6 hasilnya adalah 8!"
"q_math_penjumlahan_202","penjumlahan","Berapakah jumlah semua 🦁 jika digabungkan?","emoji","🦁",1,1,"+",2,20,"","1 ditambah 1 hasilnya adalah 2!"
"q_math_penjumlahan_203","penjumlahan","Berapakah jumlah semua 🍇 jika digabungkan?","emoji","🍇",1,3,"+",4,20,"","1 ditambah 3 hasilnya adalah 4!"
"q_math_penjumlahan_204","penjumlahan","Berapakah jumlah semua 🐞 jika digabungkan?","emoji","🐞",1,7,"+",8,20,"","1 ditambah 7 hasilnya adalah 8!"
"q_math_penjumlahan_205","penjumlahan","Berapakah jumlah semua 🛸 jika digabungkan?","emoji","🛸",2,1,"+",3,20,"","2 ditambah 1 hasilnya adalah 3!"
"q_math_penjumlahan_206","penjumlahan","Berapakah jumlah semua 🐧 jika digabungkan?","emoji","🐧",1,2,"+",3,20,"","1 ditambah 2 hasilnya adalah 3!"
"q_math_penjumlahan_207","penjumlahan","Berapakah jumlah semua 🧸 jika digabungkan?","emoji","🧸",2,3,"+",5,20,"","2 ditambah 3 hasilnya adalah 5!"
"q_math_penjumlahan_208","penjumlahan","Berapakah jumlah semua 🐬 jika digabungkan?","emoji","🐬",1,1,"+",2,20,"","1 ditambah 1 hasilnya adalah 2!"
"q_math_penjumlahan_209","penjumlahan","Berapakah jumlah semua 🍟 jika digabungkan?","emoji","🍟",4,3,"+",7,20,"","4 ditambah 3 hasilnya adalah 7!"
"q_math_penjumlahan_210","penjumlahan","Berapakah jumlah semua 🍎 jika digabungkan?","emoji","🍎",2,6,"+",8,20,"","2 ditambah 6 hasilnya adalah 8!"
"q_math_penjumlahan_211","penjumlahan","Berapakah jumlah semua 🎈 jika digabungkan?","emoji","🎈",3,3,"+",6,20,"","3 ditambah 3 hasilnya adalah 6!"
"q_math_penjumlahan_212","penjumlahan","Berapakah jumlah semua ⭐️ jika digabungkan?","emoji","⭐️",3,1,"+",4,20,"","3 ditambah 1 hasilnya adalah 4!"
"q_math_penjumlahan_213","penjumlahan","Berapakah jumlah semua 🍩 jika digabungkan?","emoji","🍩",3,3,"+",6,20,"","3 ditambah 3 hasilnya adalah 6!"
"q_math_penjumlahan_214","penjumlahan","Berapakah jumlah semua 🚗 jika digabungkan?","emoji","🚗",2,4,"+",6,20,"","2 ditambah 4 hasilnya adalah 6!"
"q_math_penjumlahan_215","penjumlahan","Berapakah jumlah semua 🐰 jika digabungkan?","emoji","🐰",1,1,"+",2,20,"","1 ditambah 1 hasilnya adalah 2!"
"q_math_penjumlahan_216","penjumlahan","Berapakah jumlah semua 🍬 jika digabungkan?","emoji","🍬",2,7,"+",9,20,"","2 ditambah 7 hasilnya adalah 9!"
"q_math_penjumlahan_217","penjumlahan","Berapakah jumlah semua 🐥 jika digabungkan?","emoji","🐥",2,3,"+",5,20,"","2 ditambah 3 hasilnya adalah 5!"
"q_math_penjumlahan_218","penjumlahan","Berapakah jumlah semua 🍦 jika digabungkan?","emoji","🍦",1,4,"+",5,20,"","1 ditambah 4 hasilnya adalah 5!"
"q_math_penjumlahan_219","penjumlahan","Berapakah jumlah semua 🌸 jika digabungkan?","emoji","🌸",5,2,"+",7,20,"","5 ditambah 2 hasilnya adalah 7!"
"q_math_penjumlahan_220","penjumlahan","Berapakah jumlah semua 🍓 jika digabungkan?","emoji","🍓",1,1,"+",2,20,"","1 ditambah 1 hasilnya adalah 2!"
"q_math_penjumlahan_221","penjumlahan","Berapakah jumlah semua 🐢 jika digabungkan?","emoji","🐢",7,1,"+",8,20,"","7 ditambah 1 hasilnya adalah 8!"
"q_math_penjumlahan_222","penjumlahan","Berapakah jumlah semua 🚀 jika digabungkan?","emoji","🚀",4,3,"+",7,20,"","4 ditambah 3 hasilnya adalah 7!"
"q_math_penjumlahan_223","penjumlahan","Berapakah jumlah semua 🐼 jika digabungkan?","emoji","🐼",3,5,"+",8,20,"","3 ditambah 5 hasilnya adalah 8!"
"q_math_penjumlahan_224","penjumlahan","Berapakah jumlah semua 🍰 jika digabungkan?","emoji","🍰",1,2,"+",3,20,"","1 ditambah 2 hasilnya adalah 3!"
"q_math_penjumlahan_225","penjumlahan","Berapakah jumlah semua 🐱 jika digabungkan?","emoji","🐱",1,3,"+",4,20,"","1 ditambah 3 hasilnya adalah 4!"
"q_math_penjumlahan_226","penjumlahan","Berapakah jumlah semua 🦖 jika digabungkan?","emoji","🦖",3,2,"+",5,20,"","3 ditambah 2 hasilnya adalah 5!"
"q_math_penjumlahan_227","penjumlahan","Berapakah jumlah semua ⚽ jika digabungkan?","emoji","⚽",1,5,"+",6,20,"","1 ditambah 5 hasilnya adalah 6!"
"q_math_penjumlahan_228","penjumlahan","Berapakah jumlah semua 🍪 jika digabungkan?","emoji","🍪",1,7,"+",8,20,"","1 ditambah 7 hasilnya adalah 8!"
"q_math_penjumlahan_229","penjumlahan","Berapakah jumlah semua 🍌 jika digabungkan?","emoji","🍌",1,7,"+",8,20,"","1 ditambah 7 hasilnya adalah 8!"
"q_math_penjumlahan_230","penjumlahan","Berapakah jumlah semua 🍭 jika digabungkan?","emoji","🍭",2,1,"+",3,20,"","2 ditambah 1 hasilnya adalah 3!"
"q_math_penjumlahan_231","penjumlahan","Berapakah jumlah semua 🍕 jika digabungkan?","emoji","🍕",1,6,"+",7,20,"","1 ditambah 6 hasilnya adalah 7!"
"q_math_penjumlahan_232","penjumlahan","Berapakah jumlah semua 🦁 jika digabungkan?","emoji","🦁",1,4,"+",5,20,"","1 ditambah 4 hasilnya adalah 5!"
"q_math_penjumlahan_233","penjumlahan","Berapakah jumlah semua 🍇 jika digabungkan?","emoji","🍇",1,1,"+",2,20,"","1 ditambah 1 hasilnya adalah 2!"
"q_math_penjumlahan_234","penjumlahan","Berapakah jumlah semua 🐞 jika digabungkan?","emoji","🐞",2,3,"+",5,20,"","2 ditambah 3 hasilnya adalah 5!"
"q_math_penjumlahan_235","penjumlahan","Berapakah jumlah semua 🛸 jika digabungkan?","emoji","🛸",4,5,"+",9,20,"","4 ditambah 5 hasilnya adalah 9!"
"q_math_penjumlahan_236","penjumlahan","Berapakah jumlah semua 🐧 jika digabungkan?","emoji","🐧",3,2,"+",5,20,"","3 ditambah 2 hasilnya adalah 5!"
"q_math_penjumlahan_237","penjumlahan","Berapakah jumlah semua 🧸 jika digabungkan?","emoji","🧸",4,5,"+",9,20,"","4 ditambah 5 hasilnya adalah 9!"
"q_math_penjumlahan_238","penjumlahan","Berapakah jumlah semua 🐬 jika digabungkan?","emoji","🐬",1,2,"+",3,20,"","1 ditambah 2 hasilnya adalah 3!"
"q_math_penjumlahan_239","penjumlahan","Berapakah jumlah semua 🍟 jika digabungkan?","emoji","🍟",2,1,"+",3,20,"","2 ditambah 1 hasilnya adalah 3!"
"q_math_penjumlahan_240","penjumlahan","Berapakah jumlah semua 🍎 jika digabungkan?","emoji","🍎",4,1,"+",5,20,"","4 ditambah 1 hasilnya adalah 5!"
"q_math_penjumlahan_241","penjumlahan","Berapakah jumlah semua 🎈 jika digabungkan?","emoji","🎈",4,5,"+",9,20,"","4 ditambah 5 hasilnya adalah 9!"
"q_math_penjumlahan_242","penjumlahan","Berapakah jumlah semua ⭐️ jika digabungkan?","emoji","⭐️",1,7,"+",8,20,"","1 ditambah 7 hasilnya adalah 8!"
"q_math_penjumlahan_243","penjumlahan","Berapakah jumlah semua 🍩 jika digabungkan?","emoji","🍩",1,4,"+",5,20,"","1 ditambah 4 hasilnya adalah 5!"
"q_math_penjumlahan_244","penjumlahan","Berapakah jumlah semua 🚗 jika digabungkan?","emoji","🚗",1,1,"+",2,20,"","1 ditambah 1 hasilnya adalah 2!"
"q_math_penjumlahan_245","penjumlahan","Berapakah jumlah semua 🐰 jika digabungkan?","emoji","🐰",2,2,"+",4,20,"","2 ditambah 2 hasilnya adalah 4!"
"q_math_penjumlahan_246","penjumlahan","Berapakah jumlah semua 🍬 jika digabungkan?","emoji","🍬",2,2,"+",4,20,"","2 ditambah 2 hasilnya adalah 4!"
"q_math_penjumlahan_247","penjumlahan","Berapakah jumlah semua 🐥 jika digabungkan?","emoji","🐥",1,1,"+",2,20,"","1 ditambah 1 hasilnya adalah 2!"
"q_math_penjumlahan_248","penjumlahan","Berapakah jumlah semua 🍦 jika digabungkan?","emoji","🍦",4,1,"+",5,20,"","4 ditambah 1 hasilnya adalah 5!"
"q_math_penjumlahan_249","penjumlahan","Berapakah jumlah semua 🌸 jika digabungkan?","emoji","🌸",2,5,"+",7,20,"","2 ditambah 5 hasilnya adalah 7!"
"q_math_penjumlahan_250","penjumlahan","Berapakah jumlah semua 🍓 jika digabungkan?","emoji","🍓",2,1,"+",3,20,"","2 ditambah 1 hasilnya adalah 3!"
"q_math_penjumlahan_251","penjumlahan","Berapakah jumlah semua 🐢 jika digabungkan?","emoji","🐢",2,7,"+",9,20,"","2 ditambah 7 hasilnya adalah 9!"
"q_math_penjumlahan_252","penjumlahan","Berapakah jumlah semua 🚀 jika digabungkan?","emoji","🚀",2,5,"+",7,20,"","2 ditambah 5 hasilnya adalah 7!"
"q_math_penjumlahan_253","penjumlahan","Berapakah jumlah semua 🐼 jika digabungkan?","emoji","🐼",2,2,"+",4,20,"","2 ditambah 2 hasilnya adalah 4!"
"q_math_penjumlahan_254","penjumlahan","Berapakah jumlah semua 🍰 jika digabungkan?","emoji","🍰",3,6,"+",9,20,"","3 ditambah 6 hasilnya adalah 9!"
"q_math_penjumlahan_255","penjumlahan","Berapakah jumlah semua 🐱 jika digabungkan?","emoji","🐱",2,2,"+",4,20,"","2 ditambah 2 hasilnya adalah 4!"
"q_math_penjumlahan_256","penjumlahan","Berapakah jumlah semua 🦖 jika digabungkan?","emoji","🦖",5,2,"+",7,20,"","5 ditambah 2 hasilnya adalah 7!"
"q_math_penjumlahan_257","penjumlahan","Berapakah jumlah semua ⚽ jika digabungkan?","emoji","⚽",5,2,"+",7,20,"","5 ditambah 2 hasilnya adalah 7!"
"q_math_penjumlahan_258","penjumlahan","Berapakah jumlah semua 🍪 jika digabungkan?","emoji","🍪",4,2,"+",6,20,"","4 ditambah 2 hasilnya adalah 6!"
"q_math_penjumlahan_259","penjumlahan","Berapakah jumlah semua 🍌 jika digabungkan?","emoji","🍌",2,7,"+",9,20,"","2 ditambah 7 hasilnya adalah 9!"
"q_math_penjumlahan_260","penjumlahan","Berapakah jumlah semua 🍭 jika digabungkan?","emoji","🍭",2,7,"+",9,20,"","2 ditambah 7 hasilnya adalah 9!"
"q_math_penjumlahan_261","penjumlahan","Berapakah jumlah semua 🍕 jika digabungkan?","emoji","🍕",1,6,"+",7,20,"","1 ditambah 6 hasilnya adalah 7!"
"q_math_penjumlahan_262","penjumlahan","Berapakah jumlah semua 🦁 jika digabungkan?","emoji","🦁",1,2,"+",3,20,"","1 ditambah 2 hasilnya adalah 3!"
"q_math_penjumlahan_263","penjumlahan","Berapakah jumlah semua 🍇 jika digabungkan?","emoji","🍇",2,7,"+",9,20,"","2 ditambah 7 hasilnya adalah 9!"
"q_math_penjumlahan_264","penjumlahan","Berapakah jumlah semua 🐞 jika digabungkan?","emoji","🐞",5,3,"+",8,20,"","5 ditambah 3 hasilnya adalah 8!"
"q_math_penjumlahan_265","penjumlahan","Berapakah jumlah semua 🛸 jika digabungkan?","emoji","🛸",3,3,"+",6,20,"","3 ditambah 3 hasilnya adalah 6!"
"q_math_penjumlahan_266","penjumlahan","Berapakah jumlah semua 🐧 jika digabungkan?","emoji","🐧",1,1,"+",2,20,"","1 ditambah 1 hasilnya adalah 2!"
"q_math_penjumlahan_267","penjumlahan","Berapakah jumlah semua 🧸 jika digabungkan?","emoji","🧸",1,2,"+",3,20,"","1 ditambah 2 hasilnya adalah 3!"
"q_math_penjumlahan_268","penjumlahan","Berapakah jumlah semua 🐬 jika digabungkan?","emoji","🐬",5,3,"+",8,20,"","5 ditambah 3 hasilnya adalah 8!"
"q_math_penjumlahan_269","penjumlahan","Berapakah jumlah semua 🍟 jika digabungkan?","emoji","🍟",2,6,"+",8,20,"","2 ditambah 6 hasilnya adalah 8!"
"q_math_penjumlahan_270","penjumlahan","Berapakah jumlah semua 🍎 jika digabungkan?","emoji","🍎",4,3,"+",7,20,"","4 ditambah 3 hasilnya adalah 7!"
"q_math_penjumlahan_271","penjumlahan","Berapakah jumlah semua 🎈 jika digabungkan?","emoji","🎈",4,1,"+",5,20,"","4 ditambah 1 hasilnya adalah 5!"
"q_math_penjumlahan_272","penjumlahan","Berapakah jumlah semua ⭐️ jika digabungkan?","emoji","⭐️",1,3,"+",4,20,"","1 ditambah 3 hasilnya adalah 4!"
"q_math_penjumlahan_273","penjumlahan","Berapakah jumlah semua 🍩 jika digabungkan?","emoji","🍩",2,5,"+",7,20,"","2 ditambah 5 hasilnya adalah 7!"
"q_math_penjumlahan_274","penjumlahan","Berapakah jumlah semua 🚗 jika digabungkan?","emoji","🚗",2,4,"+",6,20,"","2 ditambah 4 hasilnya adalah 6!"
"q_math_penjumlahan_275","penjumlahan","Berapakah jumlah semua 🐰 jika digabungkan?","emoji","🐰",3,2,"+",5,20,"","3 ditambah 2 hasilnya adalah 5!"
"q_math_penjumlahan_276","penjumlahan","Berapakah jumlah semua 🍬 jika digabungkan?","emoji","🍬",2,6,"+",8,20,"","2 ditambah 6 hasilnya adalah 8!"
"q_math_penjumlahan_277","penjumlahan","Berapakah jumlah semua 🐥 jika digabungkan?","emoji","🐥",3,1,"+",4,20,"","3 ditambah 1 hasilnya adalah 4!"
"q_math_penjumlahan_278","penjumlahan","Berapakah jumlah semua 🍦 jika digabungkan?","emoji","🍦",3,1,"+",4,20,"","3 ditambah 1 hasilnya adalah 4!"
"q_math_penjumlahan_279","penjumlahan","Berapakah jumlah semua 🌸 jika digabungkan?","emoji","🌸",7,1,"+",8,20,"","7 ditambah 1 hasilnya adalah 8!"
"q_math_penjumlahan_280","penjumlahan","Berapakah jumlah semua 🍓 jika digabungkan?","emoji","🍓",3,2,"+",5,20,"","3 ditambah 2 hasilnya adalah 5!"
"q_math_penjumlahan_281","penjumlahan","Berapakah jumlah semua 🐢 jika digabungkan?","emoji","🐢",1,2,"+",3,20,"","1 ditambah 2 hasilnya adalah 3!"
"q_math_penjumlahan_282","penjumlahan","Berapakah jumlah semua 🚀 jika digabungkan?","emoji","🚀",3,2,"+",5,20,"","3 ditambah 2 hasilnya adalah 5!"
"q_math_penjumlahan_283","penjumlahan","Berapakah jumlah semua 🐼 jika digabungkan?","emoji","🐼",3,2,"+",5,20,"","3 ditambah 2 hasilnya adalah 5!"
"q_math_penjumlahan_284","penjumlahan","Berapakah jumlah semua 🍰 jika digabungkan?","emoji","🍰",8,1,"+",9,20,"","8 ditambah 1 hasilnya adalah 9!"
"q_math_penjumlahan_285","penjumlahan","Berapakah jumlah semua 🐱 jika digabungkan?","emoji","🐱",8,1,"+",9,20,"","8 ditambah 1 hasilnya adalah 9!"
"q_math_penjumlahan_286","penjumlahan","Berapakah jumlah semua 🦖 jika digabungkan?","emoji","🦖",1,1,"+",2,20,"","1 ditambah 1 hasilnya adalah 2!"
"q_math_penjumlahan_287","penjumlahan","Berapakah jumlah semua ⚽ jika digabungkan?","emoji","⚽",2,7,"+",9,20,"","2 ditambah 7 hasilnya adalah 9!"
"q_math_penjumlahan_288","penjumlahan","Berapakah jumlah semua 🍪 jika digabungkan?","emoji","🍪",2,2,"+",4,20,"","2 ditambah 2 hasilnya adalah 4!"
"q_math_penjumlahan_289","penjumlahan","Berapakah jumlah semua 🍌 jika digabungkan?","emoji","🍌",3,4,"+",7,20,"","3 ditambah 4 hasilnya adalah 7!"
"q_math_penjumlahan_290","penjumlahan","Berapakah jumlah semua 🍭 jika digabungkan?","emoji","🍭",1,8,"+",9,20,"","1 ditambah 8 hasilnya adalah 9!"
"q_math_penjumlahan_291","penjumlahan","Berapakah jumlah semua 🍕 jika digabungkan?","emoji","🍕",1,5,"+",6,20,"","1 ditambah 5 hasilnya adalah 6!"
"q_math_penjumlahan_292","penjumlahan","Berapakah jumlah semua 🦁 jika digabungkan?","emoji","🦁",1,2,"+",3,20,"","1 ditambah 2 hasilnya adalah 3!"
"q_math_penjumlahan_293","penjumlahan","Berapakah jumlah semua 🍇 jika digabungkan?","emoji","🍇",4,1,"+",5,20,"","4 ditambah 1 hasilnya adalah 5!"
"q_math_penjumlahan_294","penjumlahan","Berapakah jumlah semua 🐞 jika digabungkan?","emoji","🐞",1,1,"+",2,20,"","1 ditambah 1 hasilnya adalah 2!"
"q_math_penjumlahan_295","penjumlahan","Berapakah jumlah semua 🛸 jika digabungkan?","emoji","🛸",1,1,"+",2,20,"","1 ditambah 1 hasilnya adalah 2!"
"q_math_penjumlahan_296","penjumlahan","Berapakah jumlah semua 🐧 jika digabungkan?","emoji","🐧",1,5,"+",6,20,"","1 ditambah 5 hasilnya adalah 6!"
"q_math_penjumlahan_297","penjumlahan","Berapakah jumlah semua 🧸 jika digabungkan?","emoji","🧸",1,4,"+",5,20,"","1 ditambah 4 hasilnya adalah 5!"
"q_math_penjumlahan_298","penjumlahan","Berapakah jumlah semua 🐬 jika digabungkan?","emoji","🐬",2,3,"+",5,20,"","2 ditambah 3 hasilnya adalah 5!"
"q_math_penjumlahan_299","penjumlahan","Berapakah jumlah semua 🍟 jika digabungkan?","emoji","🍟",2,1,"+",3,20,"","2 ditambah 1 hasilnya adalah 3!"
"q_math_penjumlahan_300","penjumlahan","Berapakah jumlah semua 🍎 jika digabungkan?","emoji","🍎",5,3,"+",8,20,"","5 ditambah 3 hasilnya adalah 8!"
"q_math_pengurangan_1","pengurangan","Berapakah sisa 🎈 setelah dikurangi?","emoji","🎈",5,2,"-",3,20,"","5 dikurangi 2 sisanya adalah 3!"
"q_math_pengurangan_2","pengurangan","Berapakah sisa ⭐️ setelah dikurangi?","emoji","⭐️",5,1,"-",4,20,"","5 dikurangi 1 sisanya adalah 4!"
"q_math_pengurangan_3","pengurangan","Berapakah sisa 🍩 setelah dikurangi?","emoji","🍩",8,4,"-",4,20,"","8 dikurangi 4 sisanya adalah 4!"
"q_math_pengurangan_4","pengurangan","Berapakah sisa 🚗 setelah dikurangi?","emoji","🚗",7,2,"-",5,20,"","7 dikurangi 2 sisanya adalah 5!"
"q_math_pengurangan_5","pengurangan","Berapakah sisa 🐰 setelah dikurangi?","emoji","🐰",8,2,"-",6,20,"","8 dikurangi 2 sisanya adalah 6!"
"q_math_pengurangan_6","pengurangan","Berapakah sisa 🍬 setelah dikurangi?","emoji","🍬",8,4,"-",4,20,"","8 dikurangi 4 sisanya adalah 4!"
"q_math_pengurangan_7","pengurangan","Berapakah sisa 🐥 setelah dikurangi?","emoji","🐥",9,8,"-",1,20,"","9 dikurangi 8 sisanya adalah 1!"
"q_math_pengurangan_8","pengurangan","Berapakah sisa 🍦 setelah dikurangi?","emoji","🍦",8,4,"-",4,20,"","8 dikurangi 4 sisanya adalah 4!"
"q_math_pengurangan_9","pengurangan","Berapakah sisa 🌸 setelah dikurangi?","emoji","🌸",8,2,"-",6,20,"","8 dikurangi 2 sisanya adalah 6!"
"q_math_pengurangan_10","pengurangan","Berapakah sisa 🍓 setelah dikurangi?","emoji","🍓",4,3,"-",1,20,"","4 dikurangi 3 sisanya adalah 1!"
"q_math_pengurangan_11","pengurangan","Berapakah sisa 🐢 setelah dikurangi?","emoji","🐢",7,3,"-",4,20,"","7 dikurangi 3 sisanya adalah 4!"
"q_math_pengurangan_12","pengurangan","Berapakah sisa 🚀 setelah dikurangi?","emoji","🚀",5,4,"-",1,20,"","5 dikurangi 4 sisanya adalah 1!"
"q_math_pengurangan_13","pengurangan","Berapakah sisa 🐼 setelah dikurangi?","emoji","🐼",7,2,"-",5,20,"","7 dikurangi 2 sisanya adalah 5!"
"q_math_pengurangan_14","pengurangan","Berapakah sisa 🍰 setelah dikurangi?","emoji","🍰",9,1,"-",8,20,"","9 dikurangi 1 sisanya adalah 8!"
"q_math_pengurangan_15","pengurangan","Berapakah sisa 🐱 setelah dikurangi?","emoji","🐱",8,4,"-",4,20,"","8 dikurangi 4 sisanya adalah 4!"
"q_math_pengurangan_16","pengurangan","Berapakah sisa 🦖 setelah dikurangi?","emoji","🦖",3,2,"-",1,20,"","3 dikurangi 2 sisanya adalah 1!"
"q_math_pengurangan_17","pengurangan","Berapakah sisa ⚽ setelah dikurangi?","emoji","⚽",8,1,"-",7,20,"","8 dikurangi 1 sisanya adalah 7!"
"q_math_pengurangan_18","pengurangan","Berapakah sisa 🍪 setelah dikurangi?","emoji","🍪",7,2,"-",5,20,"","7 dikurangi 2 sisanya adalah 5!"
"q_math_pengurangan_19","pengurangan","Berapakah sisa 🍌 setelah dikurangi?","emoji","🍌",9,3,"-",6,20,"","9 dikurangi 3 sisanya adalah 6!"
"q_math_pengurangan_20","pengurangan","Berapakah sisa 🍭 setelah dikurangi?","emoji","🍭",6,3,"-",3,20,"","6 dikurangi 3 sisanya adalah 3!"
"q_math_pengurangan_21","pengurangan","Berapakah sisa 🍕 setelah dikurangi?","emoji","🍕",9,4,"-",5,20,"","9 dikurangi 4 sisanya adalah 5!"
"q_math_pengurangan_22","pengurangan","Berapakah sisa 🦁 setelah dikurangi?","emoji","🦁",3,2,"-",1,20,"","3 dikurangi 2 sisanya adalah 1!"
"q_math_pengurangan_23","pengurangan","Berapakah sisa 🍇 setelah dikurangi?","emoji","🍇",3,2,"-",1,20,"","3 dikurangi 2 sisanya adalah 1!"
"q_math_pengurangan_24","pengurangan","Berapakah sisa 🐞 setelah dikurangi?","emoji","🐞",9,6,"-",3,20,"","9 dikurangi 6 sisanya adalah 3!"
"q_math_pengurangan_25","pengurangan","Berapakah sisa 🛸 setelah dikurangi?","emoji","🛸",4,3,"-",1,20,"","4 dikurangi 3 sisanya adalah 1!"
"q_math_pengurangan_26","pengurangan","Berapakah sisa 🐧 setelah dikurangi?","emoji","🐧",5,1,"-",4,20,"","5 dikurangi 1 sisanya adalah 4!"
"q_math_pengurangan_27","pengurangan","Berapakah sisa 🧸 setelah dikurangi?","emoji","🧸",9,6,"-",3,20,"","9 dikurangi 6 sisanya adalah 3!"
"q_math_pengurangan_28","pengurangan","Berapakah sisa 🐬 setelah dikurangi?","emoji","🐬",4,2,"-",2,20,"","4 dikurangi 2 sisanya adalah 2!"
"q_math_pengurangan_29","pengurangan","Berapakah sisa 🍟 setelah dikurangi?","emoji","🍟",8,4,"-",4,20,"","8 dikurangi 4 sisanya adalah 4!"
"q_math_pengurangan_30","pengurangan","Berapakah sisa 🍎 setelah dikurangi?","emoji","🍎",4,1,"-",3,20,"","4 dikurangi 1 sisanya adalah 3!"
"q_math_pengurangan_31","pengurangan","Berapakah sisa 🎈 setelah dikurangi?","emoji","🎈",9,4,"-",5,20,"","9 dikurangi 4 sisanya adalah 5!"
"q_math_pengurangan_32","pengurangan","Berapakah sisa ⭐️ setelah dikurangi?","emoji","⭐️",9,4,"-",5,20,"","9 dikurangi 4 sisanya adalah 5!"
"q_math_pengurangan_33","pengurangan","Berapakah sisa 🍩 setelah dikurangi?","emoji","🍩",5,3,"-",2,20,"","5 dikurangi 3 sisanya adalah 2!"
"q_math_pengurangan_34","pengurangan","Berapakah sisa 🚗 setelah dikurangi?","emoji","🚗",9,4,"-",5,20,"","9 dikurangi 4 sisanya adalah 5!"
"q_math_pengurangan_35","pengurangan","Berapakah sisa 🐰 setelah dikurangi?","emoji","🐰",6,3,"-",3,20,"","6 dikurangi 3 sisanya adalah 3!"
"q_math_pengurangan_36","pengurangan","Berapakah sisa 🍬 setelah dikurangi?","emoji","🍬",3,2,"-",1,20,"","3 dikurangi 2 sisanya adalah 1!"
"q_math_pengurangan_37","pengurangan","Berapakah sisa 🐥 setelah dikurangi?","emoji","🐥",4,3,"-",1,20,"","4 dikurangi 3 sisanya adalah 1!"
"q_math_pengurangan_38","pengurangan","Berapakah sisa 🍦 setelah dikurangi?","emoji","🍦",6,3,"-",3,20,"","6 dikurangi 3 sisanya adalah 3!"
"q_math_pengurangan_39","pengurangan","Berapakah sisa 🌸 setelah dikurangi?","emoji","🌸",6,5,"-",1,20,"","6 dikurangi 5 sisanya adalah 1!"
"q_math_pengurangan_40","pengurangan","Berapakah sisa 🍓 setelah dikurangi?","emoji","🍓",6,2,"-",4,20,"","6 dikurangi 2 sisanya adalah 4!"
"q_math_pengurangan_41","pengurangan","Berapakah sisa 🐢 setelah dikurangi?","emoji","🐢",6,3,"-",3,20,"","6 dikurangi 3 sisanya adalah 3!"
"q_math_pengurangan_42","pengurangan","Berapakah sisa 🚀 setelah dikurangi?","emoji","🚀",9,4,"-",5,20,"","9 dikurangi 4 sisanya adalah 5!"
"q_math_pengurangan_43","pengurangan","Berapakah sisa 🐼 setelah dikurangi?","emoji","🐼",6,2,"-",4,20,"","6 dikurangi 2 sisanya adalah 4!"
"q_math_pengurangan_44","pengurangan","Berapakah sisa 🍰 setelah dikurangi?","emoji","🍰",9,1,"-",8,20,"","9 dikurangi 1 sisanya adalah 8!"
"q_math_pengurangan_45","pengurangan","Berapakah sisa 🐱 setelah dikurangi?","emoji","🐱",7,6,"-",1,20,"","7 dikurangi 6 sisanya adalah 1!"
"q_math_pengurangan_46","pengurangan","Berapakah sisa 🦖 setelah dikurangi?","emoji","🦖",6,5,"-",1,20,"","6 dikurangi 5 sisanya adalah 1!"
"q_math_pengurangan_47","pengurangan","Berapakah sisa ⚽ setelah dikurangi?","emoji","⚽",8,5,"-",3,20,"","8 dikurangi 5 sisanya adalah 3!"
"q_math_pengurangan_48","pengurangan","Berapakah sisa 🍪 setelah dikurangi?","emoji","🍪",3,2,"-",1,20,"","3 dikurangi 2 sisanya adalah 1!"
"q_math_pengurangan_49","pengurangan","Berapakah sisa 🍌 setelah dikurangi?","emoji","🍌",5,1,"-",4,20,"","5 dikurangi 1 sisanya adalah 4!"
"q_math_pengurangan_50","pengurangan","Berapakah sisa 🍭 setelah dikurangi?","emoji","🍭",8,2,"-",6,20,"","8 dikurangi 2 sisanya adalah 6!"
"q_math_pengurangan_51","pengurangan","Berapakah sisa 🍕 setelah dikurangi?","emoji","🍕",6,1,"-",5,20,"","6 dikurangi 1 sisanya adalah 5!"
"q_math_pengurangan_52","pengurangan","Berapakah sisa 🦁 setelah dikurangi?","emoji","🦁",8,2,"-",6,20,"","8 dikurangi 2 sisanya adalah 6!"
"q_math_pengurangan_53","pengurangan","Berapakah sisa 🍇 setelah dikurangi?","emoji","🍇",4,1,"-",3,20,"","4 dikurangi 1 sisanya adalah 3!"
"q_math_pengurangan_54","pengurangan","Berapakah sisa 🐞 setelah dikurangi?","emoji","🐞",3,1,"-",2,20,"","3 dikurangi 1 sisanya adalah 2!"
"q_math_pengurangan_55","pengurangan","Berapakah sisa 🛸 setelah dikurangi?","emoji","🛸",7,4,"-",3,20,"","7 dikurangi 4 sisanya adalah 3!"
"q_math_pengurangan_56","pengurangan","Berapakah sisa 🐧 setelah dikurangi?","emoji","🐧",4,2,"-",2,20,"","4 dikurangi 2 sisanya adalah 2!"
"q_math_pengurangan_57","pengurangan","Berapakah sisa 🧸 setelah dikurangi?","emoji","🧸",7,3,"-",4,20,"","7 dikurangi 3 sisanya adalah 4!"
"q_math_pengurangan_58","pengurangan","Berapakah sisa 🐬 setelah dikurangi?","emoji","🐬",9,6,"-",3,20,"","9 dikurangi 6 sisanya adalah 3!"
"q_math_pengurangan_59","pengurangan","Berapakah sisa 🍟 setelah dikurangi?","emoji","🍟",5,3,"-",2,20,"","5 dikurangi 3 sisanya adalah 2!"
"q_math_pengurangan_60","pengurangan","Berapakah sisa 🍎 setelah dikurangi?","emoji","🍎",9,7,"-",2,20,"","9 dikurangi 7 sisanya adalah 2!"
"q_math_pengurangan_61","pengurangan","Berapakah sisa 🎈 setelah dikurangi?","emoji","🎈",9,7,"-",2,20,"","9 dikurangi 7 sisanya adalah 2!"
"q_math_pengurangan_62","pengurangan","Berapakah sisa ⭐️ setelah dikurangi?","emoji","⭐️",4,1,"-",3,20,"","4 dikurangi 1 sisanya adalah 3!"
"q_math_pengurangan_63","pengurangan","Berapakah sisa 🍩 setelah dikurangi?","emoji","🍩",4,2,"-",2,20,"","4 dikurangi 2 sisanya adalah 2!"
"q_math_pengurangan_64","pengurangan","Berapakah sisa 🚗 setelah dikurangi?","emoji","🚗",6,2,"-",4,20,"","6 dikurangi 2 sisanya adalah 4!"
"q_math_pengurangan_65","pengurangan","Berapakah sisa 🐰 setelah dikurangi?","emoji","🐰",7,1,"-",6,20,"","7 dikurangi 1 sisanya adalah 6!"
"q_math_pengurangan_66","pengurangan","Berapakah sisa 🍬 setelah dikurangi?","emoji","🍬",3,2,"-",1,20,"","3 dikurangi 2 sisanya adalah 1!"
"q_math_pengurangan_67","pengurangan","Berapakah sisa 🐥 setelah dikurangi?","emoji","🐥",8,3,"-",5,20,"","8 dikurangi 3 sisanya adalah 5!"
"q_math_pengurangan_68","pengurangan","Berapakah sisa 🍦 setelah dikurangi?","emoji","🍦",3,2,"-",1,20,"","3 dikurangi 2 sisanya adalah 1!"
"q_math_pengurangan_69","pengurangan","Berapakah sisa 🌸 setelah dikurangi?","emoji","🌸",3,1,"-",2,20,"","3 dikurangi 1 sisanya adalah 2!"
"q_math_pengurangan_70","pengurangan","Berapakah sisa 🍓 setelah dikurangi?","emoji","🍓",3,2,"-",1,20,"","3 dikurangi 2 sisanya adalah 1!"
"q_math_pengurangan_71","pengurangan","Berapakah sisa 🐢 setelah dikurangi?","emoji","🐢",9,4,"-",5,20,"","9 dikurangi 4 sisanya adalah 5!"
"q_math_pengurangan_72","pengurangan","Berapakah sisa 🚀 setelah dikurangi?","emoji","🚀",4,1,"-",3,20,"","4 dikurangi 1 sisanya adalah 3!"
"q_math_pengurangan_73","pengurangan","Berapakah sisa 🐼 setelah dikurangi?","emoji","🐼",3,2,"-",1,20,"","3 dikurangi 2 sisanya adalah 1!"
"q_math_pengurangan_74","pengurangan","Berapakah sisa 🍰 setelah dikurangi?","emoji","🍰",7,2,"-",5,20,"","7 dikurangi 2 sisanya adalah 5!"
"q_math_pengurangan_75","pengurangan","Berapakah sisa 🐱 setelah dikurangi?","emoji","🐱",3,1,"-",2,20,"","3 dikurangi 1 sisanya adalah 2!"
"q_math_pengurangan_76","pengurangan","Berapakah sisa 🦖 setelah dikurangi?","emoji","🦖",9,3,"-",6,20,"","9 dikurangi 3 sisanya adalah 6!"
"q_math_pengurangan_77","pengurangan","Berapakah sisa ⚽ setelah dikurangi?","emoji","⚽",3,1,"-",2,20,"","3 dikurangi 1 sisanya adalah 2!"
"q_math_pengurangan_78","pengurangan","Berapakah sisa 🍪 setelah dikurangi?","emoji","🍪",9,6,"-",3,20,"","9 dikurangi 6 sisanya adalah 3!"
"q_math_pengurangan_79","pengurangan","Berapakah sisa 🍌 setelah dikurangi?","emoji","🍌",6,4,"-",2,20,"","6 dikurangi 4 sisanya adalah 2!"
"q_math_pengurangan_80","pengurangan","Berapakah sisa 🍭 setelah dikurangi?","emoji","🍭",3,1,"-",2,20,"","3 dikurangi 1 sisanya adalah 2!"
"q_math_pengurangan_81","pengurangan","Berapakah sisa 🍕 setelah dikurangi?","emoji","🍕",5,1,"-",4,20,"","5 dikurangi 1 sisanya adalah 4!"
"q_math_pengurangan_82","pengurangan","Berapakah sisa 🦁 setelah dikurangi?","emoji","🦁",4,1,"-",3,20,"","4 dikurangi 1 sisanya adalah 3!"
"q_math_pengurangan_83","pengurangan","Berapakah sisa 🍇 setelah dikurangi?","emoji","🍇",6,1,"-",5,20,"","6 dikurangi 1 sisanya adalah 5!"
"q_math_pengurangan_84","pengurangan","Berapakah sisa 🐞 setelah dikurangi?","emoji","🐞",4,3,"-",1,20,"","4 dikurangi 3 sisanya adalah 1!"
"q_math_pengurangan_85","pengurangan","Berapakah sisa 🛸 setelah dikurangi?","emoji","🛸",7,2,"-",5,20,"","7 dikurangi 2 sisanya adalah 5!"
"q_math_pengurangan_86","pengurangan","Berapakah sisa 🐧 setelah dikurangi?","emoji","🐧",8,7,"-",1,20,"","8 dikurangi 7 sisanya adalah 1!"
"q_math_pengurangan_87","pengurangan","Berapakah sisa 🧸 setelah dikurangi?","emoji","🧸",9,1,"-",8,20,"","9 dikurangi 1 sisanya adalah 8!"
"q_math_pengurangan_88","pengurangan","Berapakah sisa 🐬 setelah dikurangi?","emoji","🐬",6,4,"-",2,20,"","6 dikurangi 4 sisanya adalah 2!"
"q_math_pengurangan_89","pengurangan","Berapakah sisa 🍟 setelah dikurangi?","emoji","🍟",5,4,"-",1,20,"","5 dikurangi 4 sisanya adalah 1!"
"q_math_pengurangan_90","pengurangan","Berapakah sisa 🍎 setelah dikurangi?","emoji","🍎",3,1,"-",2,20,"","3 dikurangi 1 sisanya adalah 2!"
"q_math_pengurangan_91","pengurangan","Berapakah sisa 🎈 setelah dikurangi?","emoji","🎈",8,1,"-",7,20,"","8 dikurangi 1 sisanya adalah 7!"
"q_math_pengurangan_92","pengurangan","Berapakah sisa ⭐️ setelah dikurangi?","emoji","⭐️",3,1,"-",2,20,"","3 dikurangi 1 sisanya adalah 2!"
"q_math_pengurangan_93","pengurangan","Berapakah sisa 🍩 setelah dikurangi?","emoji","🍩",8,5,"-",3,20,"","8 dikurangi 5 sisanya adalah 3!"
"q_math_pengurangan_94","pengurangan","Berapakah sisa 🚗 setelah dikurangi?","emoji","🚗",9,4,"-",5,20,"","9 dikurangi 4 sisanya adalah 5!"
"q_math_pengurangan_95","pengurangan","Berapakah sisa 🐰 setelah dikurangi?","emoji","🐰",9,6,"-",3,20,"","9 dikurangi 6 sisanya adalah 3!"
"q_math_pengurangan_96","pengurangan","Berapakah sisa 🍬 setelah dikurangi?","emoji","🍬",8,5,"-",3,20,"","8 dikurangi 5 sisanya adalah 3!"
"q_math_pengurangan_97","pengurangan","Berapakah sisa 🐥 setelah dikurangi?","emoji","🐥",4,1,"-",3,20,"","4 dikurangi 1 sisanya adalah 3!"
"q_math_pengurangan_98","pengurangan","Berapakah sisa 🍦 setelah dikurangi?","emoji","🍦",8,2,"-",6,20,"","8 dikurangi 2 sisanya adalah 6!"
"q_math_pengurangan_99","pengurangan","Berapakah sisa 🌸 setelah dikurangi?","emoji","🌸",6,1,"-",5,20,"","6 dikurangi 1 sisanya adalah 5!"
"q_math_pengurangan_100","pengurangan","Berapakah sisa 🍓 setelah dikurangi?","emoji","🍓",3,2,"-",1,20,"","3 dikurangi 2 sisanya adalah 1!"
"q_math_pengurangan_101","pengurangan","Berapakah sisa 🐢 setelah dikurangi?","emoji","🐢",8,2,"-",6,20,"","8 dikurangi 2 sisanya adalah 6!"
"q_math_pengurangan_102","pengurangan","Berapakah sisa 🚀 setelah dikurangi?","emoji","🚀",5,2,"-",3,20,"","5 dikurangi 2 sisanya adalah 3!"
"q_math_pengurangan_103","pengurangan","Berapakah sisa 🐼 setelah dikurangi?","emoji","🐼",5,3,"-",2,20,"","5 dikurangi 3 sisanya adalah 2!"
"q_math_pengurangan_104","pengurangan","Berapakah sisa 🍰 setelah dikurangi?","emoji","🍰",8,6,"-",2,20,"","8 dikurangi 6 sisanya adalah 2!"
"q_math_pengurangan_105","pengurangan","Berapakah sisa 🐱 setelah dikurangi?","emoji","🐱",7,1,"-",6,20,"","7 dikurangi 1 sisanya adalah 6!"
"q_math_pengurangan_106","pengurangan","Berapakah sisa 🦖 setelah dikurangi?","emoji","🦖",8,5,"-",3,20,"","8 dikurangi 5 sisanya adalah 3!"
"q_math_pengurangan_107","pengurangan","Berapakah sisa ⚽ setelah dikurangi?","emoji","⚽",4,2,"-",2,20,"","4 dikurangi 2 sisanya adalah 2!"
"q_math_pengurangan_108","pengurangan","Berapakah sisa 🍪 setelah dikurangi?","emoji","🍪",7,3,"-",4,20,"","7 dikurangi 3 sisanya adalah 4!"
"q_math_pengurangan_109","pengurangan","Berapakah sisa 🍌 setelah dikurangi?","emoji","🍌",3,2,"-",1,20,"","3 dikurangi 2 sisanya adalah 1!"
"q_math_pengurangan_110","pengurangan","Berapakah sisa 🍭 setelah dikurangi?","emoji","🍭",6,3,"-",3,20,"","6 dikurangi 3 sisanya adalah 3!"
"q_math_pengurangan_111","pengurangan","Berapakah sisa 🍕 setelah dikurangi?","emoji","🍕",9,7,"-",2,20,"","9 dikurangi 7 sisanya adalah 2!"
"q_math_pengurangan_112","pengurangan","Berapakah sisa 🦁 setelah dikurangi?","emoji","🦁",8,3,"-",5,20,"","8 dikurangi 3 sisanya adalah 5!"
"q_math_pengurangan_113","pengurangan","Berapakah sisa 🍇 setelah dikurangi?","emoji","🍇",3,2,"-",1,20,"","3 dikurangi 2 sisanya adalah 1!"
"q_math_pengurangan_114","pengurangan","Berapakah sisa 🐞 setelah dikurangi?","emoji","🐞",8,2,"-",6,20,"","8 dikurangi 2 sisanya adalah 6!"
"q_math_pengurangan_115","pengurangan","Berapakah sisa 🛸 setelah dikurangi?","emoji","🛸",4,1,"-",3,20,"","4 dikurangi 1 sisanya adalah 3!"
"q_math_pengurangan_116","pengurangan","Berapakah sisa 🐧 setelah dikurangi?","emoji","🐧",5,1,"-",4,20,"","5 dikurangi 1 sisanya adalah 4!"
"q_math_pengurangan_117","pengurangan","Berapakah sisa 🧸 setelah dikurangi?","emoji","🧸",6,1,"-",5,20,"","6 dikurangi 1 sisanya adalah 5!"
"q_math_pengurangan_118","pengurangan","Berapakah sisa 🐬 setelah dikurangi?","emoji","🐬",5,2,"-",3,20,"","5 dikurangi 2 sisanya adalah 3!"
"q_math_pengurangan_119","pengurangan","Berapakah sisa 🍟 setelah dikurangi?","emoji","🍟",5,1,"-",4,20,"","5 dikurangi 1 sisanya adalah 4!"
"q_math_pengurangan_120","pengurangan","Berapakah sisa 🍎 setelah dikurangi?","emoji","🍎",6,5,"-",1,20,"","6 dikurangi 5 sisanya adalah 1!"
"q_math_pengurangan_121","pengurangan","Berapakah sisa 🎈 setelah dikurangi?","emoji","🎈",8,1,"-",7,20,"","8 dikurangi 1 sisanya adalah 7!"
"q_math_pengurangan_122","pengurangan","Berapakah sisa ⭐️ setelah dikurangi?","emoji","⭐️",9,2,"-",7,20,"","9 dikurangi 2 sisanya adalah 7!"
"q_math_pengurangan_123","pengurangan","Berapakah sisa 🍩 setelah dikurangi?","emoji","🍩",9,7,"-",2,20,"","9 dikurangi 7 sisanya adalah 2!"
"q_math_pengurangan_124","pengurangan","Berapakah sisa 🚗 setelah dikurangi?","emoji","🚗",5,4,"-",1,20,"","5 dikurangi 4 sisanya adalah 1!"
"q_math_pengurangan_125","pengurangan","Berapakah sisa 🐰 setelah dikurangi?","emoji","🐰",3,1,"-",2,20,"","3 dikurangi 1 sisanya adalah 2!"
"q_math_pengurangan_126","pengurangan","Berapakah sisa 🍬 setelah dikurangi?","emoji","🍬",7,5,"-",2,20,"","7 dikurangi 5 sisanya adalah 2!"
"q_math_pengurangan_127","pengurangan","Berapakah sisa 🐥 setelah dikurangi?","emoji","🐥",8,4,"-",4,20,"","8 dikurangi 4 sisanya adalah 4!"
"q_math_pengurangan_128","pengurangan","Berapakah sisa 🍦 setelah dikurangi?","emoji","🍦",5,1,"-",4,20,"","5 dikurangi 1 sisanya adalah 4!"
"q_math_pengurangan_129","pengurangan","Berapakah sisa 🌸 setelah dikurangi?","emoji","🌸",4,3,"-",1,20,"","4 dikurangi 3 sisanya adalah 1!"
"q_math_pengurangan_130","pengurangan","Berapakah sisa 🍓 setelah dikurangi?","emoji","🍓",5,4,"-",1,20,"","5 dikurangi 4 sisanya adalah 1!"
"q_math_pengurangan_131","pengurangan","Berapakah sisa 🐢 setelah dikurangi?","emoji","🐢",3,1,"-",2,20,"","3 dikurangi 1 sisanya adalah 2!"
"q_math_pengurangan_132","pengurangan","Berapakah sisa 🚀 setelah dikurangi?","emoji","🚀",5,2,"-",3,20,"","5 dikurangi 2 sisanya adalah 3!"
"q_math_pengurangan_133","pengurangan","Berapakah sisa 🐼 setelah dikurangi?","emoji","🐼",7,5,"-",2,20,"","7 dikurangi 5 sisanya adalah 2!"
"q_math_pengurangan_134","pengurangan","Berapakah sisa 🍰 setelah dikurangi?","emoji","🍰",5,4,"-",1,20,"","5 dikurangi 4 sisanya adalah 1!"
"q_math_pengurangan_135","pengurangan","Berapakah sisa 🐱 setelah dikurangi?","emoji","🐱",8,3,"-",5,20,"","8 dikurangi 3 sisanya adalah 5!"
"q_math_pengurangan_136","pengurangan","Berapakah sisa 🦖 setelah dikurangi?","emoji","🦖",8,2,"-",6,20,"","8 dikurangi 2 sisanya adalah 6!"
"q_math_pengurangan_137","pengurangan","Berapakah sisa ⚽ setelah dikurangi?","emoji","⚽",4,2,"-",2,20,"","4 dikurangi 2 sisanya adalah 2!"
"q_math_pengurangan_138","pengurangan","Berapakah sisa 🍪 setelah dikurangi?","emoji","🍪",4,3,"-",1,20,"","4 dikurangi 3 sisanya adalah 1!"
"q_math_pengurangan_139","pengurangan","Berapakah sisa 🍌 setelah dikurangi?","emoji","🍌",8,2,"-",6,20,"","8 dikurangi 2 sisanya adalah 6!"
"q_math_pengurangan_140","pengurangan","Berapakah sisa 🍭 setelah dikurangi?","emoji","🍭",7,6,"-",1,20,"","7 dikurangi 6 sisanya adalah 1!"
"q_math_pengurangan_141","pengurangan","Berapakah sisa 🍕 setelah dikurangi?","emoji","🍕",5,4,"-",1,20,"","5 dikurangi 4 sisanya adalah 1!"
"q_math_pengurangan_142","pengurangan","Berapakah sisa 🦁 setelah dikurangi?","emoji","🦁",8,1,"-",7,20,"","8 dikurangi 1 sisanya adalah 7!"
"q_math_pengurangan_143","pengurangan","Berapakah sisa 🍇 setelah dikurangi?","emoji","🍇",4,2,"-",2,20,"","4 dikurangi 2 sisanya adalah 2!"
"q_math_pengurangan_144","pengurangan","Berapakah sisa 🐞 setelah dikurangi?","emoji","🐞",3,2,"-",1,20,"","3 dikurangi 2 sisanya adalah 1!"
"q_math_pengurangan_145","pengurangan","Berapakah sisa 🛸 setelah dikurangi?","emoji","🛸",9,8,"-",1,20,"","9 dikurangi 8 sisanya adalah 1!"
"q_math_pengurangan_146","pengurangan","Berapakah sisa 🐧 setelah dikurangi?","emoji","🐧",3,1,"-",2,20,"","3 dikurangi 1 sisanya adalah 2!"
"q_math_pengurangan_147","pengurangan","Berapakah sisa 🧸 setelah dikurangi?","emoji","🧸",7,2,"-",5,20,"","7 dikurangi 2 sisanya adalah 5!"
"q_math_pengurangan_148","pengurangan","Berapakah sisa 🐬 setelah dikurangi?","emoji","🐬",8,5,"-",3,20,"","8 dikurangi 5 sisanya adalah 3!"
"q_math_pengurangan_149","pengurangan","Berapakah sisa 🍟 setelah dikurangi?","emoji","🍟",4,3,"-",1,20,"","4 dikurangi 3 sisanya adalah 1!"
"q_math_pengurangan_150","pengurangan","Berapakah sisa 🍎 setelah dikurangi?","emoji","🍎",9,7,"-",2,20,"","9 dikurangi 7 sisanya adalah 2!"
"q_math_pengurangan_151","pengurangan","Berapakah sisa 🎈 setelah dikurangi?","emoji","🎈",9,5,"-",4,20,"","9 dikurangi 5 sisanya adalah 4!"
"q_math_pengurangan_152","pengurangan","Berapakah sisa ⭐️ setelah dikurangi?","emoji","⭐️",8,4,"-",4,20,"","8 dikurangi 4 sisanya adalah 4!"
"q_math_pengurangan_153","pengurangan","Berapakah sisa 🍩 setelah dikurangi?","emoji","🍩",5,2,"-",3,20,"","5 dikurangi 2 sisanya adalah 3!"
"q_math_pengurangan_154","pengurangan","Berapakah sisa 🚗 setelah dikurangi?","emoji","🚗",4,1,"-",3,20,"","4 dikurangi 1 sisanya adalah 3!"
"q_math_pengurangan_155","pengurangan","Berapakah sisa 🐰 setelah dikurangi?","emoji","🐰",6,1,"-",5,20,"","6 dikurangi 1 sisanya adalah 5!"
"q_math_pengurangan_156","pengurangan","Berapakah sisa 🍬 setelah dikurangi?","emoji","🍬",7,3,"-",4,20,"","7 dikurangi 3 sisanya adalah 4!"
"q_math_pengurangan_157","pengurangan","Berapakah sisa 🐥 setelah dikurangi?","emoji","🐥",8,2,"-",6,20,"","8 dikurangi 2 sisanya adalah 6!"
"q_math_pengurangan_158","pengurangan","Berapakah sisa 🍦 setelah dikurangi?","emoji","🍦",8,5,"-",3,20,"","8 dikurangi 5 sisanya adalah 3!"
"q_math_pengurangan_159","pengurangan","Berapakah sisa 🌸 setelah dikurangi?","emoji","🌸",9,5,"-",4,20,"","9 dikurangi 5 sisanya adalah 4!"
"q_math_pengurangan_160","pengurangan","Berapakah sisa 🍓 setelah dikurangi?","emoji","🍓",8,1,"-",7,20,"","8 dikurangi 1 sisanya adalah 7!"
"q_math_pengurangan_161","pengurangan","Berapakah sisa 🐢 setelah dikurangi?","emoji","🐢",7,6,"-",1,20,"","7 dikurangi 6 sisanya adalah 1!"
"q_math_pengurangan_162","pengurangan","Berapakah sisa 🚀 setelah dikurangi?","emoji","🚀",8,3,"-",5,20,"","8 dikurangi 3 sisanya adalah 5!"
"q_math_pengurangan_163","pengurangan","Berapakah sisa 🐼 setelah dikurangi?","emoji","🐼",6,3,"-",3,20,"","6 dikurangi 3 sisanya adalah 3!"
"q_math_pengurangan_164","pengurangan","Berapakah sisa 🍰 setelah dikurangi?","emoji","🍰",9,7,"-",2,20,"","9 dikurangi 7 sisanya adalah 2!"
"q_math_pengurangan_165","pengurangan","Berapakah sisa 🐱 setelah dikurangi?","emoji","🐱",4,2,"-",2,20,"","4 dikurangi 2 sisanya adalah 2!"
"q_math_pengurangan_166","pengurangan","Berapakah sisa 🦖 setelah dikurangi?","emoji","🦖",7,4,"-",3,20,"","7 dikurangi 4 sisanya adalah 3!"
"q_math_pengurangan_167","pengurangan","Berapakah sisa ⚽ setelah dikurangi?","emoji","⚽",3,1,"-",2,20,"","3 dikurangi 1 sisanya adalah 2!"
"q_math_pengurangan_168","pengurangan","Berapakah sisa 🍪 setelah dikurangi?","emoji","🍪",3,1,"-",2,20,"","3 dikurangi 1 sisanya adalah 2!"
"q_math_pengurangan_169","pengurangan","Berapakah sisa 🍌 setelah dikurangi?","emoji","🍌",3,1,"-",2,20,"","3 dikurangi 1 sisanya adalah 2!"
"q_math_pengurangan_170","pengurangan","Berapakah sisa 🍭 setelah dikurangi?","emoji","🍭",6,4,"-",2,20,"","6 dikurangi 4 sisanya adalah 2!"
"q_math_pengurangan_171","pengurangan","Berapakah sisa 🍕 setelah dikurangi?","emoji","🍕",6,5,"-",1,20,"","6 dikurangi 5 sisanya adalah 1!"
"q_math_pengurangan_172","pengurangan","Berapakah sisa 🦁 setelah dikurangi?","emoji","🦁",4,3,"-",1,20,"","4 dikurangi 3 sisanya adalah 1!"
"q_math_pengurangan_173","pengurangan","Berapakah sisa 🍇 setelah dikurangi?","emoji","🍇",9,7,"-",2,20,"","9 dikurangi 7 sisanya adalah 2!"
"q_math_pengurangan_174","pengurangan","Berapakah sisa 🐞 setelah dikurangi?","emoji","🐞",7,3,"-",4,20,"","7 dikurangi 3 sisanya adalah 4!"
"q_math_pengurangan_175","pengurangan","Berapakah sisa 🛸 setelah dikurangi?","emoji","🛸",4,3,"-",1,20,"","4 dikurangi 3 sisanya adalah 1!"
"q_math_pengurangan_176","pengurangan","Berapakah sisa 🐧 setelah dikurangi?","emoji","🐧",5,3,"-",2,20,"","5 dikurangi 3 sisanya adalah 2!"
"q_math_pengurangan_177","pengurangan","Berapakah sisa 🧸 setelah dikurangi?","emoji","🧸",3,1,"-",2,20,"","3 dikurangi 1 sisanya adalah 2!"
"q_math_pengurangan_178","pengurangan","Berapakah sisa 🐬 setelah dikurangi?","emoji","🐬",9,8,"-",1,20,"","9 dikurangi 8 sisanya adalah 1!"
"q_math_pengurangan_179","pengurangan","Berapakah sisa 🍟 setelah dikurangi?","emoji","🍟",9,3,"-",6,20,"","9 dikurangi 3 sisanya adalah 6!"
"q_math_pengurangan_180","pengurangan","Berapakah sisa 🍎 setelah dikurangi?","emoji","🍎",5,4,"-",1,20,"","5 dikurangi 4 sisanya adalah 1!"
"q_math_pengurangan_181","pengurangan","Berapakah sisa 🎈 setelah dikurangi?","emoji","🎈",7,5,"-",2,20,"","7 dikurangi 5 sisanya adalah 2!"
"q_math_pengurangan_182","pengurangan","Berapakah sisa ⭐️ setelah dikurangi?","emoji","⭐️",7,1,"-",6,20,"","7 dikurangi 1 sisanya adalah 6!"
"q_math_pengurangan_183","pengurangan","Berapakah sisa 🍩 setelah dikurangi?","emoji","🍩",7,4,"-",3,20,"","7 dikurangi 4 sisanya adalah 3!"
"q_math_pengurangan_184","pengurangan","Berapakah sisa 🚗 setelah dikurangi?","emoji","🚗",9,2,"-",7,20,"","9 dikurangi 2 sisanya adalah 7!"
"q_math_pengurangan_185","pengurangan","Berapakah sisa 🐰 setelah dikurangi?","emoji","🐰",5,1,"-",4,20,"","5 dikurangi 1 sisanya adalah 4!"
"q_math_pengurangan_186","pengurangan","Berapakah sisa 🍬 setelah dikurangi?","emoji","🍬",3,2,"-",1,20,"","3 dikurangi 2 sisanya adalah 1!"
"q_math_pengurangan_187","pengurangan","Berapakah sisa 🐥 setelah dikurangi?","emoji","🐥",6,2,"-",4,20,"","6 dikurangi 2 sisanya adalah 4!"
"q_math_pengurangan_188","pengurangan","Berapakah sisa 🍦 setelah dikurangi?","emoji","🍦",3,2,"-",1,20,"","3 dikurangi 2 sisanya adalah 1!"
"q_math_pengurangan_189","pengurangan","Berapakah sisa 🌸 setelah dikurangi?","emoji","🌸",4,1,"-",3,20,"","4 dikurangi 1 sisanya adalah 3!"
"q_math_pengurangan_190","pengurangan","Berapakah sisa 🍓 setelah dikurangi?","emoji","🍓",8,3,"-",5,20,"","8 dikurangi 3 sisanya adalah 5!"
"q_math_pengurangan_191","pengurangan","Berapakah sisa 🐢 setelah dikurangi?","emoji","🐢",7,3,"-",4,20,"","7 dikurangi 3 sisanya adalah 4!"
"q_math_pengurangan_192","pengurangan","Berapakah sisa 🚀 setelah dikurangi?","emoji","🚀",6,3,"-",3,20,"","6 dikurangi 3 sisanya adalah 3!"
"q_math_pengurangan_193","pengurangan","Berapakah sisa 🐼 setelah dikurangi?","emoji","🐼",9,4,"-",5,20,"","9 dikurangi 4 sisanya adalah 5!"
"q_math_pengurangan_194","pengurangan","Berapakah sisa 🍰 setelah dikurangi?","emoji","🍰",3,2,"-",1,20,"","3 dikurangi 2 sisanya adalah 1!"
"q_math_pengurangan_195","pengurangan","Berapakah sisa 🐱 setelah dikurangi?","emoji","🐱",8,5,"-",3,20,"","8 dikurangi 5 sisanya adalah 3!"
"q_math_pengurangan_196","pengurangan","Berapakah sisa 🦖 setelah dikurangi?","emoji","🦖",8,5,"-",3,20,"","8 dikurangi 5 sisanya adalah 3!"
"q_math_pengurangan_197","pengurangan","Berapakah sisa ⚽ setelah dikurangi?","emoji","⚽",5,3,"-",2,20,"","5 dikurangi 3 sisanya adalah 2!"
"q_math_pengurangan_198","pengurangan","Berapakah sisa 🍪 setelah dikurangi?","emoji","🍪",4,1,"-",3,20,"","4 dikurangi 1 sisanya adalah 3!"
"q_math_pengurangan_199","pengurangan","Berapakah sisa 🍌 setelah dikurangi?","emoji","🍌",6,3,"-",3,20,"","6 dikurangi 3 sisanya adalah 3!"
"q_math_pengurangan_200","pengurangan","Berapakah sisa 🍭 setelah dikurangi?","emoji","🍭",5,1,"-",4,20,"","5 dikurangi 1 sisanya adalah 4!"
"q_math_pengurangan_201","pengurangan","Berapakah sisa 🍕 setelah dikurangi?","emoji","🍕",7,4,"-",3,20,"","7 dikurangi 4 sisanya adalah 3!"
"q_math_pengurangan_202","pengurangan","Berapakah sisa 🦁 setelah dikurangi?","emoji","🦁",7,2,"-",5,20,"","7 dikurangi 2 sisanya adalah 5!"
"q_math_pengurangan_203","pengurangan","Berapakah sisa 🍇 setelah dikurangi?","emoji","🍇",6,1,"-",5,20,"","6 dikurangi 1 sisanya adalah 5!"
"q_math_pengurangan_204","pengurangan","Berapakah sisa 🐞 setelah dikurangi?","emoji","🐞",3,2,"-",1,20,"","3 dikurangi 2 sisanya adalah 1!"
"q_math_pengurangan_205","pengurangan","Berapakah sisa 🛸 setelah dikurangi?","emoji","🛸",6,4,"-",2,20,"","6 dikurangi 4 sisanya adalah 2!"
"q_math_pengurangan_206","pengurangan","Berapakah sisa 🐧 setelah dikurangi?","emoji","🐧",3,1,"-",2,20,"","3 dikurangi 1 sisanya adalah 2!"
"q_math_pengurangan_207","pengurangan","Berapakah sisa 🧸 setelah dikurangi?","emoji","🧸",8,3,"-",5,20,"","8 dikurangi 3 sisanya adalah 5!"
"q_math_pengurangan_208","pengurangan","Berapakah sisa 🐬 setelah dikurangi?","emoji","🐬",7,1,"-",6,20,"","7 dikurangi 1 sisanya adalah 6!"
"q_math_pengurangan_209","pengurangan","Berapakah sisa 🍟 setelah dikurangi?","emoji","🍟",7,2,"-",5,20,"","7 dikurangi 2 sisanya adalah 5!"
"q_math_pengurangan_210","pengurangan","Berapakah sisa 🍎 setelah dikurangi?","emoji","🍎",5,1,"-",4,20,"","5 dikurangi 1 sisanya adalah 4!"
"q_math_pengurangan_211","pengurangan","Berapakah sisa 🎈 setelah dikurangi?","emoji","🎈",8,7,"-",1,20,"","8 dikurangi 7 sisanya adalah 1!"
"q_math_pengurangan_212","pengurangan","Berapakah sisa ⭐️ setelah dikurangi?","emoji","⭐️",5,1,"-",4,20,"","5 dikurangi 1 sisanya adalah 4!"
"q_math_pengurangan_213","pengurangan","Berapakah sisa 🍩 setelah dikurangi?","emoji","🍩",5,4,"-",1,20,"","5 dikurangi 4 sisanya adalah 1!"
"q_math_pengurangan_214","pengurangan","Berapakah sisa 🚗 setelah dikurangi?","emoji","🚗",5,3,"-",2,20,"","5 dikurangi 3 sisanya adalah 2!"
"q_math_pengurangan_215","pengurangan","Berapakah sisa 🐰 setelah dikurangi?","emoji","🐰",3,2,"-",1,20,"","3 dikurangi 2 sisanya adalah 1!"
"q_math_pengurangan_216","pengurangan","Berapakah sisa 🍬 setelah dikurangi?","emoji","🍬",5,1,"-",4,20,"","5 dikurangi 1 sisanya adalah 4!"
"q_math_pengurangan_217","pengurangan","Berapakah sisa 🐥 setelah dikurangi?","emoji","🐥",6,2,"-",4,20,"","6 dikurangi 2 sisanya adalah 4!"
"q_math_pengurangan_218","pengurangan","Berapakah sisa 🍦 setelah dikurangi?","emoji","🍦",3,1,"-",2,20,"","3 dikurangi 1 sisanya adalah 2!"
"q_math_pengurangan_219","pengurangan","Berapakah sisa 🌸 setelah dikurangi?","emoji","🌸",5,1,"-",4,20,"","5 dikurangi 1 sisanya adalah 4!"
"q_math_pengurangan_220","pengurangan","Berapakah sisa 🍓 setelah dikurangi?","emoji","🍓",8,3,"-",5,20,"","8 dikurangi 3 sisanya adalah 5!"
"q_math_pengurangan_221","pengurangan","Berapakah sisa 🐢 setelah dikurangi?","emoji","🐢",3,1,"-",2,20,"","3 dikurangi 1 sisanya adalah 2!"
"q_math_pengurangan_222","pengurangan","Berapakah sisa 🚀 setelah dikurangi?","emoji","🚀",3,2,"-",1,20,"","3 dikurangi 2 sisanya adalah 1!"
"q_math_pengurangan_223","pengurangan","Berapakah sisa 🐼 setelah dikurangi?","emoji","🐼",4,2,"-",2,20,"","4 dikurangi 2 sisanya adalah 2!"
"q_math_pengurangan_224","pengurangan","Berapakah sisa 🍰 setelah dikurangi?","emoji","🍰",9,1,"-",8,20,"","9 dikurangi 1 sisanya adalah 8!"
"q_math_pengurangan_225","pengurangan","Berapakah sisa 🐱 setelah dikurangi?","emoji","🐱",3,2,"-",1,20,"","3 dikurangi 2 sisanya adalah 1!"
"q_math_pengurangan_226","pengurangan","Berapakah sisa 🦖 setelah dikurangi?","emoji","🦖",9,7,"-",2,20,"","9 dikurangi 7 sisanya adalah 2!"
"q_math_pengurangan_227","pengurangan","Berapakah sisa ⚽ setelah dikurangi?","emoji","⚽",8,3,"-",5,20,"","8 dikurangi 3 sisanya adalah 5!"
"q_math_pengurangan_228","pengurangan","Berapakah sisa 🍪 setelah dikurangi?","emoji","🍪",3,2,"-",1,20,"","3 dikurangi 2 sisanya adalah 1!"
"q_math_pengurangan_229","pengurangan","Berapakah sisa 🍌 setelah dikurangi?","emoji","🍌",6,4,"-",2,20,"","6 dikurangi 4 sisanya adalah 2!"
"q_math_pengurangan_230","pengurangan","Berapakah sisa 🍭 setelah dikurangi?","emoji","🍭",5,1,"-",4,20,"","5 dikurangi 1 sisanya adalah 4!"
"q_math_pengurangan_231","pengurangan","Berapakah sisa 🍕 setelah dikurangi?","emoji","🍕",5,4,"-",1,20,"","5 dikurangi 4 sisanya adalah 1!"
"q_math_pengurangan_232","pengurangan","Berapakah sisa 🦁 setelah dikurangi?","emoji","🦁",3,1,"-",2,20,"","3 dikurangi 1 sisanya adalah 2!"
"q_math_pengurangan_233","pengurangan","Berapakah sisa 🍇 setelah dikurangi?","emoji","🍇",6,3,"-",3,20,"","6 dikurangi 3 sisanya adalah 3!"
"q_math_pengurangan_234","pengurangan","Berapakah sisa 🐞 setelah dikurangi?","emoji","🐞",3,2,"-",1,20,"","3 dikurangi 2 sisanya adalah 1!"
"q_math_pengurangan_235","pengurangan","Berapakah sisa 🛸 setelah dikurangi?","emoji","🛸",3,1,"-",2,20,"","3 dikurangi 1 sisanya adalah 2!"
"q_math_pengurangan_236","pengurangan","Berapakah sisa 🐧 setelah dikurangi?","emoji","🐧",3,1,"-",2,20,"","3 dikurangi 1 sisanya adalah 2!"
"q_math_pengurangan_237","pengurangan","Berapakah sisa 🧸 setelah dikurangi?","emoji","🧸",9,3,"-",6,20,"","9 dikurangi 3 sisanya adalah 6!"
"q_math_pengurangan_238","pengurangan","Berapakah sisa 🐬 setelah dikurangi?","emoji","🐬",8,2,"-",6,20,"","8 dikurangi 2 sisanya adalah 6!"
"q_math_pengurangan_239","pengurangan","Berapakah sisa 🍟 setelah dikurangi?","emoji","🍟",7,5,"-",2,20,"","7 dikurangi 5 sisanya adalah 2!"
"q_math_pengurangan_240","pengurangan","Berapakah sisa 🍎 setelah dikurangi?","emoji","🍎",4,3,"-",1,20,"","4 dikurangi 3 sisanya adalah 1!"
"q_math_pengurangan_241","pengurangan","Berapakah sisa 🎈 setelah dikurangi?","emoji","🎈",5,4,"-",1,20,"","5 dikurangi 4 sisanya adalah 1!"
"q_math_pengurangan_242","pengurangan","Berapakah sisa ⭐️ setelah dikurangi?","emoji","⭐️",7,4,"-",3,20,"","7 dikurangi 4 sisanya adalah 3!"
"q_math_pengurangan_243","pengurangan","Berapakah sisa 🍩 setelah dikurangi?","emoji","🍩",4,3,"-",1,20,"","4 dikurangi 3 sisanya adalah 1!"
"q_math_pengurangan_244","pengurangan","Berapakah sisa 🚗 setelah dikurangi?","emoji","🚗",5,4,"-",1,20,"","5 dikurangi 4 sisanya adalah 1!"
"q_math_pengurangan_245","pengurangan","Berapakah sisa 🐰 setelah dikurangi?","emoji","🐰",3,1,"-",2,20,"","3 dikurangi 1 sisanya adalah 2!"
"q_math_pengurangan_246","pengurangan","Berapakah sisa 🍬 setelah dikurangi?","emoji","🍬",4,1,"-",3,20,"","4 dikurangi 1 sisanya adalah 3!"
"q_math_pengurangan_247","pengurangan","Berapakah sisa 🐥 setelah dikurangi?","emoji","🐥",7,5,"-",2,20,"","7 dikurangi 5 sisanya adalah 2!"
"q_math_pengurangan_248","pengurangan","Berapakah sisa 🍦 setelah dikurangi?","emoji","🍦",6,5,"-",1,20,"","6 dikurangi 5 sisanya adalah 1!"
"q_math_pengurangan_249","pengurangan","Berapakah sisa 🌸 setelah dikurangi?","emoji","🌸",5,4,"-",1,20,"","5 dikurangi 4 sisanya adalah 1!"
"q_math_pengurangan_250","pengurangan","Berapakah sisa 🍓 setelah dikurangi?","emoji","🍓",4,2,"-",2,20,"","4 dikurangi 2 sisanya adalah 2!"
"q_math_pengurangan_251","pengurangan","Berapakah sisa 🐢 setelah dikurangi?","emoji","🐢",7,3,"-",4,20,"","7 dikurangi 3 sisanya adalah 4!"
"q_math_pengurangan_252","pengurangan","Berapakah sisa 🚀 setelah dikurangi?","emoji","🚀",8,3,"-",5,20,"","8 dikurangi 3 sisanya adalah 5!"
"q_math_pengurangan_253","pengurangan","Berapakah sisa 🐼 setelah dikurangi?","emoji","🐼",8,7,"-",1,20,"","8 dikurangi 7 sisanya adalah 1!"
"q_math_pengurangan_254","pengurangan","Berapakah sisa 🍰 setelah dikurangi?","emoji","🍰",8,7,"-",1,20,"","8 dikurangi 7 sisanya adalah 1!"
"q_math_pengurangan_255","pengurangan","Berapakah sisa 🐱 setelah dikurangi?","emoji","🐱",5,4,"-",1,20,"","5 dikurangi 4 sisanya adalah 1!"
"q_math_pengurangan_256","pengurangan","Berapakah sisa 🦖 setelah dikurangi?","emoji","🦖",4,1,"-",3,20,"","4 dikurangi 1 sisanya adalah 3!"
"q_math_pengurangan_257","pengurangan","Berapakah sisa ⚽ setelah dikurangi?","emoji","⚽",7,3,"-",4,20,"","7 dikurangi 3 sisanya adalah 4!"
"q_math_pengurangan_258","pengurangan","Berapakah sisa 🍪 setelah dikurangi?","emoji","🍪",4,1,"-",3,20,"","4 dikurangi 1 sisanya adalah 3!"
"q_math_pengurangan_259","pengurangan","Berapakah sisa 🍌 setelah dikurangi?","emoji","🍌",6,2,"-",4,20,"","6 dikurangi 2 sisanya adalah 4!"
"q_math_pengurangan_260","pengurangan","Berapakah sisa 🍭 setelah dikurangi?","emoji","🍭",5,1,"-",4,20,"","5 dikurangi 1 sisanya adalah 4!"
"q_math_pengurangan_261","pengurangan","Berapakah sisa 🍕 setelah dikurangi?","emoji","🍕",5,1,"-",4,20,"","5 dikurangi 1 sisanya adalah 4!"
"q_math_pengurangan_262","pengurangan","Berapakah sisa 🦁 setelah dikurangi?","emoji","🦁",9,4,"-",5,20,"","9 dikurangi 4 sisanya adalah 5!"
"q_math_pengurangan_263","pengurangan","Berapakah sisa 🍇 setelah dikurangi?","emoji","🍇",3,1,"-",2,20,"","3 dikurangi 1 sisanya adalah 2!"
"q_math_pengurangan_264","pengurangan","Berapakah sisa 🐞 setelah dikurangi?","emoji","🐞",8,2,"-",6,20,"","8 dikurangi 2 sisanya adalah 6!"
"q_math_pengurangan_265","pengurangan","Berapakah sisa 🛸 setelah dikurangi?","emoji","🛸",6,3,"-",3,20,"","6 dikurangi 3 sisanya adalah 3!"
"q_math_pengurangan_266","pengurangan","Berapakah sisa 🐧 setelah dikurangi?","emoji","🐧",8,7,"-",1,20,"","8 dikurangi 7 sisanya adalah 1!"
"q_math_pengurangan_267","pengurangan","Berapakah sisa 🧸 setelah dikurangi?","emoji","🧸",3,2,"-",1,20,"","3 dikurangi 2 sisanya adalah 1!"
"q_math_pengurangan_268","pengurangan","Berapakah sisa 🐬 setelah dikurangi?","emoji","🐬",7,4,"-",3,20,"","7 dikurangi 4 sisanya adalah 3!"
"q_math_pengurangan_269","pengurangan","Berapakah sisa 🍟 setelah dikurangi?","emoji","🍟",3,1,"-",2,20,"","3 dikurangi 1 sisanya adalah 2!"
"q_math_pengurangan_270","pengurangan","Berapakah sisa 🍎 setelah dikurangi?","emoji","🍎",3,1,"-",2,20,"","3 dikurangi 1 sisanya adalah 2!"
"q_math_pengurangan_271","pengurangan","Berapakah sisa 🎈 setelah dikurangi?","emoji","🎈",4,2,"-",2,20,"","4 dikurangi 2 sisanya adalah 2!"
"q_math_pengurangan_272","pengurangan","Berapakah sisa ⭐️ setelah dikurangi?","emoji","⭐️",4,3,"-",1,20,"","4 dikurangi 3 sisanya adalah 1!"
"q_math_pengurangan_273","pengurangan","Berapakah sisa 🍩 setelah dikurangi?","emoji","🍩",8,1,"-",7,20,"","8 dikurangi 1 sisanya adalah 7!"
"q_math_pengurangan_274","pengurangan","Berapakah sisa 🚗 setelah dikurangi?","emoji","🚗",7,1,"-",6,20,"","7 dikurangi 1 sisanya adalah 6!"
"q_math_pengurangan_275","pengurangan","Berapakah sisa 🐰 setelah dikurangi?","emoji","🐰",6,2,"-",4,20,"","6 dikurangi 2 sisanya adalah 4!"
"q_math_pengurangan_276","pengurangan","Berapakah sisa 🍬 setelah dikurangi?","emoji","🍬",7,3,"-",4,20,"","7 dikurangi 3 sisanya adalah 4!"
"q_math_pengurangan_277","pengurangan","Berapakah sisa 🐥 setelah dikurangi?","emoji","🐥",4,3,"-",1,20,"","4 dikurangi 3 sisanya adalah 1!"
"q_math_pengurangan_278","pengurangan","Berapakah sisa 🍦 setelah dikurangi?","emoji","🍦",6,2,"-",4,20,"","6 dikurangi 2 sisanya adalah 4!"
"q_math_pengurangan_279","pengurangan","Berapakah sisa 🌸 setelah dikurangi?","emoji","🌸",9,7,"-",2,20,"","9 dikurangi 7 sisanya adalah 2!"
"q_math_pengurangan_280","pengurangan","Berapakah sisa 🍓 setelah dikurangi?","emoji","🍓",5,1,"-",4,20,"","5 dikurangi 1 sisanya adalah 4!"
"q_math_pengurangan_281","pengurangan","Berapakah sisa 🐢 setelah dikurangi?","emoji","🐢",6,1,"-",5,20,"","6 dikurangi 1 sisanya adalah 5!"
"q_math_pengurangan_282","pengurangan","Berapakah sisa 🚀 setelah dikurangi?","emoji","🚀",9,5,"-",4,20,"","9 dikurangi 5 sisanya adalah 4!"
"q_math_pengurangan_283","pengurangan","Berapakah sisa 🐼 setelah dikurangi?","emoji","🐼",6,2,"-",4,20,"","6 dikurangi 2 sisanya adalah 4!"
"q_math_pengurangan_284","pengurangan","Berapakah sisa 🍰 setelah dikurangi?","emoji","🍰",7,4,"-",3,20,"","7 dikurangi 4 sisanya adalah 3!"
"q_math_pengurangan_285","pengurangan","Berapakah sisa 🐱 setelah dikurangi?","emoji","🐱",9,4,"-",5,20,"","9 dikurangi 4 sisanya adalah 5!"
"q_math_pengurangan_286","pengurangan","Berapakah sisa 🦖 setelah dikurangi?","emoji","🦖",4,3,"-",1,20,"","4 dikurangi 3 sisanya adalah 1!"
"q_math_pengurangan_287","pengurangan","Berapakah sisa ⚽ setelah dikurangi?","emoji","⚽",4,1,"-",3,20,"","4 dikurangi 1 sisanya adalah 3!"
"q_math_pengurangan_288","pengurangan","Berapakah sisa 🍪 setelah dikurangi?","emoji","🍪",9,1,"-",8,20,"","9 dikurangi 1 sisanya adalah 8!"
"q_math_pengurangan_289","pengurangan","Berapakah sisa 🍌 setelah dikurangi?","emoji","🍌",7,5,"-",2,20,"","7 dikurangi 5 sisanya adalah 2!"
"q_math_pengurangan_290","pengurangan","Berapakah sisa 🍭 setelah dikurangi?","emoji","🍭",9,1,"-",8,20,"","9 dikurangi 1 sisanya adalah 8!"
"q_math_pengurangan_291","pengurangan","Berapakah sisa 🍕 setelah dikurangi?","emoji","🍕",6,2,"-",4,20,"","6 dikurangi 2 sisanya adalah 4!"
"q_math_pengurangan_292","pengurangan","Berapakah sisa 🦁 setelah dikurangi?","emoji","🦁",3,1,"-",2,20,"","3 dikurangi 1 sisanya adalah 2!"
"q_math_pengurangan_293","pengurangan","Berapakah sisa 🍇 setelah dikurangi?","emoji","🍇",6,5,"-",1,20,"","6 dikurangi 5 sisanya adalah 1!"
"q_math_pengurangan_294","pengurangan","Berapakah sisa 🐞 setelah dikurangi?","emoji","🐞",5,4,"-",1,20,"","5 dikurangi 4 sisanya adalah 1!"
"q_math_pengurangan_295","pengurangan","Berapakah sisa 🛸 setelah dikurangi?","emoji","🛸",9,2,"-",7,20,"","9 dikurangi 2 sisanya adalah 7!"
"q_math_pengurangan_296","pengurangan","Berapakah sisa 🐧 setelah dikurangi?","emoji","🐧",3,2,"-",1,20,"","3 dikurangi 2 sisanya adalah 1!"
"q_math_pengurangan_297","pengurangan","Berapakah sisa 🧸 setelah dikurangi?","emoji","🧸",5,3,"-",2,20,"","5 dikurangi 3 sisanya adalah 2!"
"q_math_pengurangan_298","pengurangan","Berapakah sisa 🐬 setelah dikurangi?","emoji","🐬",6,5,"-",1,20,"","6 dikurangi 5 sisanya adalah 1!"
"q_math_pengurangan_299","pengurangan","Berapakah sisa 🍟 setelah dikurangi?","emoji","🍟",5,1,"-",4,20,"","5 dikurangi 1 sisanya adalah 4!"
"q_math_pengurangan_300","pengurangan","Berapakah sisa 🍎 setelah dikurangi?","emoji","🍎",9,4,"-",5,20,"","9 dikurangi 4 sisanya adalah 5!"
"q_math_hitung_benda_1","hitung_benda","Ayo hitung! Ada berapa 🎈 di layar?","emoji","🎈",9,0,"?",9,20,"","Ada tepat 9 🎈 lucu!"
"q_math_hitung_benda_2","hitung_benda","Ayo hitung! Ada berapa ⭐️ di layar?","emoji","⭐️",7,0,"?",7,20,"","Ada tepat 7 ⭐️ lucu!"
"q_math_hitung_benda_3","hitung_benda","Ayo hitung! Ada berapa 🍩 di layar?","emoji","🍩",3,0,"?",3,20,"","Ada tepat 3 🍩 lucu!"
"q_math_hitung_benda_4","hitung_benda","Ayo hitung! Ada berapa 🚗 di layar?","emoji","🚗",4,0,"?",4,20,"","Ada tepat 4 🚗 lucu!"
"q_math_hitung_benda_5","hitung_benda","Ayo hitung! Ada berapa 🐰 di layar?","emoji","🐰",6,0,"?",6,20,"","Ada tepat 6 🐰 lucu!"
"q_math_hitung_benda_6","hitung_benda","Ayo hitung! Ada berapa 🍬 di layar?","emoji","🍬",2,0,"?",2,20,"","Ada tepat 2 🍬 lucu!"
"q_math_hitung_benda_7","hitung_benda","Ayo hitung! Ada berapa 🐥 di layar?","emoji","🐥",4,0,"?",4,20,"","Ada tepat 4 🐥 lucu!"
"q_math_hitung_benda_8","hitung_benda","Ayo hitung! Ada berapa 🍦 di layar?","emoji","🍦",6,0,"?",6,20,"","Ada tepat 6 🍦 lucu!"
"q_math_hitung_benda_9","hitung_benda","Ayo hitung! Ada berapa 🌸 di layar?","emoji","🌸",1,0,"?",1,20,"","Ada tepat 1 🌸 lucu!"
"q_math_hitung_benda_10","hitung_benda","Ayo hitung! Ada berapa 🍓 di layar?","emoji","🍓",2,0,"?",2,20,"","Ada tepat 2 🍓 lucu!"
"q_math_hitung_benda_11","hitung_benda","Ayo hitung! Ada berapa 🐢 di layar?","emoji","🐢",8,0,"?",8,20,"","Ada tepat 8 🐢 lucu!"
"q_math_hitung_benda_12","hitung_benda","Ayo hitung! Ada berapa 🚀 di layar?","emoji","🚀",3,0,"?",3,20,"","Ada tepat 3 🚀 lucu!"
"q_math_hitung_benda_13","hitung_benda","Ayo hitung! Ada berapa 🐼 di layar?","emoji","🐼",3,0,"?",3,20,"","Ada tepat 3 🐼 lucu!"
"q_math_hitung_benda_14","hitung_benda","Ayo hitung! Ada berapa 🍰 di layar?","emoji","🍰",5,0,"?",5,20,"","Ada tepat 5 🍰 lucu!"
"q_math_hitung_benda_15","hitung_benda","Ayo hitung! Ada berapa 🐱 di layar?","emoji","🐱",8,0,"?",8,20,"","Ada tepat 8 🐱 lucu!"
"q_math_hitung_benda_16","hitung_benda","Ayo hitung! Ada berapa 🦖 di layar?","emoji","🦖",5,0,"?",5,20,"","Ada tepat 5 🦖 lucu!"
"q_math_hitung_benda_17","hitung_benda","Ayo hitung! Ada berapa ⚽ di layar?","emoji","⚽",8,0,"?",8,20,"","Ada tepat 8 ⚽ lucu!"
"q_math_hitung_benda_18","hitung_benda","Ayo hitung! Ada berapa 🍪 di layar?","emoji","🍪",6,0,"?",6,20,"","Ada tepat 6 🍪 lucu!"
"q_math_hitung_benda_19","hitung_benda","Ayo hitung! Ada berapa 🍌 di layar?","emoji","🍌",4,0,"?",4,20,"","Ada tepat 4 🍌 lucu!"
"q_math_hitung_benda_20","hitung_benda","Ayo hitung! Ada berapa 🍭 di layar?","emoji","🍭",7,0,"?",7,20,"","Ada tepat 7 🍭 lucu!"
"q_math_hitung_benda_21","hitung_benda","Ayo hitung! Ada berapa 🍕 di layar?","emoji","🍕",8,0,"?",8,20,"","Ada tepat 8 🍕 lucu!"
"q_math_hitung_benda_22","hitung_benda","Ayo hitung! Ada berapa 🦁 di layar?","emoji","🦁",9,0,"?",9,20,"","Ada tepat 9 🦁 lucu!"
"q_math_hitung_benda_23","hitung_benda","Ayo hitung! Ada berapa 🍇 di layar?","emoji","🍇",8,0,"?",8,20,"","Ada tepat 8 🍇 lucu!"
"q_math_hitung_benda_24","hitung_benda","Ayo hitung! Ada berapa 🐞 di layar?","emoji","🐞",3,0,"?",3,20,"","Ada tepat 3 🐞 lucu!"
"q_math_hitung_benda_25","hitung_benda","Ayo hitung! Ada berapa 🛸 di layar?","emoji","🛸",1,0,"?",1,20,"","Ada tepat 1 🛸 lucu!"
"q_math_hitung_benda_26","hitung_benda","Ayo hitung! Ada berapa 🐧 di layar?","emoji","🐧",7,0,"?",7,20,"","Ada tepat 7 🐧 lucu!"
"q_math_hitung_benda_27","hitung_benda","Ayo hitung! Ada berapa 🧸 di layar?","emoji","🧸",1,0,"?",1,20,"","Ada tepat 1 🧸 lucu!"
"q_math_hitung_benda_28","hitung_benda","Ayo hitung! Ada berapa 🐬 di layar?","emoji","🐬",6,0,"?",6,20,"","Ada tepat 6 🐬 lucu!"
"q_math_hitung_benda_29","hitung_benda","Ayo hitung! Ada berapa 🍟 di layar?","emoji","🍟",5,0,"?",5,20,"","Ada tepat 5 🍟 lucu!"
"q_math_hitung_benda_30","hitung_benda","Ayo hitung! Ada berapa 🍎 di layar?","emoji","🍎",9,0,"?",9,20,"","Ada tepat 9 🍎 lucu!"
"q_math_hitung_benda_31","hitung_benda","Ayo hitung! Ada berapa 🎈 di layar?","emoji","🎈",4,0,"?",4,20,"","Ada tepat 4 🎈 lucu!"
"q_math_hitung_benda_32","hitung_benda","Ayo hitung! Ada berapa ⭐️ di layar?","emoji","⭐️",7,0,"?",7,20,"","Ada tepat 7 ⭐️ lucu!"
"q_math_hitung_benda_33","hitung_benda","Ayo hitung! Ada berapa 🍩 di layar?","emoji","🍩",5,0,"?",5,20,"","Ada tepat 5 🍩 lucu!"
"q_math_hitung_benda_34","hitung_benda","Ayo hitung! Ada berapa 🚗 di layar?","emoji","🚗",8,0,"?",8,20,"","Ada tepat 8 🚗 lucu!"
"q_math_hitung_benda_35","hitung_benda","Ayo hitung! Ada berapa 🐰 di layar?","emoji","🐰",7,0,"?",7,20,"","Ada tepat 7 🐰 lucu!"
"q_math_hitung_benda_36","hitung_benda","Ayo hitung! Ada berapa 🍬 di layar?","emoji","🍬",8,0,"?",8,20,"","Ada tepat 8 🍬 lucu!"
"q_math_hitung_benda_37","hitung_benda","Ayo hitung! Ada berapa 🐥 di layar?","emoji","🐥",3,0,"?",3,20,"","Ada tepat 3 🐥 lucu!"
"q_math_hitung_benda_38","hitung_benda","Ayo hitung! Ada berapa 🍦 di layar?","emoji","🍦",1,0,"?",1,20,"","Ada tepat 1 🍦 lucu!"
"q_math_hitung_benda_39","hitung_benda","Ayo hitung! Ada berapa 🌸 di layar?","emoji","🌸",7,0,"?",7,20,"","Ada tepat 7 🌸 lucu!"
"q_math_hitung_benda_40","hitung_benda","Ayo hitung! Ada berapa 🍓 di layar?","emoji","🍓",7,0,"?",7,20,"","Ada tepat 7 🍓 lucu!"
"q_math_hitung_benda_41","hitung_benda","Ayo hitung! Ada berapa 🐢 di layar?","emoji","🐢",9,0,"?",9,20,"","Ada tepat 9 🐢 lucu!"
"q_math_hitung_benda_42","hitung_benda","Ayo hitung! Ada berapa 🚀 di layar?","emoji","🚀",8,0,"?",8,20,"","Ada tepat 8 🚀 lucu!"
"q_math_hitung_benda_43","hitung_benda","Ayo hitung! Ada berapa 🐼 di layar?","emoji","🐼",4,0,"?",4,20,"","Ada tepat 4 🐼 lucu!"
"q_math_hitung_benda_44","hitung_benda","Ayo hitung! Ada berapa 🍰 di layar?","emoji","🍰",5,0,"?",5,20,"","Ada tepat 5 🍰 lucu!"
"q_math_hitung_benda_45","hitung_benda","Ayo hitung! Ada berapa 🐱 di layar?","emoji","🐱",1,0,"?",1,20,"","Ada tepat 1 🐱 lucu!"
"q_math_hitung_benda_46","hitung_benda","Ayo hitung! Ada berapa 🦖 di layar?","emoji","🦖",9,0,"?",9,20,"","Ada tepat 9 🦖 lucu!"
"q_math_hitung_benda_47","hitung_benda","Ayo hitung! Ada berapa ⚽ di layar?","emoji","⚽",5,0,"?",5,20,"","Ada tepat 5 ⚽ lucu!"
"q_math_hitung_benda_48","hitung_benda","Ayo hitung! Ada berapa 🍪 di layar?","emoji","🍪",4,0,"?",4,20,"","Ada tepat 4 🍪 lucu!"
"q_math_hitung_benda_49","hitung_benda","Ayo hitung! Ada berapa 🍌 di layar?","emoji","🍌",9,0,"?",9,20,"","Ada tepat 9 🍌 lucu!"
"q_math_hitung_benda_50","hitung_benda","Ayo hitung! Ada berapa 🍭 di layar?","emoji","🍭",4,0,"?",4,20,"","Ada tepat 4 🍭 lucu!"
"q_math_hitung_benda_51","hitung_benda","Ayo hitung! Ada berapa 🍕 di layar?","emoji","🍕",8,0,"?",8,20,"","Ada tepat 8 🍕 lucu!"
"q_math_hitung_benda_52","hitung_benda","Ayo hitung! Ada berapa 🦁 di layar?","emoji","🦁",5,0,"?",5,20,"","Ada tepat 5 🦁 lucu!"
"q_math_hitung_benda_53","hitung_benda","Ayo hitung! Ada berapa 🍇 di layar?","emoji","🍇",9,0,"?",9,20,"","Ada tepat 9 🍇 lucu!"
"q_math_hitung_benda_54","hitung_benda","Ayo hitung! Ada berapa 🐞 di layar?","emoji","🐞",7,0,"?",7,20,"","Ada tepat 7 🐞 lucu!"
"q_math_hitung_benda_55","hitung_benda","Ayo hitung! Ada berapa 🛸 di layar?","emoji","🛸",8,0,"?",8,20,"","Ada tepat 8 🛸 lucu!"
"q_math_hitung_benda_56","hitung_benda","Ayo hitung! Ada berapa 🐧 di layar?","emoji","🐧",2,0,"?",2,20,"","Ada tepat 2 🐧 lucu!"
"q_math_hitung_benda_57","hitung_benda","Ayo hitung! Ada berapa 🧸 di layar?","emoji","🧸",4,0,"?",4,20,"","Ada tepat 4 🧸 lucu!"
"q_math_hitung_benda_58","hitung_benda","Ayo hitung! Ada berapa 🐬 di layar?","emoji","🐬",1,0,"?",1,20,"","Ada tepat 1 🐬 lucu!"
"q_math_hitung_benda_59","hitung_benda","Ayo hitung! Ada berapa 🍟 di layar?","emoji","🍟",2,0,"?",2,20,"","Ada tepat 2 🍟 lucu!"
"q_math_hitung_benda_60","hitung_benda","Ayo hitung! Ada berapa 🍎 di layar?","emoji","🍎",7,0,"?",7,20,"","Ada tepat 7 🍎 lucu!"
"q_math_hitung_benda_61","hitung_benda","Ayo hitung! Ada berapa 🎈 di layar?","emoji","🎈",4,0,"?",4,20,"","Ada tepat 4 🎈 lucu!"
"q_math_hitung_benda_62","hitung_benda","Ayo hitung! Ada berapa ⭐️ di layar?","emoji","⭐️",3,0,"?",3,20,"","Ada tepat 3 ⭐️ lucu!"
"q_math_hitung_benda_63","hitung_benda","Ayo hitung! Ada berapa 🍩 di layar?","emoji","🍩",1,0,"?",1,20,"","Ada tepat 1 🍩 lucu!"
"q_math_hitung_benda_64","hitung_benda","Ayo hitung! Ada berapa 🚗 di layar?","emoji","🚗",3,0,"?",3,20,"","Ada tepat 3 🚗 lucu!"
"q_math_hitung_benda_65","hitung_benda","Ayo hitung! Ada berapa 🐰 di layar?","emoji","🐰",1,0,"?",1,20,"","Ada tepat 1 🐰 lucu!"
"q_math_hitung_benda_66","hitung_benda","Ayo hitung! Ada berapa 🍬 di layar?","emoji","🍬",5,0,"?",5,20,"","Ada tepat 5 🍬 lucu!"
"q_math_hitung_benda_67","hitung_benda","Ayo hitung! Ada berapa 🐥 di layar?","emoji","🐥",5,0,"?",5,20,"","Ada tepat 5 🐥 lucu!"
"q_math_hitung_benda_68","hitung_benda","Ayo hitung! Ada berapa 🍦 di layar?","emoji","🍦",5,0,"?",5,20,"","Ada tepat 5 🍦 lucu!"
"q_math_hitung_benda_69","hitung_benda","Ayo hitung! Ada berapa 🌸 di layar?","emoji","🌸",4,0,"?",4,20,"","Ada tepat 4 🌸 lucu!"
"q_math_hitung_benda_70","hitung_benda","Ayo hitung! Ada berapa 🍓 di layar?","emoji","🍓",6,0,"?",6,20,"","Ada tepat 6 🍓 lucu!"
"q_math_hitung_benda_71","hitung_benda","Ayo hitung! Ada berapa 🐢 di layar?","emoji","🐢",6,0,"?",6,20,"","Ada tepat 6 🐢 lucu!"
"q_math_hitung_benda_72","hitung_benda","Ayo hitung! Ada berapa 🚀 di layar?","emoji","🚀",6,0,"?",6,20,"","Ada tepat 6 🚀 lucu!"
"q_math_hitung_benda_73","hitung_benda","Ayo hitung! Ada berapa 🐼 di layar?","emoji","🐼",6,0,"?",6,20,"","Ada tepat 6 🐼 lucu!"
"q_math_hitung_benda_74","hitung_benda","Ayo hitung! Ada berapa 🍰 di layar?","emoji","🍰",7,0,"?",7,20,"","Ada tepat 7 🍰 lucu!"
"q_math_hitung_benda_75","hitung_benda","Ayo hitung! Ada berapa 🐱 di layar?","emoji","🐱",4,0,"?",4,20,"","Ada tepat 4 🐱 lucu!"
"q_math_hitung_benda_76","hitung_benda","Ayo hitung! Ada berapa 🦖 di layar?","emoji","🦖",9,0,"?",9,20,"","Ada tepat 9 🦖 lucu!"
"q_math_hitung_benda_77","hitung_benda","Ayo hitung! Ada berapa ⚽ di layar?","emoji","⚽",5,0,"?",5,20,"","Ada tepat 5 ⚽ lucu!"
"q_math_hitung_benda_78","hitung_benda","Ayo hitung! Ada berapa 🍪 di layar?","emoji","🍪",3,0,"?",3,20,"","Ada tepat 3 🍪 lucu!"
"q_math_hitung_benda_79","hitung_benda","Ayo hitung! Ada berapa 🍌 di layar?","emoji","🍌",9,0,"?",9,20,"","Ada tepat 9 🍌 lucu!"
"q_math_hitung_benda_80","hitung_benda","Ayo hitung! Ada berapa 🍭 di layar?","emoji","🍭",5,0,"?",5,20,"","Ada tepat 5 🍭 lucu!"
"q_math_hitung_benda_81","hitung_benda","Ayo hitung! Ada berapa 🍕 di layar?","emoji","🍕",2,0,"?",2,20,"","Ada tepat 2 🍕 lucu!"
"q_math_hitung_benda_82","hitung_benda","Ayo hitung! Ada berapa 🦁 di layar?","emoji","🦁",7,0,"?",7,20,"","Ada tepat 7 🦁 lucu!"
"q_math_hitung_benda_83","hitung_benda","Ayo hitung! Ada berapa 🍇 di layar?","emoji","🍇",5,0,"?",5,20,"","Ada tepat 5 🍇 lucu!"
"q_math_hitung_benda_84","hitung_benda","Ayo hitung! Ada berapa 🐞 di layar?","emoji","🐞",4,0,"?",4,20,"","Ada tepat 4 🐞 lucu!"
"q_math_hitung_benda_85","hitung_benda","Ayo hitung! Ada berapa 🛸 di layar?","emoji","🛸",8,0,"?",8,20,"","Ada tepat 8 🛸 lucu!"
"q_math_hitung_benda_86","hitung_benda","Ayo hitung! Ada berapa 🐧 di layar?","emoji","🐧",8,0,"?",8,20,"","Ada tepat 8 🐧 lucu!"
"q_math_hitung_benda_87","hitung_benda","Ayo hitung! Ada berapa 🧸 di layar?","emoji","🧸",9,0,"?",9,20,"","Ada tepat 9 🧸 lucu!"
"q_math_hitung_benda_88","hitung_benda","Ayo hitung! Ada berapa 🐬 di layar?","emoji","🐬",8,0,"?",8,20,"","Ada tepat 8 🐬 lucu!"
"q_math_hitung_benda_89","hitung_benda","Ayo hitung! Ada berapa 🍟 di layar?","emoji","🍟",4,0,"?",4,20,"","Ada tepat 4 🍟 lucu!"
"q_math_hitung_benda_90","hitung_benda","Ayo hitung! Ada berapa 🍎 di layar?","emoji","🍎",2,0,"?",2,20,"","Ada tepat 2 🍎 lucu!"
"q_math_hitung_benda_91","hitung_benda","Ayo hitung! Ada berapa 🎈 di layar?","emoji","🎈",6,0,"?",6,20,"","Ada tepat 6 🎈 lucu!"
"q_math_hitung_benda_92","hitung_benda","Ayo hitung! Ada berapa ⭐️ di layar?","emoji","⭐️",7,0,"?",7,20,"","Ada tepat 7 ⭐️ lucu!"
"q_math_hitung_benda_93","hitung_benda","Ayo hitung! Ada berapa 🍩 di layar?","emoji","🍩",1,0,"?",1,20,"","Ada tepat 1 🍩 lucu!"
"q_math_hitung_benda_94","hitung_benda","Ayo hitung! Ada berapa 🚗 di layar?","emoji","🚗",3,0,"?",3,20,"","Ada tepat 3 🚗 lucu!"
"q_math_hitung_benda_95","hitung_benda","Ayo hitung! Ada berapa 🐰 di layar?","emoji","🐰",9,0,"?",9,20,"","Ada tepat 9 🐰 lucu!"
"q_math_hitung_benda_96","hitung_benda","Ayo hitung! Ada berapa 🍬 di layar?","emoji","🍬",9,0,"?",9,20,"","Ada tepat 9 🍬 lucu!"
"q_math_hitung_benda_97","hitung_benda","Ayo hitung! Ada berapa 🐥 di layar?","emoji","🐥",7,0,"?",7,20,"","Ada tepat 7 🐥 lucu!"
"q_math_hitung_benda_98","hitung_benda","Ayo hitung! Ada berapa 🍦 di layar?","emoji","🍦",5,0,"?",5,20,"","Ada tepat 5 🍦 lucu!"
"q_math_hitung_benda_99","hitung_benda","Ayo hitung! Ada berapa 🌸 di layar?","emoji","🌸",5,0,"?",5,20,"","Ada tepat 5 🌸 lucu!"
"q_math_hitung_benda_100","hitung_benda","Ayo hitung! Ada berapa 🍓 di layar?","emoji","🍓",9,0,"?",9,20,"","Ada tepat 9 🍓 lucu!"
"q_math_hitung_benda_101","hitung_benda","Ayo hitung! Ada berapa 🐢 di layar?","emoji","🐢",8,0,"?",8,20,"","Ada tepat 8 🐢 lucu!"
"q_math_hitung_benda_102","hitung_benda","Ayo hitung! Ada berapa 🚀 di layar?","emoji","🚀",2,0,"?",2,20,"","Ada tepat 2 🚀 lucu!"
"q_math_hitung_benda_103","hitung_benda","Ayo hitung! Ada berapa 🐼 di layar?","emoji","🐼",1,0,"?",1,20,"","Ada tepat 1 🐼 lucu!"
"q_math_hitung_benda_104","hitung_benda","Ayo hitung! Ada berapa 🍰 di layar?","emoji","🍰",4,0,"?",4,20,"","Ada tepat 4 🍰 lucu!"
"q_math_hitung_benda_105","hitung_benda","Ayo hitung! Ada berapa 🐱 di layar?","emoji","🐱",7,0,"?",7,20,"","Ada tepat 7 🐱 lucu!"
"q_math_hitung_benda_106","hitung_benda","Ayo hitung! Ada berapa 🦖 di layar?","emoji","🦖",8,0,"?",8,20,"","Ada tepat 8 🦖 lucu!"
"q_math_hitung_benda_107","hitung_benda","Ayo hitung! Ada berapa ⚽ di layar?","emoji","⚽",1,0,"?",1,20,"","Ada tepat 1 ⚽ lucu!"
"q_math_hitung_benda_108","hitung_benda","Ayo hitung! Ada berapa 🍪 di layar?","emoji","🍪",8,0,"?",8,20,"","Ada tepat 8 🍪 lucu!"
"q_math_hitung_benda_109","hitung_benda","Ayo hitung! Ada berapa 🍌 di layar?","emoji","🍌",4,0,"?",4,20,"","Ada tepat 4 🍌 lucu!"
"q_math_hitung_benda_110","hitung_benda","Ayo hitung! Ada berapa 🍭 di layar?","emoji","🍭",4,0,"?",4,20,"","Ada tepat 4 🍭 lucu!"
"q_math_hitung_benda_111","hitung_benda","Ayo hitung! Ada berapa 🍕 di layar?","emoji","🍕",8,0,"?",8,20,"","Ada tepat 8 🍕 lucu!"
"q_math_hitung_benda_112","hitung_benda","Ayo hitung! Ada berapa 🦁 di layar?","emoji","🦁",7,0,"?",7,20,"","Ada tepat 7 🦁 lucu!"
"q_math_hitung_benda_113","hitung_benda","Ayo hitung! Ada berapa 🍇 di layar?","emoji","🍇",1,0,"?",1,20,"","Ada tepat 1 🍇 lucu!"
"q_math_hitung_benda_114","hitung_benda","Ayo hitung! Ada berapa 🐞 di layar?","emoji","🐞",4,0,"?",4,20,"","Ada tepat 4 🐞 lucu!"
"q_math_hitung_benda_115","hitung_benda","Ayo hitung! Ada berapa 🛸 di layar?","emoji","🛸",9,0,"?",9,20,"","Ada tepat 9 🛸 lucu!"
"q_math_hitung_benda_116","hitung_benda","Ayo hitung! Ada berapa 🐧 di layar?","emoji","🐧",5,0,"?",5,20,"","Ada tepat 5 🐧 lucu!"
"q_math_hitung_benda_117","hitung_benda","Ayo hitung! Ada berapa 🧸 di layar?","emoji","🧸",9,0,"?",9,20,"","Ada tepat 9 🧸 lucu!"
"q_math_hitung_benda_118","hitung_benda","Ayo hitung! Ada berapa 🐬 di layar?","emoji","🐬",4,0,"?",4,20,"","Ada tepat 4 🐬 lucu!"
"q_math_hitung_benda_119","hitung_benda","Ayo hitung! Ada berapa 🍟 di layar?","emoji","🍟",2,0,"?",2,20,"","Ada tepat 2 🍟 lucu!"
"q_math_hitung_benda_120","hitung_benda","Ayo hitung! Ada berapa 🍎 di layar?","emoji","🍎",5,0,"?",5,20,"","Ada tepat 5 🍎 lucu!"
"q_math_hitung_benda_121","hitung_benda","Ayo hitung! Ada berapa 🎈 di layar?","emoji","🎈",1,0,"?",1,20,"","Ada tepat 1 🎈 lucu!"
"q_math_hitung_benda_122","hitung_benda","Ayo hitung! Ada berapa ⭐️ di layar?","emoji","⭐️",4,0,"?",4,20,"","Ada tepat 4 ⭐️ lucu!"
"q_math_hitung_benda_123","hitung_benda","Ayo hitung! Ada berapa 🍩 di layar?","emoji","🍩",4,0,"?",4,20,"","Ada tepat 4 🍩 lucu!"
"q_math_hitung_benda_124","hitung_benda","Ayo hitung! Ada berapa 🚗 di layar?","emoji","🚗",7,0,"?",7,20,"","Ada tepat 7 🚗 lucu!"
"q_math_hitung_benda_125","hitung_benda","Ayo hitung! Ada berapa 🐰 di layar?","emoji","🐰",2,0,"?",2,20,"","Ada tepat 2 🐰 lucu!"
"q_math_hitung_benda_126","hitung_benda","Ayo hitung! Ada berapa 🍬 di layar?","emoji","🍬",4,0,"?",4,20,"","Ada tepat 4 🍬 lucu!"
"q_math_hitung_benda_127","hitung_benda","Ayo hitung! Ada berapa 🐥 di layar?","emoji","🐥",9,0,"?",9,20,"","Ada tepat 9 🐥 lucu!"
"q_math_hitung_benda_128","hitung_benda","Ayo hitung! Ada berapa 🍦 di layar?","emoji","🍦",7,0,"?",7,20,"","Ada tepat 7 🍦 lucu!"
"q_math_hitung_benda_129","hitung_benda","Ayo hitung! Ada berapa 🌸 di layar?","emoji","🌸",8,0,"?",8,20,"","Ada tepat 8 🌸 lucu!"
"q_math_hitung_benda_130","hitung_benda","Ayo hitung! Ada berapa 🍓 di layar?","emoji","🍓",8,0,"?",8,20,"","Ada tepat 8 🍓 lucu!"
"q_math_hitung_benda_131","hitung_benda","Ayo hitung! Ada berapa 🐢 di layar?","emoji","🐢",3,0,"?",3,20,"","Ada tepat 3 🐢 lucu!"
"q_math_hitung_benda_132","hitung_benda","Ayo hitung! Ada berapa 🚀 di layar?","emoji","🚀",7,0,"?",7,20,"","Ada tepat 7 🚀 lucu!"
"q_math_hitung_benda_133","hitung_benda","Ayo hitung! Ada berapa 🐼 di layar?","emoji","🐼",1,0,"?",1,20,"","Ada tepat 1 🐼 lucu!"
"q_math_hitung_benda_134","hitung_benda","Ayo hitung! Ada berapa 🍰 di layar?","emoji","🍰",5,0,"?",5,20,"","Ada tepat 5 🍰 lucu!"
"q_math_hitung_benda_135","hitung_benda","Ayo hitung! Ada berapa 🐱 di layar?","emoji","🐱",8,0,"?",8,20,"","Ada tepat 8 🐱 lucu!"
"q_math_hitung_benda_136","hitung_benda","Ayo hitung! Ada berapa 🦖 di layar?","emoji","🦖",7,0,"?",7,20,"","Ada tepat 7 🦖 lucu!"
"q_math_hitung_benda_137","hitung_benda","Ayo hitung! Ada berapa ⚽ di layar?","emoji","⚽",3,0,"?",3,20,"","Ada tepat 3 ⚽ lucu!"
"q_math_hitung_benda_138","hitung_benda","Ayo hitung! Ada berapa 🍪 di layar?","emoji","🍪",4,0,"?",4,20,"","Ada tepat 4 🍪 lucu!"
"q_math_hitung_benda_139","hitung_benda","Ayo hitung! Ada berapa 🍌 di layar?","emoji","🍌",9,0,"?",9,20,"","Ada tepat 9 🍌 lucu!"
"q_math_hitung_benda_140","hitung_benda","Ayo hitung! Ada berapa 🍭 di layar?","emoji","🍭",7,0,"?",7,20,"","Ada tepat 7 🍭 lucu!"
"q_math_hitung_benda_141","hitung_benda","Ayo hitung! Ada berapa 🍕 di layar?","emoji","🍕",4,0,"?",4,20,"","Ada tepat 4 🍕 lucu!"
"q_math_hitung_benda_142","hitung_benda","Ayo hitung! Ada berapa 🦁 di layar?","emoji","🦁",4,0,"?",4,20,"","Ada tepat 4 🦁 lucu!"
"q_math_hitung_benda_143","hitung_benda","Ayo hitung! Ada berapa 🍇 di layar?","emoji","🍇",2,0,"?",2,20,"","Ada tepat 2 🍇 lucu!"
"q_math_hitung_benda_144","hitung_benda","Ayo hitung! Ada berapa 🐞 di layar?","emoji","🐞",4,0,"?",4,20,"","Ada tepat 4 🐞 lucu!"
"q_math_hitung_benda_145","hitung_benda","Ayo hitung! Ada berapa 🛸 di layar?","emoji","🛸",6,0,"?",6,20,"","Ada tepat 6 🛸 lucu!"
"q_math_hitung_benda_146","hitung_benda","Ayo hitung! Ada berapa 🐧 di layar?","emoji","🐧",3,0,"?",3,20,"","Ada tepat 3 🐧 lucu!"
"q_math_hitung_benda_147","hitung_benda","Ayo hitung! Ada berapa 🧸 di layar?","emoji","🧸",8,0,"?",8,20,"","Ada tepat 8 🧸 lucu!"
"q_math_hitung_benda_148","hitung_benda","Ayo hitung! Ada berapa 🐬 di layar?","emoji","🐬",2,0,"?",2,20,"","Ada tepat 2 🐬 lucu!"
"q_math_hitung_benda_149","hitung_benda","Ayo hitung! Ada berapa 🍟 di layar?","emoji","🍟",6,0,"?",6,20,"","Ada tepat 6 🍟 lucu!"
"q_math_hitung_benda_150","hitung_benda","Ayo hitung! Ada berapa 🍎 di layar?","emoji","🍎",8,0,"?",8,20,"","Ada tepat 8 🍎 lucu!"
"q_math_hitung_benda_151","hitung_benda","Ayo hitung! Ada berapa 🎈 di layar?","emoji","🎈",3,0,"?",3,20,"","Ada tepat 3 🎈 lucu!"
"q_math_hitung_benda_152","hitung_benda","Ayo hitung! Ada berapa ⭐️ di layar?","emoji","⭐️",3,0,"?",3,20,"","Ada tepat 3 ⭐️ lucu!"
"q_math_hitung_benda_153","hitung_benda","Ayo hitung! Ada berapa 🍩 di layar?","emoji","🍩",7,0,"?",7,20,"","Ada tepat 7 🍩 lucu!"
"q_math_hitung_benda_154","hitung_benda","Ayo hitung! Ada berapa 🚗 di layar?","emoji","🚗",2,0,"?",2,20,"","Ada tepat 2 🚗 lucu!"
"q_math_hitung_benda_155","hitung_benda","Ayo hitung! Ada berapa 🐰 di layar?","emoji","🐰",5,0,"?",5,20,"","Ada tepat 5 🐰 lucu!"
"q_math_hitung_benda_156","hitung_benda","Ayo hitung! Ada berapa 🍬 di layar?","emoji","🍬",8,0,"?",8,20,"","Ada tepat 8 🍬 lucu!"
"q_math_hitung_benda_157","hitung_benda","Ayo hitung! Ada berapa 🐥 di layar?","emoji","🐥",8,0,"?",8,20,"","Ada tepat 8 🐥 lucu!"
"q_math_hitung_benda_158","hitung_benda","Ayo hitung! Ada berapa 🍦 di layar?","emoji","🍦",7,0,"?",7,20,"","Ada tepat 7 🍦 lucu!"
"q_math_hitung_benda_159","hitung_benda","Ayo hitung! Ada berapa 🌸 di layar?","emoji","🌸",8,0,"?",8,20,"","Ada tepat 8 🌸 lucu!"
"q_math_hitung_benda_160","hitung_benda","Ayo hitung! Ada berapa 🍓 di layar?","emoji","🍓",7,0,"?",7,20,"","Ada tepat 7 🍓 lucu!"
"q_math_hitung_benda_161","hitung_benda","Ayo hitung! Ada berapa 🐢 di layar?","emoji","🐢",5,0,"?",5,20,"","Ada tepat 5 🐢 lucu!"
"q_math_hitung_benda_162","hitung_benda","Ayo hitung! Ada berapa 🚀 di layar?","emoji","🚀",6,0,"?",6,20,"","Ada tepat 6 🚀 lucu!"
"q_math_hitung_benda_163","hitung_benda","Ayo hitung! Ada berapa 🐼 di layar?","emoji","🐼",4,0,"?",4,20,"","Ada tepat 4 🐼 lucu!"
"q_math_hitung_benda_164","hitung_benda","Ayo hitung! Ada berapa 🍰 di layar?","emoji","🍰",9,0,"?",9,20,"","Ada tepat 9 🍰 lucu!"
"q_math_hitung_benda_165","hitung_benda","Ayo hitung! Ada berapa 🐱 di layar?","emoji","🐱",8,0,"?",8,20,"","Ada tepat 8 🐱 lucu!"
"q_math_hitung_benda_166","hitung_benda","Ayo hitung! Ada berapa 🦖 di layar?","emoji","🦖",4,0,"?",4,20,"","Ada tepat 4 🦖 lucu!"
"q_math_hitung_benda_167","hitung_benda","Ayo hitung! Ada berapa ⚽ di layar?","emoji","⚽",1,0,"?",1,20,"","Ada tepat 1 ⚽ lucu!"
"q_math_hitung_benda_168","hitung_benda","Ayo hitung! Ada berapa 🍪 di layar?","emoji","🍪",5,0,"?",5,20,"","Ada tepat 5 🍪 lucu!"
"q_math_hitung_benda_169","hitung_benda","Ayo hitung! Ada berapa 🍌 di layar?","emoji","🍌",6,0,"?",6,20,"","Ada tepat 6 🍌 lucu!"
"q_math_hitung_benda_170","hitung_benda","Ayo hitung! Ada berapa 🍭 di layar?","emoji","🍭",4,0,"?",4,20,"","Ada tepat 4 🍭 lucu!"
"q_math_hitung_benda_171","hitung_benda","Ayo hitung! Ada berapa 🍕 di layar?","emoji","🍕",1,0,"?",1,20,"","Ada tepat 1 🍕 lucu!"
"q_math_hitung_benda_172","hitung_benda","Ayo hitung! Ada berapa 🦁 di layar?","emoji","🦁",6,0,"?",6,20,"","Ada tepat 6 🦁 lucu!"
"q_math_hitung_benda_173","hitung_benda","Ayo hitung! Ada berapa 🍇 di layar?","emoji","🍇",8,0,"?",8,20,"","Ada tepat 8 🍇 lucu!"
"q_math_hitung_benda_174","hitung_benda","Ayo hitung! Ada berapa 🐞 di layar?","emoji","🐞",7,0,"?",7,20,"","Ada tepat 7 🐞 lucu!"
"q_math_hitung_benda_175","hitung_benda","Ayo hitung! Ada berapa 🛸 di layar?","emoji","🛸",8,0,"?",8,20,"","Ada tepat 8 🛸 lucu!"
"q_math_hitung_benda_176","hitung_benda","Ayo hitung! Ada berapa 🐧 di layar?","emoji","🐧",1,0,"?",1,20,"","Ada tepat 1 🐧 lucu!"
"q_math_hitung_benda_177","hitung_benda","Ayo hitung! Ada berapa 🧸 di layar?","emoji","🧸",5,0,"?",5,20,"","Ada tepat 5 🧸 lucu!"
"q_math_hitung_benda_178","hitung_benda","Ayo hitung! Ada berapa 🐬 di layar?","emoji","🐬",3,0,"?",3,20,"","Ada tepat 3 🐬 lucu!"
"q_math_hitung_benda_179","hitung_benda","Ayo hitung! Ada berapa 🍟 di layar?","emoji","🍟",7,0,"?",7,20,"","Ada tepat 7 🍟 lucu!"
"q_math_hitung_benda_180","hitung_benda","Ayo hitung! Ada berapa 🍎 di layar?","emoji","🍎",6,0,"?",6,20,"","Ada tepat 6 🍎 lucu!"
"q_math_hitung_benda_181","hitung_benda","Ayo hitung! Ada berapa 🎈 di layar?","emoji","🎈",5,0,"?",5,20,"","Ada tepat 5 🎈 lucu!"
"q_math_hitung_benda_182","hitung_benda","Ayo hitung! Ada berapa ⭐️ di layar?","emoji","⭐️",9,0,"?",9,20,"","Ada tepat 9 ⭐️ lucu!"
"q_math_hitung_benda_183","hitung_benda","Ayo hitung! Ada berapa 🍩 di layar?","emoji","🍩",6,0,"?",6,20,"","Ada tepat 6 🍩 lucu!"
"q_math_hitung_benda_184","hitung_benda","Ayo hitung! Ada berapa 🚗 di layar?","emoji","🚗",4,0,"?",4,20,"","Ada tepat 4 🚗 lucu!"
"q_math_hitung_benda_185","hitung_benda","Ayo hitung! Ada berapa 🐰 di layar?","emoji","🐰",4,0,"?",4,20,"","Ada tepat 4 🐰 lucu!"
"q_math_hitung_benda_186","hitung_benda","Ayo hitung! Ada berapa 🍬 di layar?","emoji","🍬",7,0,"?",7,20,"","Ada tepat 7 🍬 lucu!"
"q_math_hitung_benda_187","hitung_benda","Ayo hitung! Ada berapa 🐥 di layar?","emoji","🐥",1,0,"?",1,20,"","Ada tepat 1 🐥 lucu!"
"q_math_hitung_benda_188","hitung_benda","Ayo hitung! Ada berapa 🍦 di layar?","emoji","🍦",4,0,"?",4,20,"","Ada tepat 4 🍦 lucu!"
"q_math_hitung_benda_189","hitung_benda","Ayo hitung! Ada berapa 🌸 di layar?","emoji","🌸",2,0,"?",2,20,"","Ada tepat 2 🌸 lucu!"
"q_math_hitung_benda_190","hitung_benda","Ayo hitung! Ada berapa 🍓 di layar?","emoji","🍓",2,0,"?",2,20,"","Ada tepat 2 🍓 lucu!"
"q_math_hitung_benda_191","hitung_benda","Ayo hitung! Ada berapa 🐢 di layar?","emoji","🐢",7,0,"?",7,20,"","Ada tepat 7 🐢 lucu!"
"q_math_hitung_benda_192","hitung_benda","Ayo hitung! Ada berapa 🚀 di layar?","emoji","🚀",7,0,"?",7,20,"","Ada tepat 7 🚀 lucu!"
"q_math_hitung_benda_193","hitung_benda","Ayo hitung! Ada berapa 🐼 di layar?","emoji","🐼",6,0,"?",6,20,"","Ada tepat 6 🐼 lucu!"
"q_math_hitung_benda_194","hitung_benda","Ayo hitung! Ada berapa 🍰 di layar?","emoji","🍰",6,0,"?",6,20,"","Ada tepat 6 🍰 lucu!"
"q_math_hitung_benda_195","hitung_benda","Ayo hitung! Ada berapa 🐱 di layar?","emoji","🐱",9,0,"?",9,20,"","Ada tepat 9 🐱 lucu!"
"q_math_hitung_benda_196","hitung_benda","Ayo hitung! Ada berapa 🦖 di layar?","emoji","🦖",5,0,"?",5,20,"","Ada tepat 5 🦖 lucu!"
"q_math_hitung_benda_197","hitung_benda","Ayo hitung! Ada berapa ⚽ di layar?","emoji","⚽",3,0,"?",3,20,"","Ada tepat 3 ⚽ lucu!"
"q_math_hitung_benda_198","hitung_benda","Ayo hitung! Ada berapa 🍪 di layar?","emoji","🍪",7,0,"?",7,20,"","Ada tepat 7 🍪 lucu!"
"q_math_hitung_benda_199","hitung_benda","Ayo hitung! Ada berapa 🍌 di layar?","emoji","🍌",8,0,"?",8,20,"","Ada tepat 8 🍌 lucu!"
"q_math_hitung_benda_200","hitung_benda","Ayo hitung! Ada berapa 🍭 di layar?","emoji","🍭",8,0,"?",8,20,"","Ada tepat 8 🍭 lucu!"
"q_math_hitung_benda_201","hitung_benda","Ayo hitung! Ada berapa 🍕 di layar?","emoji","🍕",4,0,"?",4,20,"","Ada tepat 4 🍕 lucu!"
"q_math_hitung_benda_202","hitung_benda","Ayo hitung! Ada berapa 🦁 di layar?","emoji","🦁",5,0,"?",5,20,"","Ada tepat 5 🦁 lucu!"
"q_math_hitung_benda_203","hitung_benda","Ayo hitung! Ada berapa 🍇 di layar?","emoji","🍇",3,0,"?",3,20,"","Ada tepat 3 🍇 lucu!"
"q_math_hitung_benda_204","hitung_benda","Ayo hitung! Ada berapa 🐞 di layar?","emoji","🐞",1,0,"?",1,20,"","Ada tepat 1 🐞 lucu!"
"q_math_hitung_benda_205","hitung_benda","Ayo hitung! Ada berapa 🛸 di layar?","emoji","🛸",4,0,"?",4,20,"","Ada tepat 4 🛸 lucu!"
"q_math_hitung_benda_206","hitung_benda","Ayo hitung! Ada berapa 🐧 di layar?","emoji","🐧",1,0,"?",1,20,"","Ada tepat 1 🐧 lucu!"
"q_math_hitung_benda_207","hitung_benda","Ayo hitung! Ada berapa 🧸 di layar?","emoji","🧸",9,0,"?",9,20,"","Ada tepat 9 🧸 lucu!"
"q_math_hitung_benda_208","hitung_benda","Ayo hitung! Ada berapa 🐬 di layar?","emoji","🐬",3,0,"?",3,20,"","Ada tepat 3 🐬 lucu!"
"q_math_hitung_benda_209","hitung_benda","Ayo hitung! Ada berapa 🍟 di layar?","emoji","🍟",4,0,"?",4,20,"","Ada tepat 4 🍟 lucu!"
"q_math_hitung_benda_210","hitung_benda","Ayo hitung! Ada berapa 🍎 di layar?","emoji","🍎",5,0,"?",5,20,"","Ada tepat 5 🍎 lucu!"
"q_math_hitung_benda_211","hitung_benda","Ayo hitung! Ada berapa 🎈 di layar?","emoji","🎈",6,0,"?",6,20,"","Ada tepat 6 🎈 lucu!"
"q_math_hitung_benda_212","hitung_benda","Ayo hitung! Ada berapa ⭐️ di layar?","emoji","⭐️",1,0,"?",1,20,"","Ada tepat 1 ⭐️ lucu!"
"q_math_hitung_benda_213","hitung_benda","Ayo hitung! Ada berapa 🍩 di layar?","emoji","🍩",1,0,"?",1,20,"","Ada tepat 1 🍩 lucu!"
"q_math_hitung_benda_214","hitung_benda","Ayo hitung! Ada berapa 🚗 di layar?","emoji","🚗",3,0,"?",3,20,"","Ada tepat 3 🚗 lucu!"
"q_math_hitung_benda_215","hitung_benda","Ayo hitung! Ada berapa 🐰 di layar?","emoji","🐰",1,0,"?",1,20,"","Ada tepat 1 🐰 lucu!"
"q_math_hitung_benda_216","hitung_benda","Ayo hitung! Ada berapa 🍬 di layar?","emoji","🍬",1,0,"?",1,20,"","Ada tepat 1 🍬 lucu!"
"q_math_hitung_benda_217","hitung_benda","Ayo hitung! Ada berapa 🐥 di layar?","emoji","🐥",9,0,"?",9,20,"","Ada tepat 9 🐥 lucu!"
"q_math_hitung_benda_218","hitung_benda","Ayo hitung! Ada berapa 🍦 di layar?","emoji","🍦",2,0,"?",2,20,"","Ada tepat 2 🍦 lucu!"
"q_math_hitung_benda_219","hitung_benda","Ayo hitung! Ada berapa 🌸 di layar?","emoji","🌸",9,0,"?",9,20,"","Ada tepat 9 🌸 lucu!"
"q_math_hitung_benda_220","hitung_benda","Ayo hitung! Ada berapa 🍓 di layar?","emoji","🍓",5,0,"?",5,20,"","Ada tepat 5 🍓 lucu!"
"q_math_hitung_benda_221","hitung_benda","Ayo hitung! Ada berapa 🐢 di layar?","emoji","🐢",8,0,"?",8,20,"","Ada tepat 8 🐢 lucu!"
"q_math_hitung_benda_222","hitung_benda","Ayo hitung! Ada berapa 🚀 di layar?","emoji","🚀",2,0,"?",2,20,"","Ada tepat 2 🚀 lucu!"
"q_math_hitung_benda_223","hitung_benda","Ayo hitung! Ada berapa 🐼 di layar?","emoji","🐼",9,0,"?",9,20,"","Ada tepat 9 🐼 lucu!"
"q_math_hitung_benda_224","hitung_benda","Ayo hitung! Ada berapa 🍰 di layar?","emoji","🍰",1,0,"?",1,20,"","Ada tepat 1 🍰 lucu!"
"q_math_hitung_benda_225","hitung_benda","Ayo hitung! Ada berapa 🐱 di layar?","emoji","🐱",7,0,"?",7,20,"","Ada tepat 7 🐱 lucu!"
"q_math_hitung_benda_226","hitung_benda","Ayo hitung! Ada berapa 🦖 di layar?","emoji","🦖",1,0,"?",1,20,"","Ada tepat 1 🦖 lucu!"
"q_math_hitung_benda_227","hitung_benda","Ayo hitung! Ada berapa ⚽ di layar?","emoji","⚽",5,0,"?",5,20,"","Ada tepat 5 ⚽ lucu!"
"q_math_hitung_benda_228","hitung_benda","Ayo hitung! Ada berapa 🍪 di layar?","emoji","🍪",4,0,"?",4,20,"","Ada tepat 4 🍪 lucu!"
"q_math_hitung_benda_229","hitung_benda","Ayo hitung! Ada berapa 🍌 di layar?","emoji","🍌",1,0,"?",1,20,"","Ada tepat 1 🍌 lucu!"
"q_math_hitung_benda_230","hitung_benda","Ayo hitung! Ada berapa 🍭 di layar?","emoji","🍭",7,0,"?",7,20,"","Ada tepat 7 🍭 lucu!"
"q_math_hitung_benda_231","hitung_benda","Ayo hitung! Ada berapa 🍕 di layar?","emoji","🍕",6,0,"?",6,20,"","Ada tepat 6 🍕 lucu!"
"q_math_hitung_benda_232","hitung_benda","Ayo hitung! Ada berapa 🦁 di layar?","emoji","🦁",1,0,"?",1,20,"","Ada tepat 1 🦁 lucu!"
"q_math_hitung_benda_233","hitung_benda","Ayo hitung! Ada berapa 🍇 di layar?","emoji","🍇",8,0,"?",8,20,"","Ada tepat 8 🍇 lucu!"
"q_math_hitung_benda_234","hitung_benda","Ayo hitung! Ada berapa 🐞 di layar?","emoji","🐞",1,0,"?",1,20,"","Ada tepat 1 🐞 lucu!"
"q_math_hitung_benda_235","hitung_benda","Ayo hitung! Ada berapa 🛸 di layar?","emoji","🛸",7,0,"?",7,20,"","Ada tepat 7 🛸 lucu!"
"q_math_hitung_benda_236","hitung_benda","Ayo hitung! Ada berapa 🐧 di layar?","emoji","🐧",2,0,"?",2,20,"","Ada tepat 2 🐧 lucu!"
"q_math_hitung_benda_237","hitung_benda","Ayo hitung! Ada berapa 🧸 di layar?","emoji","🧸",1,0,"?",1,20,"","Ada tepat 1 🧸 lucu!"
"q_math_hitung_benda_238","hitung_benda","Ayo hitung! Ada berapa 🐬 di layar?","emoji","🐬",7,0,"?",7,20,"","Ada tepat 7 🐬 lucu!"
"q_math_hitung_benda_239","hitung_benda","Ayo hitung! Ada berapa 🍟 di layar?","emoji","🍟",7,0,"?",7,20,"","Ada tepat 7 🍟 lucu!"
"q_math_hitung_benda_240","hitung_benda","Ayo hitung! Ada berapa 🍎 di layar?","emoji","🍎",3,0,"?",3,20,"","Ada tepat 3 🍎 lucu!"
"q_math_hitung_benda_241","hitung_benda","Ayo hitung! Ada berapa 🎈 di layar?","emoji","🎈",3,0,"?",3,20,"","Ada tepat 3 🎈 lucu!"
"q_math_hitung_benda_242","hitung_benda","Ayo hitung! Ada berapa ⭐️ di layar?","emoji","⭐️",1,0,"?",1,20,"","Ada tepat 1 ⭐️ lucu!"
"q_math_hitung_benda_243","hitung_benda","Ayo hitung! Ada berapa 🍩 di layar?","emoji","🍩",3,0,"?",3,20,"","Ada tepat 3 🍩 lucu!"
"q_math_hitung_benda_244","hitung_benda","Ayo hitung! Ada berapa 🚗 di layar?","emoji","🚗",5,0,"?",5,20,"","Ada tepat 5 🚗 lucu!"
"q_math_hitung_benda_245","hitung_benda","Ayo hitung! Ada berapa 🐰 di layar?","emoji","🐰",3,0,"?",3,20,"","Ada tepat 3 🐰 lucu!"
"q_math_hitung_benda_246","hitung_benda","Ayo hitung! Ada berapa 🍬 di layar?","emoji","🍬",4,0,"?",4,20,"","Ada tepat 4 🍬 lucu!"
"q_math_hitung_benda_247","hitung_benda","Ayo hitung! Ada berapa 🐥 di layar?","emoji","🐥",3,0,"?",3,20,"","Ada tepat 3 🐥 lucu!"
"q_math_hitung_benda_248","hitung_benda","Ayo hitung! Ada berapa 🍦 di layar?","emoji","🍦",2,0,"?",2,20,"","Ada tepat 2 🍦 lucu!"
"q_math_hitung_benda_249","hitung_benda","Ayo hitung! Ada berapa 🌸 di layar?","emoji","🌸",3,0,"?",3,20,"","Ada tepat 3 🌸 lucu!"
"q_math_hitung_benda_250","hitung_benda","Ayo hitung! Ada berapa 🍓 di layar?","emoji","🍓",1,0,"?",1,20,"","Ada tepat 1 🍓 lucu!"
"q_math_hitung_benda_251","hitung_benda","Ayo hitung! Ada berapa 🐢 di layar?","emoji","🐢",1,0,"?",1,20,"","Ada tepat 1 🐢 lucu!"
"q_math_hitung_benda_252","hitung_benda","Ayo hitung! Ada berapa 🚀 di layar?","emoji","🚀",1,0,"?",1,20,"","Ada tepat 1 🚀 lucu!"
"q_math_hitung_benda_253","hitung_benda","Ayo hitung! Ada berapa 🐼 di layar?","emoji","🐼",4,0,"?",4,20,"","Ada tepat 4 🐼 lucu!"
"q_math_hitung_benda_254","hitung_benda","Ayo hitung! Ada berapa 🍰 di layar?","emoji","🍰",9,0,"?",9,20,"","Ada tepat 9 🍰 lucu!"
"q_math_hitung_benda_255","hitung_benda","Ayo hitung! Ada berapa 🐱 di layar?","emoji","🐱",9,0,"?",9,20,"","Ada tepat 9 🐱 lucu!"
"q_math_hitung_benda_256","hitung_benda","Ayo hitung! Ada berapa 🦖 di layar?","emoji","🦖",4,0,"?",4,20,"","Ada tepat 4 🦖 lucu!"
"q_math_hitung_benda_257","hitung_benda","Ayo hitung! Ada berapa ⚽ di layar?","emoji","⚽",9,0,"?",9,20,"","Ada tepat 9 ⚽ lucu!"
"q_math_hitung_benda_258","hitung_benda","Ayo hitung! Ada berapa 🍪 di layar?","emoji","🍪",4,0,"?",4,20,"","Ada tepat 4 🍪 lucu!"
"q_math_hitung_benda_259","hitung_benda","Ayo hitung! Ada berapa 🍌 di layar?","emoji","🍌",5,0,"?",5,20,"","Ada tepat 5 🍌 lucu!"
"q_math_hitung_benda_260","hitung_benda","Ayo hitung! Ada berapa 🍭 di layar?","emoji","🍭",4,0,"?",4,20,"","Ada tepat 4 🍭 lucu!"
"q_math_hitung_benda_261","hitung_benda","Ayo hitung! Ada berapa 🍕 di layar?","emoji","🍕",8,0,"?",8,20,"","Ada tepat 8 🍕 lucu!"
"q_math_hitung_benda_262","hitung_benda","Ayo hitung! Ada berapa 🦁 di layar?","emoji","🦁",3,0,"?",3,20,"","Ada tepat 3 🦁 lucu!"
"q_math_hitung_benda_263","hitung_benda","Ayo hitung! Ada berapa 🍇 di layar?","emoji","🍇",8,0,"?",8,20,"","Ada tepat 8 🍇 lucu!"
"q_math_hitung_benda_264","hitung_benda","Ayo hitung! Ada berapa 🐞 di layar?","emoji","🐞",7,0,"?",7,20,"","Ada tepat 7 🐞 lucu!"
"q_math_hitung_benda_265","hitung_benda","Ayo hitung! Ada berapa 🛸 di layar?","emoji","🛸",1,0,"?",1,20,"","Ada tepat 1 🛸 lucu!"
"q_math_hitung_benda_266","hitung_benda","Ayo hitung! Ada berapa 🐧 di layar?","emoji","🐧",2,0,"?",2,20,"","Ada tepat 2 🐧 lucu!"
"q_math_hitung_benda_267","hitung_benda","Ayo hitung! Ada berapa 🧸 di layar?","emoji","🧸",9,0,"?",9,20,"","Ada tepat 9 🧸 lucu!"
"q_math_hitung_benda_268","hitung_benda","Ayo hitung! Ada berapa 🐬 di layar?","emoji","🐬",2,0,"?",2,20,"","Ada tepat 2 🐬 lucu!"
"q_math_hitung_benda_269","hitung_benda","Ayo hitung! Ada berapa 🍟 di layar?","emoji","🍟",7,0,"?",7,20,"","Ada tepat 7 🍟 lucu!"
"q_math_hitung_benda_270","hitung_benda","Ayo hitung! Ada berapa 🍎 di layar?","emoji","🍎",5,0,"?",5,20,"","Ada tepat 5 🍎 lucu!"
"q_math_hitung_benda_271","hitung_benda","Ayo hitung! Ada berapa 🎈 di layar?","emoji","🎈",9,0,"?",9,20,"","Ada tepat 9 🎈 lucu!"
"q_math_hitung_benda_272","hitung_benda","Ayo hitung! Ada berapa ⭐️ di layar?","emoji","⭐️",3,0,"?",3,20,"","Ada tepat 3 ⭐️ lucu!"
"q_math_hitung_benda_273","hitung_benda","Ayo hitung! Ada berapa 🍩 di layar?","emoji","🍩",9,0,"?",9,20,"","Ada tepat 9 🍩 lucu!"
"q_math_hitung_benda_274","hitung_benda","Ayo hitung! Ada berapa 🚗 di layar?","emoji","🚗",4,0,"?",4,20,"","Ada tepat 4 🚗 lucu!"
"q_math_hitung_benda_275","hitung_benda","Ayo hitung! Ada berapa 🐰 di layar?","emoji","🐰",7,0,"?",7,20,"","Ada tepat 7 🐰 lucu!"
"q_math_hitung_benda_276","hitung_benda","Ayo hitung! Ada berapa 🍬 di layar?","emoji","🍬",3,0,"?",3,20,"","Ada tepat 3 🍬 lucu!"
"q_math_hitung_benda_277","hitung_benda","Ayo hitung! Ada berapa 🐥 di layar?","emoji","🐥",4,0,"?",4,20,"","Ada tepat 4 🐥 lucu!"
"q_math_hitung_benda_278","hitung_benda","Ayo hitung! Ada berapa 🍦 di layar?","emoji","🍦",2,0,"?",2,20,"","Ada tepat 2 🍦 lucu!"
"q_math_hitung_benda_279","hitung_benda","Ayo hitung! Ada berapa 🌸 di layar?","emoji","🌸",1,0,"?",1,20,"","Ada tepat 1 🌸 lucu!"
"q_math_hitung_benda_280","hitung_benda","Ayo hitung! Ada berapa 🍓 di layar?","emoji","🍓",7,0,"?",7,20,"","Ada tepat 7 🍓 lucu!"
"q_math_hitung_benda_281","hitung_benda","Ayo hitung! Ada berapa 🐢 di layar?","emoji","🐢",4,0,"?",4,20,"","Ada tepat 4 🐢 lucu!"
"q_math_hitung_benda_282","hitung_benda","Ayo hitung! Ada berapa 🚀 di layar?","emoji","🚀",3,0,"?",3,20,"","Ada tepat 3 🚀 lucu!"
"q_math_hitung_benda_283","hitung_benda","Ayo hitung! Ada berapa 🐼 di layar?","emoji","🐼",7,0,"?",7,20,"","Ada tepat 7 🐼 lucu!"
"q_math_hitung_benda_284","hitung_benda","Ayo hitung! Ada berapa 🍰 di layar?","emoji","🍰",9,0,"?",9,20,"","Ada tepat 9 🍰 lucu!"
"q_math_hitung_benda_285","hitung_benda","Ayo hitung! Ada berapa 🐱 di layar?","emoji","🐱",4,0,"?",4,20,"","Ada tepat 4 🐱 lucu!"
"q_math_hitung_benda_286","hitung_benda","Ayo hitung! Ada berapa 🦖 di layar?","emoji","🦖",4,0,"?",4,20,"","Ada tepat 4 🦖 lucu!"
"q_math_hitung_benda_287","hitung_benda","Ayo hitung! Ada berapa ⚽ di layar?","emoji","⚽",7,0,"?",7,20,"","Ada tepat 7 ⚽ lucu!"
"q_math_hitung_benda_288","hitung_benda","Ayo hitung! Ada berapa 🍪 di layar?","emoji","🍪",7,0,"?",7,20,"","Ada tepat 7 🍪 lucu!"
"q_math_hitung_benda_289","hitung_benda","Ayo hitung! Ada berapa 🍌 di layar?","emoji","🍌",3,0,"?",3,20,"","Ada tepat 3 🍌 lucu!"
"q_math_hitung_benda_290","hitung_benda","Ayo hitung! Ada berapa 🍭 di layar?","emoji","🍭",2,0,"?",2,20,"","Ada tepat 2 🍭 lucu!"
"q_math_hitung_benda_291","hitung_benda","Ayo hitung! Ada berapa 🍕 di layar?","emoji","🍕",8,0,"?",8,20,"","Ada tepat 8 🍕 lucu!"
"q_math_hitung_benda_292","hitung_benda","Ayo hitung! Ada berapa 🦁 di layar?","emoji","🦁",2,0,"?",2,20,"","Ada tepat 2 🦁 lucu!"
"q_math_hitung_benda_293","hitung_benda","Ayo hitung! Ada berapa 🍇 di layar?","emoji","🍇",9,0,"?",9,20,"","Ada tepat 9 🍇 lucu!"
"q_math_hitung_benda_294","hitung_benda","Ayo hitung! Ada berapa 🐞 di layar?","emoji","🐞",3,0,"?",3,20,"","Ada tepat 3 🐞 lucu!"
"q_math_hitung_benda_295","hitung_benda","Ayo hitung! Ada berapa 🛸 di layar?","emoji","🛸",1,0,"?",1,20,"","Ada tepat 1 🛸 lucu!"
"q_math_hitung_benda_296","hitung_benda","Ayo hitung! Ada berapa 🐧 di layar?","emoji","🐧",6,0,"?",6,20,"","Ada tepat 6 🐧 lucu!"
"q_math_hitung_benda_297","hitung_benda","Ayo hitung! Ada berapa 🧸 di layar?","emoji","🧸",5,0,"?",5,20,"","Ada tepat 5 🧸 lucu!"
"q_math_hitung_benda_298","hitung_benda","Ayo hitung! Ada berapa 🐬 di layar?","emoji","🐬",1,0,"?",1,20,"","Ada tepat 1 🐬 lucu!"
"q_math_hitung_benda_299","hitung_benda","Ayo hitung! Ada berapa 🍟 di layar?","emoji","🍟",1,0,"?",1,20,"","Ada tepat 1 🍟 lucu!"
"q_math_hitung_benda_300","hitung_benda","Ayo hitung! Ada berapa 🍎 di layar?","emoji","🍎",5,0,"?",5,20,"","Ada tepat 5 🍎 lucu!"
"q_coding_algoritma_1","coding_algoritma","Siti ingin menyikat gigi. Urutan yang paling tepat adalah...","shapes","📋",0,0,"=",3,25,"[""Kumur-kumur → Tidur → Oleskan pasta gigi"",""Sikat gigi → Simpan sikat → Oleskan pasta gigi"",""Oleskan pasta gigi → Sikat gigi → Kumur-kumur air bersih""]","Jawaban pilihan [3] adalah yang paling tepat!"
"q_coding_algoritma_2","coding_algoritma","Langkah menanam biji bunga yang benar adalah...","shapes","📋",0,0,"=",3,25,"[""Petik bunga → Tanam biji → Siram"",""Siram air → Petik bunga → Gali tanah"",""Gali tanah & tanam biji → Siram air → Tunggu tumbuh bunga""]","Jawaban pilihan [3] adalah yang paling tepat!"
"q_coding_algoritma_3","coding_algoritma","Bagaimana urutan memakai sepatu sekolah?","shapes","📋",0,0,"=",3,25,"[""Ikat tali sepatu → Pakai kaus kaki → Pakai sepatu"",""Pakai sepatu dulu → Pakai kaus kaki → Ikat tali sepatu"",""Pakai kaus kaki → Pakai sepatu → Ikat tali sepatu""]","Jawaban pilihan [3] adalah yang paling tepat!"
"q_coding_algoritma_4","coding_algoritma","Ibu ingin membuat es teh manis. Urutan yang benar adalah...","shapes","📋",0,0,"=",1,25,"[""Seduh teh hangat → Tambah gula & es batu → Aduk rata"",""Tambah gula → Minum habis → Seduh teh"",""Masukkan es batu → Minum habis → Seduh teh""]","Jawaban pilihan [1] adalah yang paling tepat!"
"q_coding_algoritma_5","coding_algoritma","Hafshah ingin melukis gambar. Urutan yang tepat adalah...","shapes","📋",0,0,"=",1,25,"[""Gambar sketsa dengan pensil → Mewarnai gambar → Pajang lukisan"",""Pajang lukisan → Mewarnai → Gambar sketsa"",""Warnai gambar → Gambar sketsa dengan pensil → Pajang lukisan""]","Jawaban pilihan [1] adalah yang paling tepat!"
"q_coding_algoritma_6","coding_algoritma","Urutan mandi yang bersih adalah...","shapes","📋",0,0,"=",2,25,"[""Pakai baju bersih → Basahi badan & pakai sabun → Bilas air bersih"",""Basahi badan & pakai sabun → Bilas air bersih → Keringkan dengan handuk"",""Keringkan dengan handuk → Basahi badan → Pakai baju""]","Jawaban pilihan [2] adalah yang paling tepat!"
"q_coding_algoritma_7","coding_algoritma","Langkah sebelum tidur malam adalah...","shapes","📋",0,0,"=",2,25,"[""Mimpi indah → Gosok gigi & cuci kaki → Naik ke tempat tidur"",""Gosok gigi & cuci kaki → Naik ke tempat tidur → Berdoa & tidur"",""Tidur nyenyak → Gosok gigi → Naik ke tempat tidur""]","Jawaban pilihan [2] adalah yang paling tepat!"
"q_coding_algoritma_8","coding_algoritma","Bagaimana cara membuat roti tawar oles mentega?","shapes","📋",0,0,"=",1,25,"[""Ambil selembar roti → Oleskan mentega dengan sendok/pisau roti → Roti siap dimakan"",""Makan roti → Oleskan mentega → Ambil roti"",""Oleskan mentega di piring → Makan piring → Ambil roti""]","Jawaban pilihan [1] adalah yang paling tepat!"
"q_coding_algoritma_9","coding_algoritma","Urutan merapikan tempat tidur setelah bangun tidur:","shapes","📋",0,0,"=",1,25,"[""Merapikan bantal → Melipat selimut → Mendorong kasur rapi"",""Tidur lagi → Lipat selimut → Buang bantal"",""Mandi dulu → Lipat selimut → Merapikan bantal""]","Jawaban pilihan [1] adalah yang paling tepat!"
"q_coding_algoritma_10","coding_algoritma","Langkah-langkah mewarnai gambar dengan rapi adalah...","shapes","📋",0,0,"=",1,25,"[""Pilih warna krayon → Mewarnai di dalam garis → Simpan kembali krayon"",""Mewarnai luar garis → Patahkan krayon → Simpan"",""Coret-coret tembok → Buang krayon → Ambil gambar""]","Jawaban pilihan [1] adalah yang paling tepat!"
"q_coding_algoritma_11","coding_algoritma","Urutan membuat jus buah yang benar adalah...","shapes","📋",0,0,"=",2,25,"[""Minum jus → Nyalakan blender → Kupas buah"",""Kupas & potong buah → Masukkan blender & air → Nyalakan blender"",""Nyalakan blender → Minum jus → Potong buah""]","Jawaban pilihan [2] adalah yang paling tepat!"
"q_coding_algoritma_12","coding_algoritma","Urutan menyeberang jalan raya yang aman adalah...","shapes","📋",0,0,"=",2,25,"[""Langsung lari tanpa melihat → Tengok kanan kiri → Tengok lagi"",""Berdiri di pinggir → Tengok kanan dan kiri → Jalan menyeberang saat aman"",""Mata dipejamkan → Berlari cepat → Berhenti di tengah jalan""]","Jawaban pilihan [2] adalah yang paling tepat!"
"q_coding_algoritma_13","coding_algoritma","Urutan memakai kaos kaki dan sepatu yang benar:","shapes","📋",0,0,"=",3,25,"[""Sepatu dulu → Baru kaus kaki di luar sepatu → Lepas sepatu"",""Ikat tali → Kaus kaki → Sepatu"",""Kaus kaki kanan & kiri → Sepatu kanan & kiri → Ikat tali""]","Jawaban pilihan [3] adalah yang paling tepat!"
"q_coding_algoritma_14","coding_algoritma","Langkah-langkah membuang sampah yang benar:","shapes","📋",0,0,"=",1,25,"[""Lihat sampah di lantai → Ambil sampah → Masukkan ke tempat sampah"",""Buang sampah di jalan → Biarkan saja → Sapu"",""Ambil tempat sampah → Lempar ke atap → Makan""]","Jawaban pilihan [1] adalah yang paling tepat!"
"q_coding_algoritma_15","coding_algoritma","Urutan membuka pintu rumah yang terkunci:","shapes","📋",0,0,"=",2,25,"[""Putar gagang → Lepas pintu → Masukkan kunci"",""Masukkan kunci → Putar kunci → Tarik gagang pintu"",""Tarik gagang pintu → Buang kunci → Pukul pintu""]","Jawaban pilihan [2] adalah yang paling tepat!"
"q_coding_algoritma_16","coding_algoritma","Alif ingin mencuci tangan sebelum makan. Langkah mana yang urutannya benar?","shapes","📋",0,0,"=",2,25,"[""Makan → Pakai sabun → Cuci air"",""Basahi tangan dengan air → Pakai sabun & bilas → Keringkan dengan lap"",""Keringkan dengan lap → Pakai sabun → Basahi air""]","Jawaban pilihan [2] adalah yang paling tepat!"
"q_coding_algoritma_17","coding_algoritma","Fatimah ingin menyikat gigi. Urutan yang paling tepat adalah...","shapes","📋",0,0,"=",2,25,"[""Sikat gigi → Simpan sikat → Oleskan pasta gigi"",""Oleskan pasta gigi → Sikat gigi → Kumur-kumur air bersih"",""Kumur-kumur → Tidur → Oleskan pasta gigi""]","Jawaban pilihan [2] adalah yang paling tepat!"
"q_coding_algoritma_18","coding_algoritma","Langkah menanam biji bunga yang benar adalah...","shapes","📋",0,0,"=",2,25,"[""Petik bunga → Tanam biji → Siram"",""Gali tanah & tanam biji → Siram air → Tunggu tumbuh bunga"",""Siram air → Petik bunga → Gali tanah""]","Jawaban pilihan [2] adalah yang paling tepat!"
"q_coding_algoritma_19","coding_algoritma","Bagaimana urutan memakai sepatu sekolah?","shapes","📋",0,0,"=",1,25,"[""Pakai kaus kaki → Pakai sepatu → Ikat tali sepatu"",""Pakai sepatu dulu → Pakai kaus kaki → Ikat tali sepatu"",""Ikat tali sepatu → Pakai kaus kaki → Pakai sepatu""]","Jawaban pilihan [1] adalah yang paling tepat!"
"q_coding_algoritma_20","coding_algoritma","Ibu ingin membuat es teh manis. Urutan yang benar adalah...","shapes","📋",0,0,"=",2,25,"[""Tambah gula → Minum habis → Seduh teh"",""Seduh teh hangat → Tambah gula & es batu → Aduk rata"",""Masukkan es batu → Minum habis → Seduh teh""]","Jawaban pilihan [2] adalah yang paling tepat!"
"q_coding_algoritma_21","coding_algoritma","Siti ingin melukis gambar. Urutan yang tepat adalah...","shapes","📋",0,0,"=",1,25,"[""Gambar sketsa dengan pensil → Mewarnai gambar → Pajang lukisan"",""Warnai gambar → Gambar sketsa dengan pensil → Pajang lukisan"",""Pajang lukisan → Mewarnai → Gambar sketsa""]","Jawaban pilihan [1] adalah yang paling tepat!"
"q_coding_algoritma_22","coding_algoritma","Urutan mandi yang bersih adalah...","shapes","📋",0,0,"=",3,25,"[""Keringkan dengan handuk → Basahi badan → Pakai baju"",""Pakai baju bersih → Basahi badan & pakai sabun → Bilas air bersih"",""Basahi badan & pakai sabun → Bilas air bersih → Keringkan dengan handuk""]","Jawaban pilihan [3] adalah yang paling tepat!"
"q_coding_algoritma_23","coding_algoritma","Langkah sebelum tidur malam adalah...","shapes","📋",0,0,"=",1,25,"[""Gosok gigi & cuci kaki → Naik ke tempat tidur → Berdoa & tidur"",""Mimpi indah → Gosok gigi & cuci kaki → Naik ke tempat tidur"",""Tidur nyenyak → Gosok gigi → Naik ke tempat tidur""]","Jawaban pilihan [1] adalah yang paling tepat!"
"q_coding_algoritma_24","coding_algoritma","Bagaimana cara membuat roti tawar oles mentega?","shapes","📋",0,0,"=",2,25,"[""Makan roti → Oleskan mentega → Ambil roti"",""Ambil selembar roti → Oleskan mentega dengan sendok/pisau roti → Roti siap dimakan"",""Oleskan mentega di piring → Makan piring → Ambil roti""]","Jawaban pilihan [2] adalah yang paling tepat!"
"q_coding_algoritma_25","coding_algoritma","Urutan merapikan tempat tidur setelah bangun tidur:","shapes","📋",0,0,"=",3,25,"[""Mandi dulu → Lipat selimut → Merapikan bantal"",""Tidur lagi → Lipat selimut → Buang bantal"",""Merapikan bantal → Melipat selimut → Mendorong kasur rapi""]","Jawaban pilihan [3] adalah yang paling tepat!"
"q_coding_algoritma_26","coding_algoritma","Langkah-langkah mewarnai gambar dengan rapi adalah...","shapes","📋",0,0,"=",1,25,"[""Pilih warna krayon → Mewarnai di dalam garis → Simpan kembali krayon"",""Mewarnai luar garis → Patahkan krayon → Simpan"",""Coret-coret tembok → Buang krayon → Ambil gambar""]","Jawaban pilihan [1] adalah yang paling tepat!"
"q_coding_algoritma_27","coding_algoritma","Urutan membuat jus buah yang benar adalah...","shapes","📋",0,0,"=",1,25,"[""Kupas & potong buah → Masukkan blender & air → Nyalakan blender"",""Minum jus → Nyalakan blender → Kupas buah"",""Nyalakan blender → Minum jus → Potong buah""]","Jawaban pilihan [1] adalah yang paling tepat!"
"q_coding_algoritma_28","coding_algoritma","Urutan menyeberang jalan raya yang aman adalah...","shapes","📋",0,0,"=",2,25,"[""Mata dipejamkan → Berlari cepat → Berhenti di tengah jalan"",""Berdiri di pinggir → Tengok kanan dan kiri → Jalan menyeberang saat aman"",""Langsung lari tanpa melihat → Tengok kanan kiri → Tengok lagi""]","Jawaban pilihan [2] adalah yang paling tepat!"
"q_coding_algoritma_29","coding_algoritma","Urutan memakai kaos kaki dan sepatu yang benar:","shapes","📋",0,0,"=",1,25,"[""Kaus kaki kanan & kiri → Sepatu kanan & kiri → Ikat tali"",""Ikat tali → Kaus kaki → Sepatu"",""Sepatu dulu → Baru kaus kaki di luar sepatu → Lepas sepatu""]","Jawaban pilihan [1] adalah yang paling tepat!"
"q_coding_algoritma_30","coding_algoritma","Langkah-langkah membuang sampah yang benar:","shapes","📋",0,0,"=",2,25,"[""Ambil tempat sampah → Lempar ke atap → Makan"",""Lihat sampah di lantai → Ambil sampah → Masukkan ke tempat sampah"",""Buang sampah di jalan → Biarkan saja → Sapu""]","Jawaban pilihan [2] adalah yang paling tepat!"
"q_coding_algoritma_31","coding_algoritma","Urutan membuka pintu rumah yang terkunci:","shapes","📋",0,0,"=",1,25,"[""Masukkan kunci → Putar kunci → Tarik gagang pintu"",""Tarik gagang pintu → Buang kunci → Pukul pintu"",""Putar gagang → Lepas pintu → Masukkan kunci""]","Jawaban pilihan [1] adalah yang paling tepat!"
"q_coding_algoritma_32","coding_algoritma","Rani ingin mencuci tangan sebelum makan. Langkah mana yang urutannya benar?","shapes","📋",0,0,"=",2,25,"[""Makan → Pakai sabun → Cuci air"",""Basahi tangan dengan air → Pakai sabun & bilas → Keringkan dengan lap"",""Keringkan dengan lap → Pakai sabun → Basahi air""]","Jawaban pilihan [2] adalah yang paling tepat!"
"q_coding_algoritma_33","coding_algoritma","Uwaiz ingin menyikat gigi. Urutan yang paling tepat adalah...","shapes","📋",0,0,"=",2,25,"[""Kumur-kumur → Tidur → Oleskan pasta gigi"",""Oleskan pasta gigi → Sikat gigi → Kumur-kumur air bersih"",""Sikat gigi → Simpan sikat → Oleskan pasta gigi""]","Jawaban pilihan [2] adalah yang paling tepat!"
"q_coding_algoritma_34","coding_algoritma","Langkah menanam biji bunga yang benar adalah...","shapes","📋",0,0,"=",1,25,"[""Gali tanah & tanam biji → Siram air → Tunggu tumbuh bunga"",""Petik bunga → Tanam biji → Siram"",""Siram air → Petik bunga → Gali tanah""]","Jawaban pilihan [1] adalah yang paling tepat!"
"q_coding_algoritma_35","coding_algoritma","Bagaimana urutan memakai sepatu sekolah?","shapes","📋",0,0,"=",2,25,"[""Ikat tali sepatu → Pakai kaus kaki → Pakai sepatu"",""Pakai kaus kaki → Pakai sepatu → Ikat tali sepatu"",""Pakai sepatu dulu → Pakai kaus kaki → Ikat tali sepatu""]","Jawaban pilihan [2] adalah yang paling tepat!"
"q_coding_algoritma_36","coding_algoritma","Ibu ingin membuat es teh manis. Urutan yang benar adalah...","shapes","📋",0,0,"=",3,25,"[""Tambah gula → Minum habis → Seduh teh"",""Masukkan es batu → Minum habis → Seduh teh"",""Seduh teh hangat → Tambah gula & es batu → Aduk rata""]","Jawaban pilihan [3] adalah yang paling tepat!"
"q_coding_algoritma_37","coding_algoritma","Fatimah ingin melukis gambar. Urutan yang tepat adalah...","shapes","📋",0,0,"=",3,25,"[""Pajang lukisan → Mewarnai → Gambar sketsa"",""Warnai gambar → Gambar sketsa dengan pensil → Pajang lukisan"",""Gambar sketsa dengan pensil → Mewarnai gambar → Pajang lukisan""]","Jawaban pilihan [3] adalah yang paling tepat!"
"q_coding_algoritma_38","coding_algoritma","Urutan mandi yang bersih adalah...","shapes","📋",0,0,"=",1,25,"[""Basahi badan & pakai sabun → Bilas air bersih → Keringkan dengan handuk"",""Pakai baju bersih → Basahi badan & pakai sabun → Bilas air bersih"",""Keringkan dengan handuk → Basahi badan → Pakai baju""]","Jawaban pilihan [1] adalah yang paling tepat!"
"q_coding_algoritma_39","coding_algoritma","Langkah sebelum tidur malam adalah...","shapes","📋",0,0,"=",1,25,"[""Gosok gigi & cuci kaki → Naik ke tempat tidur → Berdoa & tidur"",""Tidur nyenyak → Gosok gigi → Naik ke tempat tidur"",""Mimpi indah → Gosok gigi & cuci kaki → Naik ke tempat tidur""]","Jawaban pilihan [1] adalah yang paling tepat!"
"q_coding_algoritma_40","coding_algoritma","Bagaimana cara membuat roti tawar oles mentega?","shapes","📋",0,0,"=",2,25,"[""Makan roti → Oleskan mentega → Ambil roti"",""Ambil selembar roti → Oleskan mentega dengan sendok/pisau roti → Roti siap dimakan"",""Oleskan mentega di piring → Makan piring → Ambil roti""]","Jawaban pilihan [2] adalah yang paling tepat!"
"q_coding_algoritma_41","coding_algoritma","Urutan merapikan tempat tidur setelah bangun tidur:","shapes","📋",0,0,"=",1,25,"[""Merapikan bantal → Melipat selimut → Mendorong kasur rapi"",""Tidur lagi → Lipat selimut → Buang bantal"",""Mandi dulu → Lipat selimut → Merapikan bantal""]","Jawaban pilihan [1] adalah yang paling tepat!"
"q_coding_algoritma_42","coding_algoritma","Langkah-langkah mewarnai gambar dengan rapi adalah...","shapes","📋",0,0,"=",2,25,"[""Mewarnai luar garis → Patahkan krayon → Simpan"",""Pilih warna krayon → Mewarnai di dalam garis → Simpan kembali krayon"",""Coret-coret tembok → Buang krayon → Ambil gambar""]","Jawaban pilihan [2] adalah yang paling tepat!"
"q_coding_algoritma_43","coding_algoritma","Urutan membuat jus buah yang benar adalah...","shapes","📋",0,0,"=",1,25,"[""Kupas & potong buah → Masukkan blender & air → Nyalakan blender"",""Minum jus → Nyalakan blender → Kupas buah"",""Nyalakan blender → Minum jus → Potong buah""]","Jawaban pilihan [1] adalah yang paling tepat!"
"q_coding_algoritma_44","coding_algoritma","Urutan menyeberang jalan raya yang aman adalah...","shapes","📋",0,0,"=",3,25,"[""Mata dipejamkan → Berlari cepat → Berhenti di tengah jalan"",""Langsung lari tanpa melihat → Tengok kanan kiri → Tengok lagi"",""Berdiri di pinggir → Tengok kanan dan kiri → Jalan menyeberang saat aman""]","Jawaban pilihan [3] adalah yang paling tepat!"
"q_coding_algoritma_45","coding_algoritma","Urutan memakai kaos kaki dan sepatu yang benar:","shapes","📋",0,0,"=",3,25,"[""Ikat tali → Kaus kaki → Sepatu"",""Sepatu dulu → Baru kaus kaki di luar sepatu → Lepas sepatu"",""Kaus kaki kanan & kiri → Sepatu kanan & kiri → Ikat tali""]","Jawaban pilihan [3] adalah yang paling tepat!"
"q_coding_algoritma_46","coding_algoritma","Langkah-langkah membuang sampah yang benar:","shapes","📋",0,0,"=",3,25,"[""Buang sampah di jalan → Biarkan saja → Sapu"",""Ambil tempat sampah → Lempar ke atap → Makan"",""Lihat sampah di lantai → Ambil sampah → Masukkan ke tempat sampah""]","Jawaban pilihan [3] adalah yang paling tepat!"
"q_coding_algoritma_47","coding_algoritma","Urutan membuka pintu rumah yang terkunci:","shapes","📋",0,0,"=",2,25,"[""Putar gagang → Lepas pintu → Masukkan kunci"",""Masukkan kunci → Putar kunci → Tarik gagang pintu"",""Tarik gagang pintu → Buang kunci → Pukul pintu""]","Jawaban pilihan [2] adalah yang paling tepat!"
"q_coding_algoritma_48","coding_algoritma","Zaid ingin mencuci tangan sebelum makan. Langkah mana yang urutannya benar?","shapes","📋",0,0,"=",3,25,"[""Keringkan dengan lap → Pakai sabun → Basahi air"",""Makan → Pakai sabun → Cuci air"",""Basahi tangan dengan air → Pakai sabun & bilas → Keringkan dengan lap""]","Jawaban pilihan [3] adalah yang paling tepat!"
"q_coding_algoritma_49","coding_algoritma","Yusuf ingin menyikat gigi. Urutan yang paling tepat adalah...","shapes","📋",0,0,"=",2,25,"[""Kumur-kumur → Tidur → Oleskan pasta gigi"",""Oleskan pasta gigi → Sikat gigi → Kumur-kumur air bersih"",""Sikat gigi → Simpan sikat → Oleskan pasta gigi""]","Jawaban pilihan [2] adalah yang paling tepat!"
"q_coding_algoritma_50","coding_algoritma","Langkah menanam biji bunga yang benar adalah...","shapes","📋",0,0,"=",2,25,"[""Petik bunga → Tanam biji → Siram"",""Gali tanah & tanam biji → Siram air → Tunggu tumbuh bunga"",""Siram air → Petik bunga → Gali tanah""]","Jawaban pilihan [2] adalah yang paling tepat!"
"q_coding_algoritma_51","coding_algoritma","Bagaimana urutan memakai sepatu sekolah?","shapes","📋",0,0,"=",3,25,"[""Ikat tali sepatu → Pakai kaus kaki → Pakai sepatu"",""Pakai sepatu dulu → Pakai kaus kaki → Ikat tali sepatu"",""Pakai kaus kaki → Pakai sepatu → Ikat tali sepatu""]","Jawaban pilihan [3] adalah yang paling tepat!"
"q_coding_algoritma_52","coding_algoritma","Ibu ingin membuat es teh manis. Urutan yang benar adalah...","shapes","📋",0,0,"=",3,25,"[""Tambah gula → Minum habis → Seduh teh"",""Masukkan es batu → Minum habis → Seduh teh"",""Seduh teh hangat → Tambah gula & es batu → Aduk rata""]","Jawaban pilihan [3] adalah yang paling tepat!"
"q_coding_algoritma_53","coding_algoritma","Uwaiz ingin melukis gambar. Urutan yang tepat adalah...","shapes","📋",0,0,"=",3,25,"[""Pajang lukisan → Mewarnai → Gambar sketsa"",""Warnai gambar → Gambar sketsa dengan pensil → Pajang lukisan"",""Gambar sketsa dengan pensil → Mewarnai gambar → Pajang lukisan""]","Jawaban pilihan [3] adalah yang paling tepat!"
"q_coding_algoritma_54","coding_algoritma","Urutan mandi yang bersih adalah...","shapes","📋",0,0,"=",1,25,"[""Basahi badan & pakai sabun → Bilas air bersih → Keringkan dengan handuk"",""Pakai baju bersih → Basahi badan & pakai sabun → Bilas air bersih"",""Keringkan dengan handuk → Basahi badan → Pakai baju""]","Jawaban pilihan [1] adalah yang paling tepat!"
"q_coding_algoritma_55","coding_algoritma","Langkah sebelum tidur malam adalah...","shapes","📋",0,0,"=",3,25,"[""Tidur nyenyak → Gosok gigi → Naik ke tempat tidur"",""Mimpi indah → Gosok gigi & cuci kaki → Naik ke tempat tidur"",""Gosok gigi & cuci kaki → Naik ke tempat tidur → Berdoa & tidur""]","Jawaban pilihan [3] adalah yang paling tepat!"
"q_coding_algoritma_56","coding_algoritma","Bagaimana cara membuat roti tawar oles mentega?","shapes","📋",0,0,"=",1,25,"[""Ambil selembar roti → Oleskan mentega dengan sendok/pisau roti → Roti siap dimakan"",""Makan roti → Oleskan mentega → Ambil roti"",""Oleskan mentega di piring → Makan piring → Ambil roti""]","Jawaban pilihan [1] adalah yang paling tepat!"
"q_coding_algoritma_57","coding_algoritma","Urutan merapikan tempat tidur setelah bangun tidur:","shapes","📋",0,0,"=",3,25,"[""Tidur lagi → Lipat selimut → Buang bantal"",""Mandi dulu → Lipat selimut → Merapikan bantal"",""Merapikan bantal → Melipat selimut → Mendorong kasur rapi""]","Jawaban pilihan [3] adalah yang paling tepat!"
"q_coding_algoritma_58","coding_algoritma","Langkah-langkah mewarnai gambar dengan rapi adalah...","shapes","📋",0,0,"=",2,25,"[""Coret-coret tembok → Buang krayon → Ambil gambar"",""Pilih warna krayon → Mewarnai di dalam garis → Simpan kembali krayon"",""Mewarnai luar garis → Patahkan krayon → Simpan""]","Jawaban pilihan [2] adalah yang paling tepat!"
"q_coding_algoritma_59","coding_algoritma","Urutan membuat jus buah yang benar adalah...","shapes","📋",0,0,"=",1,25,"[""Kupas & potong buah → Masukkan blender & air → Nyalakan blender"",""Minum jus → Nyalakan blender → Kupas buah"",""Nyalakan blender → Minum jus → Potong buah""]","Jawaban pilihan [1] adalah yang paling tepat!"
"q_coding_algoritma_60","coding_algoritma","Urutan menyeberang jalan raya yang aman adalah...","shapes","📋",0,0,"=",2,25,"[""Langsung lari tanpa melihat → Tengok kanan kiri → Tengok lagi"",""Berdiri di pinggir → Tengok kanan dan kiri → Jalan menyeberang saat aman"",""Mata dipejamkan → Berlari cepat → Berhenti di tengah jalan""]","Jawaban pilihan [2] adalah yang paling tepat!"
"q_coding_algoritma_61","coding_algoritma","Urutan memakai kaos kaki dan sepatu yang benar:","shapes","📋",0,0,"=",3,25,"[""Sepatu dulu → Baru kaus kaki di luar sepatu → Lepas sepatu"",""Ikat tali → Kaus kaki → Sepatu"",""Kaus kaki kanan & kiri → Sepatu kanan & kiri → Ikat tali""]","Jawaban pilihan [3] adalah yang paling tepat!"
"q_coding_algoritma_62","coding_algoritma","Langkah-langkah membuang sampah yang benar:","shapes","📋",0,0,"=",3,25,"[""Ambil tempat sampah → Lempar ke atap → Makan"",""Buang sampah di jalan → Biarkan saja → Sapu"",""Lihat sampah di lantai → Ambil sampah → Masukkan ke tempat sampah""]","Jawaban pilihan [3] adalah yang paling tepat!"
"q_coding_algoritma_63","coding_algoritma","Urutan membuka pintu rumah yang terkunci:","shapes","📋",0,0,"=",2,25,"[""Tarik gagang pintu → Buang kunci → Pukul pintu"",""Masukkan kunci → Putar kunci → Tarik gagang pintu"",""Putar gagang → Lepas pintu → Masukkan kunci""]","Jawaban pilihan [2] adalah yang paling tepat!"
"q_coding_algoritma_64","coding_algoritma","Myesha ingin mencuci tangan sebelum makan. Langkah mana yang urutannya benar?","shapes","📋",0,0,"=",3,25,"[""Makan → Pakai sabun → Cuci air"",""Keringkan dengan lap → Pakai sabun → Basahi air"",""Basahi tangan dengan air → Pakai sabun & bilas → Keringkan dengan lap""]","Jawaban pilihan [3] adalah yang paling tepat!"
"q_coding_algoritma_65","coding_algoritma","Hafshah ingin menyikat gigi. Urutan yang paling tepat adalah...","shapes","📋",0,0,"=",2,25,"[""Kumur-kumur → Tidur → Oleskan pasta gigi"",""Oleskan pasta gigi → Sikat gigi → Kumur-kumur air bersih"",""Sikat gigi → Simpan sikat → Oleskan pasta gigi""]","Jawaban pilihan [2] adalah yang paling tepat!"
"q_coding_algoritma_66","coding_algoritma","Langkah menanam biji bunga yang benar adalah...","shapes","📋",0,0,"=",2,25,"[""Siram air → Petik bunga → Gali tanah"",""Gali tanah & tanam biji → Siram air → Tunggu tumbuh bunga"",""Petik bunga → Tanam biji → Siram""]","Jawaban pilihan [2] adalah yang paling tepat!"
"q_coding_algoritma_67","coding_algoritma","Bagaimana urutan memakai sepatu sekolah?","shapes","📋",0,0,"=",3,25,"[""Ikat tali sepatu → Pakai kaus kaki → Pakai sepatu"",""Pakai sepatu dulu → Pakai kaus kaki → Ikat tali sepatu"",""Pakai kaus kaki → Pakai sepatu → Ikat tali sepatu""]","Jawaban pilihan [3] adalah yang paling tepat!"
"q_coding_algoritma_68","coding_algoritma","Ibu ingin membuat es teh manis. Urutan yang benar adalah...","shapes","📋",0,0,"=",2,25,"[""Masukkan es batu → Minum habis → Seduh teh"",""Seduh teh hangat → Tambah gula & es batu → Aduk rata"",""Tambah gula → Minum habis → Seduh teh""]","Jawaban pilihan [2] adalah yang paling tepat!"
"q_coding_algoritma_69","coding_algoritma","Yusuf ingin melukis gambar. Urutan yang tepat adalah...","shapes","📋",0,0,"=",2,25,"[""Warnai gambar → Gambar sketsa dengan pensil → Pajang lukisan"",""Gambar sketsa dengan pensil → Mewarnai gambar → Pajang lukisan"",""Pajang lukisan → Mewarnai → Gambar sketsa""]","Jawaban pilihan [2] adalah yang paling tepat!"
"q_coding_algoritma_70","coding_algoritma","Urutan mandi yang bersih adalah...","shapes","📋",0,0,"=",1,25,"[""Basahi badan & pakai sabun → Bilas air bersih → Keringkan dengan handuk"",""Keringkan dengan handuk → Basahi badan → Pakai baju"",""Pakai baju bersih → Basahi badan & pakai sabun → Bilas air bersih""]","Jawaban pilihan [1] adalah yang paling tepat!"
"q_coding_algoritma_71","coding_algoritma","Langkah sebelum tidur malam adalah...","shapes","📋",0,0,"=",3,25,"[""Tidur nyenyak → Gosok gigi → Naik ke tempat tidur"",""Mimpi indah → Gosok gigi & cuci kaki → Naik ke tempat tidur"",""Gosok gigi & cuci kaki → Naik ke tempat tidur → Berdoa & tidur""]","Jawaban pilihan [3] adalah yang paling tepat!"
"q_coding_algoritma_72","coding_algoritma","Bagaimana cara membuat roti tawar oles mentega?","shapes","📋",0,0,"=",1,25,"[""Ambil selembar roti → Oleskan mentega dengan sendok/pisau roti → Roti siap dimakan"",""Oleskan mentega di piring → Makan piring → Ambil roti"",""Makan roti → Oleskan mentega → Ambil roti""]","Jawaban pilihan [1] adalah yang paling tepat!"
"q_coding_algoritma_73","coding_algoritma","Urutan merapikan tempat tidur setelah bangun tidur:","shapes","📋",0,0,"=",2,25,"[""Mandi dulu → Lipat selimut → Merapikan bantal"",""Merapikan bantal → Melipat selimut → Mendorong kasur rapi"",""Tidur lagi → Lipat selimut → Buang bantal""]","Jawaban pilihan [2] adalah yang paling tepat!"
"q_coding_algoritma_74","coding_algoritma","Langkah-langkah mewarnai gambar dengan rapi adalah...","shapes","📋",0,0,"=",2,25,"[""Mewarnai luar garis → Patahkan krayon → Simpan"",""Pilih warna krayon → Mewarnai di dalam garis → Simpan kembali krayon"",""Coret-coret tembok → Buang krayon → Ambil gambar""]","Jawaban pilihan [2] adalah yang paling tepat!"
"q_coding_algoritma_75","coding_algoritma","Urutan membuat jus buah yang benar adalah...","shapes","📋",0,0,"=",1,25,"[""Kupas & potong buah → Masukkan blender & air → Nyalakan blender"",""Minum jus → Nyalakan blender → Kupas buah"",""Nyalakan blender → Minum jus → Potong buah""]","Jawaban pilihan [1] adalah yang paling tepat!"
"q_coding_algoritma_76","coding_algoritma","Urutan menyeberang jalan raya yang aman adalah...","shapes","📋",0,0,"=",3,25,"[""Mata dipejamkan → Berlari cepat → Berhenti di tengah jalan"",""Langsung lari tanpa melihat → Tengok kanan kiri → Tengok lagi"",""Berdiri di pinggir → Tengok kanan dan kiri → Jalan menyeberang saat aman""]","Jawaban pilihan [3] adalah yang paling tepat!"
"q_coding_algoritma_77","coding_algoritma","Urutan memakai kaos kaki dan sepatu yang benar:","shapes","📋",0,0,"=",2,25,"[""Sepatu dulu → Baru kaus kaki di luar sepatu → Lepas sepatu"",""Kaus kaki kanan & kiri → Sepatu kanan & kiri → Ikat tali"",""Ikat tali → Kaus kaki → Sepatu""]","Jawaban pilihan [2] adalah yang paling tepat!"
"q_coding_algoritma_78","coding_algoritma","Langkah-langkah membuang sampah yang benar:","shapes","📋",0,0,"=",1,25,"[""Lihat sampah di lantai → Ambil sampah → Masukkan ke tempat sampah"",""Ambil tempat sampah → Lempar ke atap → Makan"",""Buang sampah di jalan → Biarkan saja → Sapu""]","Jawaban pilihan [1] adalah yang paling tepat!"
"q_coding_algoritma_79","coding_algoritma","Urutan membuka pintu rumah yang terkunci:","shapes","📋",0,0,"=",1,25,"[""Masukkan kunci → Putar kunci → Tarik gagang pintu"",""Tarik gagang pintu → Buang kunci → Pukul pintu"",""Putar gagang → Lepas pintu → Masukkan kunci""]","Jawaban pilihan [1] adalah yang paling tepat!"
"q_coding_algoritma_80","coding_algoritma","Budi ingin mencuci tangan sebelum makan. Langkah mana yang urutannya benar?","shapes","📋",0,0,"=",3,25,"[""Keringkan dengan lap → Pakai sabun → Basahi air"",""Makan → Pakai sabun → Cuci air"",""Basahi tangan dengan air → Pakai sabun & bilas → Keringkan dengan lap""]","Jawaban pilihan [3] adalah yang paling tepat!"
"q_coding_algoritma_81","coding_algoritma","Siti ingin menyikat gigi. Urutan yang paling tepat adalah...","shapes","📋",0,0,"=",3,25,"[""Sikat gigi → Simpan sikat → Oleskan pasta gigi"",""Kumur-kumur → Tidur → Oleskan pasta gigi"",""Oleskan pasta gigi → Sikat gigi → Kumur-kumur air bersih""]","Jawaban pilihan [3] adalah yang paling tepat!"
"q_coding_algoritma_82","coding_algoritma","Langkah menanam biji bunga yang benar adalah...","shapes","📋",0,0,"=",1,25,"[""Gali tanah & tanam biji → Siram air → Tunggu tumbuh bunga"",""Siram air → Petik bunga → Gali tanah"",""Petik bunga → Tanam biji → Siram""]","Jawaban pilihan [1] adalah yang paling tepat!"
"q_coding_algoritma_83","coding_algoritma","Bagaimana urutan memakai sepatu sekolah?","shapes","📋",0,0,"=",2,25,"[""Ikat tali sepatu → Pakai kaus kaki → Pakai sepatu"",""Pakai kaus kaki → Pakai sepatu → Ikat tali sepatu"",""Pakai sepatu dulu → Pakai kaus kaki → Ikat tali sepatu""]","Jawaban pilihan [2] adalah yang paling tepat!"
"q_coding_algoritma_84","coding_algoritma","Ibu ingin membuat es teh manis. Urutan yang benar adalah...","shapes","📋",0,0,"=",1,25,"[""Seduh teh hangat → Tambah gula & es batu → Aduk rata"",""Tambah gula → Minum habis → Seduh teh"",""Masukkan es batu → Minum habis → Seduh teh""]","Jawaban pilihan [1] adalah yang paling tepat!"
"q_coding_algoritma_85","coding_algoritma","Hafshah ingin melukis gambar. Urutan yang tepat adalah...","shapes","📋",0,0,"=",3,25,"[""Pajang lukisan → Mewarnai → Gambar sketsa"",""Warnai gambar → Gambar sketsa dengan pensil → Pajang lukisan"",""Gambar sketsa dengan pensil → Mewarnai gambar → Pajang lukisan""]","Jawaban pilihan [3] adalah yang paling tepat!"
"q_coding_algoritma_86","coding_algoritma","Urutan mandi yang bersih adalah...","shapes","📋",0,0,"=",2,25,"[""Keringkan dengan handuk → Basahi badan → Pakai baju"",""Basahi badan & pakai sabun → Bilas air bersih → Keringkan dengan handuk"",""Pakai baju bersih → Basahi badan & pakai sabun → Bilas air bersih""]","Jawaban pilihan [2] adalah yang paling tepat!"
"q_coding_algoritma_87","coding_algoritma","Langkah sebelum tidur malam adalah...","shapes","📋",0,0,"=",2,25,"[""Mimpi indah → Gosok gigi & cuci kaki → Naik ke tempat tidur"",""Gosok gigi & cuci kaki → Naik ke tempat tidur → Berdoa & tidur"",""Tidur nyenyak → Gosok gigi → Naik ke tempat tidur""]","Jawaban pilihan [2] adalah yang paling tepat!"
"q_coding_algoritma_88","coding_algoritma","Bagaimana cara membuat roti tawar oles mentega?","shapes","📋",0,0,"=",1,25,"[""Ambil selembar roti → Oleskan mentega dengan sendok/pisau roti → Roti siap dimakan"",""Makan roti → Oleskan mentega → Ambil roti"",""Oleskan mentega di piring → Makan piring → Ambil roti""]","Jawaban pilihan [1] adalah yang paling tepat!"
"q_coding_algoritma_89","coding_algoritma","Urutan merapikan tempat tidur setelah bangun tidur:","shapes","📋",0,0,"=",2,25,"[""Mandi dulu → Lipat selimut → Merapikan bantal"",""Merapikan bantal → Melipat selimut → Mendorong kasur rapi"",""Tidur lagi → Lipat selimut → Buang bantal""]","Jawaban pilihan [2] adalah yang paling tepat!"
"q_coding_algoritma_90","coding_algoritma","Langkah-langkah mewarnai gambar dengan rapi adalah...","shapes","📋",0,0,"=",2,25,"[""Coret-coret tembok → Buang krayon → Ambil gambar"",""Pilih warna krayon → Mewarnai di dalam garis → Simpan kembali krayon"",""Mewarnai luar garis → Patahkan krayon → Simpan""]","Jawaban pilihan [2] adalah yang paling tepat!"
"q_coding_algoritma_91","coding_algoritma","Urutan membuat jus buah yang benar adalah...","shapes","📋",0,0,"=",1,25,"[""Kupas & potong buah → Masukkan blender & air → Nyalakan blender"",""Nyalakan blender → Minum jus → Potong buah"",""Minum jus → Nyalakan blender → Kupas buah""]","Jawaban pilihan [1] adalah yang paling tepat!"
"q_coding_algoritma_92","coding_algoritma","Urutan menyeberang jalan raya yang aman adalah...","shapes","📋",0,0,"=",3,25,"[""Mata dipejamkan → Berlari cepat → Berhenti di tengah jalan"",""Langsung lari tanpa melihat → Tengok kanan kiri → Tengok lagi"",""Berdiri di pinggir → Tengok kanan dan kiri → Jalan menyeberang saat aman""]","Jawaban pilihan [3] adalah yang paling tepat!"
"q_coding_algoritma_93","coding_algoritma","Urutan memakai kaos kaki dan sepatu yang benar:","shapes","📋",0,0,"=",3,25,"[""Sepatu dulu → Baru kaus kaki di luar sepatu → Lepas sepatu"",""Ikat tali → Kaus kaki → Sepatu"",""Kaus kaki kanan & kiri → Sepatu kanan & kiri → Ikat tali""]","Jawaban pilihan [3] adalah yang paling tepat!"
"q_coding_algoritma_94","coding_algoritma","Langkah-langkah membuang sampah yang benar:","shapes","📋",0,0,"=",1,25,"[""Lihat sampah di lantai → Ambil sampah → Masukkan ke tempat sampah"",""Ambil tempat sampah → Lempar ke atap → Makan"",""Buang sampah di jalan → Biarkan saja → Sapu""]","Jawaban pilihan [1] adalah yang paling tepat!"
"q_coding_algoritma_95","coding_algoritma","Urutan membuka pintu rumah yang terkunci:","shapes","📋",0,0,"=",3,25,"[""Tarik gagang pintu → Buang kunci → Pukul pintu"",""Putar gagang → Lepas pintu → Masukkan kunci"",""Masukkan kunci → Putar kunci → Tarik gagang pintu""]","Jawaban pilihan [3] adalah yang paling tepat!"
"q_coding_algoritma_96","coding_algoritma","Alif ingin mencuci tangan sebelum makan. Langkah mana yang urutannya benar?","shapes","📋",0,0,"=",3,25,"[""Keringkan dengan lap → Pakai sabun → Basahi air"",""Makan → Pakai sabun → Cuci air"",""Basahi tangan dengan air → Pakai sabun & bilas → Keringkan dengan lap""]","Jawaban pilihan [3] adalah yang paling tepat!"
"q_coding_algoritma_97","coding_algoritma","Fatimah ingin menyikat gigi. Urutan yang paling tepat adalah...","shapes","📋",0,0,"=",2,25,"[""Kumur-kumur → Tidur → Oleskan pasta gigi"",""Oleskan pasta gigi → Sikat gigi → Kumur-kumur air bersih"",""Sikat gigi → Simpan sikat → Oleskan pasta gigi""]","Jawaban pilihan [2] adalah yang paling tepat!"
"q_coding_algoritma_98","coding_algoritma","Langkah menanam biji bunga yang benar adalah...","shapes","📋",0,0,"=",1,25,"[""Gali tanah & tanam biji → Siram air → Tunggu tumbuh bunga"",""Petik bunga → Tanam biji → Siram"",""Siram air → Petik bunga → Gali tanah""]","Jawaban pilihan [1] adalah yang paling tepat!"
"q_coding_algoritma_99","coding_algoritma","Bagaimana urutan memakai sepatu sekolah?","shapes","📋",0,0,"=",3,25,"[""Ikat tali sepatu → Pakai kaus kaki → Pakai sepatu"",""Pakai sepatu dulu → Pakai kaus kaki → Ikat tali sepatu"",""Pakai kaus kaki → Pakai sepatu → Ikat tali sepatu""]","Jawaban pilihan [3] adalah yang paling tepat!"
"q_coding_algoritma_100","coding_algoritma","Ibu ingin membuat es teh manis. Urutan yang benar adalah...","shapes","📋",0,0,"=",3,25,"[""Masukkan es batu → Minum habis → Seduh teh"",""Tambah gula → Minum habis → Seduh teh"",""Seduh teh hangat → Tambah gula & es batu → Aduk rata""]","Jawaban pilihan [3] adalah yang paling tepat!"
"q_coding_algoritma_101","coding_algoritma","Siti ingin melukis gambar. Urutan yang tepat adalah...","shapes","📋",0,0,"=",2,25,"[""Pajang lukisan → Mewarnai → Gambar sketsa"",""Gambar sketsa dengan pensil → Mewarnai gambar → Pajang lukisan"",""Warnai gambar → Gambar sketsa dengan pensil → Pajang lukisan""]","Jawaban pilihan [2] adalah yang paling tepat!"
"q_coding_algoritma_102","coding_algoritma","Urutan mandi yang bersih adalah...","shapes","📋",0,0,"=",3,25,"[""Pakai baju bersih → Basahi badan & pakai sabun → Bilas air bersih"",""Keringkan dengan handuk → Basahi badan → Pakai baju"",""Basahi badan & pakai sabun → Bilas air bersih → Keringkan dengan handuk""]","Jawaban pilihan [3] adalah yang paling tepat!"
"q_coding_algoritma_103","coding_algoritma","Langkah sebelum tidur malam adalah...","shapes","📋",0,0,"=",2,25,"[""Mimpi indah → Gosok gigi & cuci kaki → Naik ke tempat tidur"",""Gosok gigi & cuci kaki → Naik ke tempat tidur → Berdoa & tidur"",""Tidur nyenyak → Gosok gigi → Naik ke tempat tidur""]","Jawaban pilihan [2] adalah yang paling tepat!"
"q_coding_algoritma_104","coding_algoritma","Bagaimana cara membuat roti tawar oles mentega?","shapes","📋",0,0,"=",3,25,"[""Oleskan mentega di piring → Makan piring → Ambil roti"",""Makan roti → Oleskan mentega → Ambil roti"",""Ambil selembar roti → Oleskan mentega dengan sendok/pisau roti → Roti siap dimakan""]","Jawaban pilihan [3] adalah yang paling tepat!"
"q_coding_algoritma_105","coding_algoritma","Urutan merapikan tempat tidur setelah bangun tidur:","shapes","📋",0,0,"=",3,25,"[""Tidur lagi → Lipat selimut → Buang bantal"",""Mandi dulu → Lipat selimut → Merapikan bantal"",""Merapikan bantal → Melipat selimut → Mendorong kasur rapi""]","Jawaban pilihan [3] adalah yang paling tepat!"
"q_coding_algoritma_106","coding_algoritma","Langkah-langkah mewarnai gambar dengan rapi adalah...","shapes","📋",0,0,"=",2,25,"[""Mewarnai luar garis → Patahkan krayon → Simpan"",""Pilih warna krayon → Mewarnai di dalam garis → Simpan kembali krayon"",""Coret-coret tembok → Buang krayon → Ambil gambar""]","Jawaban pilihan [2] adalah yang paling tepat!"
"q_coding_algoritma_107","coding_algoritma","Urutan membuat jus buah yang benar adalah...","shapes","📋",0,0,"=",2,25,"[""Minum jus → Nyalakan blender → Kupas buah"",""Kupas & potong buah → Masukkan blender & air → Nyalakan blender"",""Nyalakan blender → Minum jus → Potong buah""]","Jawaban pilihan [2] adalah yang paling tepat!"
"q_coding_algoritma_108","coding_algoritma","Urutan menyeberang jalan raya yang aman adalah...","shapes","📋",0,0,"=",3,25,"[""Mata dipejamkan → Berlari cepat → Berhenti di tengah jalan"",""Langsung lari tanpa melihat → Tengok kanan kiri → Tengok lagi"",""Berdiri di pinggir → Tengok kanan dan kiri → Jalan menyeberang saat aman""]","Jawaban pilihan [3] adalah yang paling tepat!"
"q_coding_algoritma_109","coding_algoritma","Urutan memakai kaos kaki dan sepatu yang benar:","shapes","📋",0,0,"=",3,25,"[""Ikat tali → Kaus kaki → Sepatu"",""Sepatu dulu → Baru kaus kaki di luar sepatu → Lepas sepatu"",""Kaus kaki kanan & kiri → Sepatu kanan & kiri → Ikat tali""]","Jawaban pilihan [3] adalah yang paling tepat!"
"q_coding_algoritma_110","coding_algoritma","Langkah-langkah membuang sampah yang benar:","shapes","📋",0,0,"=",3,25,"[""Ambil tempat sampah → Lempar ke atap → Makan"",""Buang sampah di jalan → Biarkan saja → Sapu"",""Lihat sampah di lantai → Ambil sampah → Masukkan ke tempat sampah""]","Jawaban pilihan [3] adalah yang paling tepat!"
"q_coding_algoritma_111","coding_algoritma","Urutan membuka pintu rumah yang terkunci:","shapes","📋",0,0,"=",2,25,"[""Putar gagang → Lepas pintu → Masukkan kunci"",""Masukkan kunci → Putar kunci → Tarik gagang pintu"",""Tarik gagang pintu → Buang kunci → Pukul pintu""]","Jawaban pilihan [2] adalah yang paling tepat!"
"q_coding_algoritma_112","coding_algoritma","Rani ingin mencuci tangan sebelum makan. Langkah mana yang urutannya benar?","shapes","📋",0,0,"=",1,25,"[""Basahi tangan dengan air → Pakai sabun & bilas → Keringkan dengan lap"",""Makan → Pakai sabun → Cuci air"",""Keringkan dengan lap → Pakai sabun → Basahi air""]","Jawaban pilihan [1] adalah yang paling tepat!"
"q_coding_algoritma_113","coding_algoritma","Uwaiz ingin menyikat gigi. Urutan yang paling tepat adalah...","shapes","📋",0,0,"=",2,25,"[""Kumur-kumur → Tidur → Oleskan pasta gigi"",""Oleskan pasta gigi → Sikat gigi → Kumur-kumur air bersih"",""Sikat gigi → Simpan sikat → Oleskan pasta gigi""]","Jawaban pilihan [2] adalah yang paling tepat!"
"q_coding_algoritma_114","coding_algoritma","Langkah menanam biji bunga yang benar adalah...","shapes","📋",0,0,"=",2,25,"[""Siram air → Petik bunga → Gali tanah"",""Gali tanah & tanam biji → Siram air → Tunggu tumbuh bunga"",""Petik bunga → Tanam biji → Siram""]","Jawaban pilihan [2] adalah yang paling tepat!"
"q_coding_algoritma_115","coding_algoritma","Bagaimana urutan memakai sepatu sekolah?","shapes","📋",0,0,"=",3,25,"[""Ikat tali sepatu → Pakai kaus kaki → Pakai sepatu"",""Pakai sepatu dulu → Pakai kaus kaki → Ikat tali sepatu"",""Pakai kaus kaki → Pakai sepatu → Ikat tali sepatu""]","Jawaban pilihan [3] adalah yang paling tepat!"
"q_coding_algoritma_116","coding_algoritma","Ibu ingin membuat es teh manis. Urutan yang benar adalah...","shapes","📋",0,0,"=",2,25,"[""Tambah gula → Minum habis → Seduh teh"",""Seduh teh hangat → Tambah gula & es batu → Aduk rata"",""Masukkan es batu → Minum habis → Seduh teh""]","Jawaban pilihan [2] adalah yang paling tepat!"
"q_coding_algoritma_117","coding_algoritma","Fatimah ingin melukis gambar. Urutan yang tepat adalah...","shapes","📋",0,0,"=",3,25,"[""Pajang lukisan → Mewarnai → Gambar sketsa"",""Warnai gambar → Gambar sketsa dengan pensil → Pajang lukisan"",""Gambar sketsa dengan pensil → Mewarnai gambar → Pajang lukisan""]","Jawaban pilihan [3] adalah yang paling tepat!"
"q_coding_algoritma_118","coding_algoritma","Urutan mandi yang bersih adalah...","shapes","📋",0,0,"=",1,25,"[""Basahi badan & pakai sabun → Bilas air bersih → Keringkan dengan handuk"",""Pakai baju bersih → Basahi badan & pakai sabun → Bilas air bersih"",""Keringkan dengan handuk → Basahi badan → Pakai baju""]","Jawaban pilihan [1] adalah yang paling tepat!"
"q_coding_algoritma_119","coding_algoritma","Langkah sebelum tidur malam adalah...","shapes","📋",0,0,"=",1,25,"[""Gosok gigi & cuci kaki → Naik ke tempat tidur → Berdoa & tidur"",""Mimpi indah → Gosok gigi & cuci kaki → Naik ke tempat tidur"",""Tidur nyenyak → Gosok gigi → Naik ke tempat tidur""]","Jawaban pilihan [1] adalah yang paling tepat!"
"q_coding_algoritma_120","coding_algoritma","Bagaimana cara membuat roti tawar oles mentega?","shapes","📋",0,0,"=",2,25,"[""Oleskan mentega di piring → Makan piring → Ambil roti"",""Ambil selembar roti → Oleskan mentega dengan sendok/pisau roti → Roti siap dimakan"",""Makan roti → Oleskan mentega → Ambil roti""]","Jawaban pilihan [2] adalah yang paling tepat!"
"q_coding_algoritma_121","coding_algoritma","Urutan merapikan tempat tidur setelah bangun tidur:","shapes","📋",0,0,"=",3,25,"[""Tidur lagi → Lipat selimut → Buang bantal"",""Mandi dulu → Lipat selimut → Merapikan bantal"",""Merapikan bantal → Melipat selimut → Mendorong kasur rapi""]","Jawaban pilihan [3] adalah yang paling tepat!"
"q_coding_algoritma_122","coding_algoritma","Langkah-langkah mewarnai gambar dengan rapi adalah...","shapes","📋",0,0,"=",3,25,"[""Coret-coret tembok → Buang krayon → Ambil gambar"",""Mewarnai luar garis → Patahkan krayon → Simpan"",""Pilih warna krayon → Mewarnai di dalam garis → Simpan kembali krayon""]","Jawaban pilihan [3] adalah yang paling tepat!"
"q_coding_algoritma_123","coding_algoritma","Urutan membuat jus buah yang benar adalah...","shapes","📋",0,0,"=",3,25,"[""Minum jus → Nyalakan blender → Kupas buah"",""Nyalakan blender → Minum jus → Potong buah"",""Kupas & potong buah → Masukkan blender & air → Nyalakan blender""]","Jawaban pilihan [3] adalah yang paling tepat!"
"q_coding_algoritma_124","coding_algoritma","Urutan menyeberang jalan raya yang aman adalah...","shapes","📋",0,0,"=",1,25,"[""Berdiri di pinggir → Tengok kanan dan kiri → Jalan menyeberang saat aman"",""Mata dipejamkan → Berlari cepat → Berhenti di tengah jalan"",""Langsung lari tanpa melihat → Tengok kanan kiri → Tengok lagi""]","Jawaban pilihan [1] adalah yang paling tepat!"
"q_coding_algoritma_125","coding_algoritma","Urutan memakai kaos kaki dan sepatu yang benar:","shapes","📋",0,0,"=",2,25,"[""Ikat tali → Kaus kaki → Sepatu"",""Kaus kaki kanan & kiri → Sepatu kanan & kiri → Ikat tali"",""Sepatu dulu → Baru kaus kaki di luar sepatu → Lepas sepatu""]","Jawaban pilihan [2] adalah yang paling tepat!"
"q_coding_algoritma_126","coding_algoritma","Langkah-langkah membuang sampah yang benar:","shapes","📋",0,0,"=",3,25,"[""Ambil tempat sampah → Lempar ke atap → Makan"",""Buang sampah di jalan → Biarkan saja → Sapu"",""Lihat sampah di lantai → Ambil sampah → Masukkan ke tempat sampah""]","Jawaban pilihan [3] adalah yang paling tepat!"
"q_coding_algoritma_127","coding_algoritma","Urutan membuka pintu rumah yang terkunci:","shapes","📋",0,0,"=",1,25,"[""Masukkan kunci → Putar kunci → Tarik gagang pintu"",""Putar gagang → Lepas pintu → Masukkan kunci"",""Tarik gagang pintu → Buang kunci → Pukul pintu""]","Jawaban pilihan [1] adalah yang paling tepat!"
"q_coding_algoritma_128","coding_algoritma","Zaid ingin mencuci tangan sebelum makan. Langkah mana yang urutannya benar?","shapes","📋",0,0,"=",3,25,"[""Makan → Pakai sabun → Cuci air"",""Keringkan dengan lap → Pakai sabun → Basahi air"",""Basahi tangan dengan air → Pakai sabun & bilas → Keringkan dengan lap""]","Jawaban pilihan [3] adalah yang paling tepat!"
"q_coding_algoritma_129","coding_algoritma","Yusuf ingin menyikat gigi. Urutan yang paling tepat adalah...","shapes","📋",0,0,"=",3,25,"[""Kumur-kumur → Tidur → Oleskan pasta gigi"",""Sikat gigi → Simpan sikat → Oleskan pasta gigi"",""Oleskan pasta gigi → Sikat gigi → Kumur-kumur air bersih""]","Jawaban pilihan [3] adalah yang paling tepat!"
"q_coding_algoritma_130","coding_algoritma","Langkah menanam biji bunga yang benar adalah...","shapes","📋",0,0,"=",1,25,"[""Gali tanah & tanam biji → Siram air → Tunggu tumbuh bunga"",""Petik bunga → Tanam biji → Siram"",""Siram air → Petik bunga → Gali tanah""]","Jawaban pilihan [1] adalah yang paling tepat!"
"q_coding_algoritma_131","coding_algoritma","Bagaimana urutan memakai sepatu sekolah?","shapes","📋",0,0,"=",1,25,"[""Pakai kaus kaki → Pakai sepatu → Ikat tali sepatu"",""Ikat tali sepatu → Pakai kaus kaki → Pakai sepatu"",""Pakai sepatu dulu → Pakai kaus kaki → Ikat tali sepatu""]","Jawaban pilihan [1] adalah yang paling tepat!"
"q_coding_algoritma_132","coding_algoritma","Ibu ingin membuat es teh manis. Urutan yang benar adalah...","shapes","📋",0,0,"=",3,25,"[""Tambah gula → Minum habis → Seduh teh"",""Masukkan es batu → Minum habis → Seduh teh"",""Seduh teh hangat → Tambah gula & es batu → Aduk rata""]","Jawaban pilihan [3] adalah yang paling tepat!"
"q_coding_algoritma_133","coding_algoritma","Uwaiz ingin melukis gambar. Urutan yang tepat adalah...","shapes","📋",0,0,"=",3,25,"[""Warnai gambar → Gambar sketsa dengan pensil → Pajang lukisan"",""Pajang lukisan → Mewarnai → Gambar sketsa"",""Gambar sketsa dengan pensil → Mewarnai gambar → Pajang lukisan""]","Jawaban pilihan [3] adalah yang paling tepat!"
"q_coding_algoritma_134","coding_algoritma","Urutan mandi yang bersih adalah...","shapes","📋",0,0,"=",3,25,"[""Pakai baju bersih → Basahi badan & pakai sabun → Bilas air bersih"",""Keringkan dengan handuk → Basahi badan → Pakai baju"",""Basahi badan & pakai sabun → Bilas air bersih → Keringkan dengan handuk""]","Jawaban pilihan [3] adalah yang paling tepat!"
"q_coding_algoritma_135","coding_algoritma","Langkah sebelum tidur malam adalah...","shapes","📋",0,0,"=",1,25,"[""Gosok gigi & cuci kaki → Naik ke tempat tidur → Berdoa & tidur"",""Mimpi indah → Gosok gigi & cuci kaki → Naik ke tempat tidur"",""Tidur nyenyak → Gosok gigi → Naik ke tempat tidur""]","Jawaban pilihan [1] adalah yang paling tepat!"
"q_coding_algoritma_136","coding_algoritma","Bagaimana cara membuat roti tawar oles mentega?","shapes","📋",0,0,"=",3,25,"[""Makan roti → Oleskan mentega → Ambil roti"",""Oleskan mentega di piring → Makan piring → Ambil roti"",""Ambil selembar roti → Oleskan mentega dengan sendok/pisau roti → Roti siap dimakan""]","Jawaban pilihan [3] adalah yang paling tepat!"
"q_coding_algoritma_137","coding_algoritma","Urutan merapikan tempat tidur setelah bangun tidur:","shapes","📋",0,0,"=",2,25,"[""Mandi dulu → Lipat selimut → Merapikan bantal"",""Merapikan bantal → Melipat selimut → Mendorong kasur rapi"",""Tidur lagi → Lipat selimut → Buang bantal""]","Jawaban pilihan [2] adalah yang paling tepat!"
"q_coding_algoritma_138","coding_algoritma","Langkah-langkah mewarnai gambar dengan rapi adalah...","shapes","📋",0,0,"=",1,25,"[""Pilih warna krayon → Mewarnai di dalam garis → Simpan kembali krayon"",""Mewarnai luar garis → Patahkan krayon → Simpan"",""Coret-coret tembok → Buang krayon → Ambil gambar""]","Jawaban pilihan [1] adalah yang paling tepat!"
"q_coding_algoritma_139","coding_algoritma","Urutan membuat jus buah yang benar adalah...","shapes","📋",0,0,"=",2,25,"[""Minum jus → Nyalakan blender → Kupas buah"",""Kupas & potong buah → Masukkan blender & air → Nyalakan blender"",""Nyalakan blender → Minum jus → Potong buah""]","Jawaban pilihan [2] adalah yang paling tepat!"
"q_coding_algoritma_140","coding_algoritma","Urutan menyeberang jalan raya yang aman adalah...","shapes","📋",0,0,"=",3,25,"[""Langsung lari tanpa melihat → Tengok kanan kiri → Tengok lagi"",""Mata dipejamkan → Berlari cepat → Berhenti di tengah jalan"",""Berdiri di pinggir → Tengok kanan dan kiri → Jalan menyeberang saat aman""]","Jawaban pilihan [3] adalah yang paling tepat!"
"q_coding_algoritma_141","coding_algoritma","Urutan memakai kaos kaki dan sepatu yang benar:","shapes","📋",0,0,"=",3,25,"[""Sepatu dulu → Baru kaus kaki di luar sepatu → Lepas sepatu"",""Ikat tali → Kaus kaki → Sepatu"",""Kaus kaki kanan & kiri → Sepatu kanan & kiri → Ikat tali""]","Jawaban pilihan [3] adalah yang paling tepat!"
"q_coding_algoritma_142","coding_algoritma","Langkah-langkah membuang sampah yang benar:","shapes","📋",0,0,"=",1,25,"[""Lihat sampah di lantai → Ambil sampah → Masukkan ke tempat sampah"",""Buang sampah di jalan → Biarkan saja → Sapu"",""Ambil tempat sampah → Lempar ke atap → Makan""]","Jawaban pilihan [1] adalah yang paling tepat!"
"q_coding_algoritma_143","coding_algoritma","Urutan membuka pintu rumah yang terkunci:","shapes","📋",0,0,"=",2,25,"[""Tarik gagang pintu → Buang kunci → Pukul pintu"",""Masukkan kunci → Putar kunci → Tarik gagang pintu"",""Putar gagang → Lepas pintu → Masukkan kunci""]","Jawaban pilihan [2] adalah yang paling tepat!"
"q_coding_algoritma_144","coding_algoritma","Myesha ingin mencuci tangan sebelum makan. Langkah mana yang urutannya benar?","shapes","📋",0,0,"=",2,25,"[""Keringkan dengan lap → Pakai sabun → Basahi air"",""Basahi tangan dengan air → Pakai sabun & bilas → Keringkan dengan lap"",""Makan → Pakai sabun → Cuci air""]","Jawaban pilihan [2] adalah yang paling tepat!"
"q_coding_algoritma_145","coding_algoritma","Hafshah ingin menyikat gigi. Urutan yang paling tepat adalah...","shapes","📋",0,0,"=",1,25,"[""Oleskan pasta gigi → Sikat gigi → Kumur-kumur air bersih"",""Kumur-kumur → Tidur → Oleskan pasta gigi"",""Sikat gigi → Simpan sikat → Oleskan pasta gigi""]","Jawaban pilihan [1] adalah yang paling tepat!"
"q_coding_algoritma_146","coding_algoritma","Langkah menanam biji bunga yang benar adalah...","shapes","📋",0,0,"=",2,25,"[""Siram air → Petik bunga → Gali tanah"",""Gali tanah & tanam biji → Siram air → Tunggu tumbuh bunga"",""Petik bunga → Tanam biji → Siram""]","Jawaban pilihan [2] adalah yang paling tepat!"
"q_coding_algoritma_147","coding_algoritma","Bagaimana urutan memakai sepatu sekolah?","shapes","📋",0,0,"=",1,25,"[""Pakai kaus kaki → Pakai sepatu → Ikat tali sepatu"",""Ikat tali sepatu → Pakai kaus kaki → Pakai sepatu"",""Pakai sepatu dulu → Pakai kaus kaki → Ikat tali sepatu""]","Jawaban pilihan [1] adalah yang paling tepat!"
"q_coding_algoritma_148","coding_algoritma","Ibu ingin membuat es teh manis. Urutan yang benar adalah...","shapes","📋",0,0,"=",2,25,"[""Tambah gula → Minum habis → Seduh teh"",""Seduh teh hangat → Tambah gula & es batu → Aduk rata"",""Masukkan es batu → Minum habis → Seduh teh""]","Jawaban pilihan [2] adalah yang paling tepat!"
"q_coding_algoritma_149","coding_algoritma","Yusuf ingin melukis gambar. Urutan yang tepat adalah...","shapes","📋",0,0,"=",1,25,"[""Gambar sketsa dengan pensil → Mewarnai gambar → Pajang lukisan"",""Pajang lukisan → Mewarnai → Gambar sketsa"",""Warnai gambar → Gambar sketsa dengan pensil → Pajang lukisan""]","Jawaban pilihan [1] adalah yang paling tepat!"
"q_coding_algoritma_150","coding_algoritma","Urutan mandi yang bersih adalah...","shapes","📋",0,0,"=",3,25,"[""Pakai baju bersih → Basahi badan & pakai sabun → Bilas air bersih"",""Keringkan dengan handuk → Basahi badan → Pakai baju"",""Basahi badan & pakai sabun → Bilas air bersih → Keringkan dengan handuk""]","Jawaban pilihan [3] adalah yang paling tepat!"
"q_coding_algoritma_151","coding_algoritma","Langkah sebelum tidur malam adalah...","shapes","📋",0,0,"=",2,25,"[""Mimpi indah → Gosok gigi & cuci kaki → Naik ke tempat tidur"",""Gosok gigi & cuci kaki → Naik ke tempat tidur → Berdoa & tidur"",""Tidur nyenyak → Gosok gigi → Naik ke tempat tidur""]","Jawaban pilihan [2] adalah yang paling tepat!"
"q_coding_algoritma_152","coding_algoritma","Bagaimana cara membuat roti tawar oles mentega?","shapes","📋",0,0,"=",3,25,"[""Makan roti → Oleskan mentega → Ambil roti"",""Oleskan mentega di piring → Makan piring → Ambil roti"",""Ambil selembar roti → Oleskan mentega dengan sendok/pisau roti → Roti siap dimakan""]","Jawaban pilihan [3] adalah yang paling tepat!"
"q_coding_algoritma_153","coding_algoritma","Urutan merapikan tempat tidur setelah bangun tidur:","shapes","📋",0,0,"=",3,25,"[""Tidur lagi → Lipat selimut → Buang bantal"",""Mandi dulu → Lipat selimut → Merapikan bantal"",""Merapikan bantal → Melipat selimut → Mendorong kasur rapi""]","Jawaban pilihan [3] adalah yang paling tepat!"
"q_coding_algoritma_154","coding_algoritma","Langkah-langkah mewarnai gambar dengan rapi adalah...","shapes","📋",0,0,"=",1,25,"[""Pilih warna krayon → Mewarnai di dalam garis → Simpan kembali krayon"",""Coret-coret tembok → Buang krayon → Ambil gambar"",""Mewarnai luar garis → Patahkan krayon → Simpan""]","Jawaban pilihan [1] adalah yang paling tepat!"
"q_coding_algoritma_155","coding_algoritma","Urutan membuat jus buah yang benar adalah...","shapes","📋",0,0,"=",3,25,"[""Nyalakan blender → Minum jus → Potong buah"",""Minum jus → Nyalakan blender → Kupas buah"",""Kupas & potong buah → Masukkan blender & air → Nyalakan blender""]","Jawaban pilihan [3] adalah yang paling tepat!"
"q_coding_algoritma_156","coding_algoritma","Urutan menyeberang jalan raya yang aman adalah...","shapes","📋",0,0,"=",2,25,"[""Langsung lari tanpa melihat → Tengok kanan kiri → Tengok lagi"",""Berdiri di pinggir → Tengok kanan dan kiri → Jalan menyeberang saat aman"",""Mata dipejamkan → Berlari cepat → Berhenti di tengah jalan""]","Jawaban pilihan [2] adalah yang paling tepat!"
"q_coding_algoritma_157","coding_algoritma","Urutan memakai kaos kaki dan sepatu yang benar:","shapes","📋",0,0,"=",1,25,"[""Kaus kaki kanan & kiri → Sepatu kanan & kiri → Ikat tali"",""Ikat tali → Kaus kaki → Sepatu"",""Sepatu dulu → Baru kaus kaki di luar sepatu → Lepas sepatu""]","Jawaban pilihan [1] adalah yang paling tepat!"
"q_coding_algoritma_158","coding_algoritma","Langkah-langkah membuang sampah yang benar:","shapes","📋",0,0,"=",3,25,"[""Ambil tempat sampah → Lempar ke atap → Makan"",""Buang sampah di jalan → Biarkan saja → Sapu"",""Lihat sampah di lantai → Ambil sampah → Masukkan ke tempat sampah""]","Jawaban pilihan [3] adalah yang paling tepat!"
"q_coding_algoritma_159","coding_algoritma","Urutan membuka pintu rumah yang terkunci:","shapes","📋",0,0,"=",3,25,"[""Putar gagang → Lepas pintu → Masukkan kunci"",""Tarik gagang pintu → Buang kunci → Pukul pintu"",""Masukkan kunci → Putar kunci → Tarik gagang pintu""]","Jawaban pilihan [3] adalah yang paling tepat!"
"q_coding_algoritma_160","coding_algoritma","Budi ingin mencuci tangan sebelum makan. Langkah mana yang urutannya benar?","shapes","📋",0,0,"=",3,25,"[""Makan → Pakai sabun → Cuci air"",""Keringkan dengan lap → Pakai sabun → Basahi air"",""Basahi tangan dengan air → Pakai sabun & bilas → Keringkan dengan lap""]","Jawaban pilihan [3] adalah yang paling tepat!"
"q_coding_algoritma_161","coding_algoritma","Siti ingin menyikat gigi. Urutan yang paling tepat adalah...","shapes","📋",0,0,"=",3,25,"[""Sikat gigi → Simpan sikat → Oleskan pasta gigi"",""Kumur-kumur → Tidur → Oleskan pasta gigi"",""Oleskan pasta gigi → Sikat gigi → Kumur-kumur air bersih""]","Jawaban pilihan [3] adalah yang paling tepat!"
"q_coding_algoritma_162","coding_algoritma","Langkah menanam biji bunga yang benar adalah...","shapes","📋",0,0,"=",2,25,"[""Siram air → Petik bunga → Gali tanah"",""Gali tanah & tanam biji → Siram air → Tunggu tumbuh bunga"",""Petik bunga → Tanam biji → Siram""]","Jawaban pilihan [2] adalah yang paling tepat!"
"q_coding_algoritma_163","coding_algoritma","Bagaimana urutan memakai sepatu sekolah?","shapes","📋",0,0,"=",1,25,"[""Pakai kaus kaki → Pakai sepatu → Ikat tali sepatu"",""Pakai sepatu dulu → Pakai kaus kaki → Ikat tali sepatu"",""Ikat tali sepatu → Pakai kaus kaki → Pakai sepatu""]","Jawaban pilihan [1] adalah yang paling tepat!"
"q_coding_algoritma_164","coding_algoritma","Ibu ingin membuat es teh manis. Urutan yang benar adalah...","shapes","📋",0,0,"=",2,25,"[""Tambah gula → Minum habis → Seduh teh"",""Seduh teh hangat → Tambah gula & es batu → Aduk rata"",""Masukkan es batu → Minum habis → Seduh teh""]","Jawaban pilihan [2] adalah yang paling tepat!"
"q_coding_algoritma_165","coding_algoritma","Hafshah ingin melukis gambar. Urutan yang tepat adalah...","shapes","📋",0,0,"=",1,25,"[""Gambar sketsa dengan pensil → Mewarnai gambar → Pajang lukisan"",""Pajang lukisan → Mewarnai → Gambar sketsa"",""Warnai gambar → Gambar sketsa dengan pensil → Pajang lukisan""]","Jawaban pilihan [1] adalah yang paling tepat!"
"q_coding_algoritma_166","coding_algoritma","Urutan mandi yang bersih adalah...","shapes","📋",0,0,"=",2,25,"[""Keringkan dengan handuk → Basahi badan → Pakai baju"",""Basahi badan & pakai sabun → Bilas air bersih → Keringkan dengan handuk"",""Pakai baju bersih → Basahi badan & pakai sabun → Bilas air bersih""]","Jawaban pilihan [2] adalah yang paling tepat!"
"q_coding_algoritma_167","coding_algoritma","Langkah sebelum tidur malam adalah...","shapes","📋",0,0,"=",1,25,"[""Gosok gigi & cuci kaki → Naik ke tempat tidur → Berdoa & tidur"",""Mimpi indah → Gosok gigi & cuci kaki → Naik ke tempat tidur"",""Tidur nyenyak → Gosok gigi → Naik ke tempat tidur""]","Jawaban pilihan [1] adalah yang paling tepat!"
"q_coding_algoritma_168","coding_algoritma","Bagaimana cara membuat roti tawar oles mentega?","shapes","📋",0,0,"=",3,25,"[""Makan roti → Oleskan mentega → Ambil roti"",""Oleskan mentega di piring → Makan piring → Ambil roti"",""Ambil selembar roti → Oleskan mentega dengan sendok/pisau roti → Roti siap dimakan""]","Jawaban pilihan [3] adalah yang paling tepat!"
"q_coding_algoritma_169","coding_algoritma","Urutan merapikan tempat tidur setelah bangun tidur:","shapes","📋",0,0,"=",3,25,"[""Mandi dulu → Lipat selimut → Merapikan bantal"",""Tidur lagi → Lipat selimut → Buang bantal"",""Merapikan bantal → Melipat selimut → Mendorong kasur rapi""]","Jawaban pilihan [3] adalah yang paling tepat!"
"q_coding_algoritma_170","coding_algoritma","Langkah-langkah mewarnai gambar dengan rapi adalah...","shapes","📋",0,0,"=",2,25,"[""Coret-coret tembok → Buang krayon → Ambil gambar"",""Pilih warna krayon → Mewarnai di dalam garis → Simpan kembali krayon"",""Mewarnai luar garis → Patahkan krayon → Simpan""]","Jawaban pilihan [2] adalah yang paling tepat!"
"q_coding_algoritma_171","coding_algoritma","Urutan membuat jus buah yang benar adalah...","shapes","📋",0,0,"=",1,25,"[""Kupas & potong buah → Masukkan blender & air → Nyalakan blender"",""Minum jus → Nyalakan blender → Kupas buah"",""Nyalakan blender → Minum jus → Potong buah""]","Jawaban pilihan [1] adalah yang paling tepat!"
"q_coding_algoritma_172","coding_algoritma","Urutan menyeberang jalan raya yang aman adalah...","shapes","📋",0,0,"=",2,25,"[""Mata dipejamkan → Berlari cepat → Berhenti di tengah jalan"",""Berdiri di pinggir → Tengok kanan dan kiri → Jalan menyeberang saat aman"",""Langsung lari tanpa melihat → Tengok kanan kiri → Tengok lagi""]","Jawaban pilihan [2] adalah yang paling tepat!"
"q_coding_algoritma_173","coding_algoritma","Urutan memakai kaos kaki dan sepatu yang benar:","shapes","📋",0,0,"=",1,25,"[""Kaus kaki kanan & kiri → Sepatu kanan & kiri → Ikat tali"",""Ikat tali → Kaus kaki → Sepatu"",""Sepatu dulu → Baru kaus kaki di luar sepatu → Lepas sepatu""]","Jawaban pilihan [1] adalah yang paling tepat!"
"q_coding_algoritma_174","coding_algoritma","Langkah-langkah membuang sampah yang benar:","shapes","📋",0,0,"=",3,25,"[""Ambil tempat sampah → Lempar ke atap → Makan"",""Buang sampah di jalan → Biarkan saja → Sapu"",""Lihat sampah di lantai → Ambil sampah → Masukkan ke tempat sampah""]","Jawaban pilihan [3] adalah yang paling tepat!"
"q_coding_algoritma_175","coding_algoritma","Urutan membuka pintu rumah yang terkunci:","shapes","📋",0,0,"=",2,25,"[""Putar gagang → Lepas pintu → Masukkan kunci"",""Masukkan kunci → Putar kunci → Tarik gagang pintu"",""Tarik gagang pintu → Buang kunci → Pukul pintu""]","Jawaban pilihan [2] adalah yang paling tepat!"
"q_coding_algoritma_176","coding_algoritma","Alif ingin mencuci tangan sebelum makan. Langkah mana yang urutannya benar?","shapes","📋",0,0,"=",3,25,"[""Keringkan dengan lap → Pakai sabun → Basahi air"",""Makan → Pakai sabun → Cuci air"",""Basahi tangan dengan air → Pakai sabun & bilas → Keringkan dengan lap""]","Jawaban pilihan [3] adalah yang paling tepat!"
"q_coding_algoritma_177","coding_algoritma","Fatimah ingin menyikat gigi. Urutan yang paling tepat adalah...","shapes","📋",0,0,"=",1,25,"[""Oleskan pasta gigi → Sikat gigi → Kumur-kumur air bersih"",""Kumur-kumur → Tidur → Oleskan pasta gigi"",""Sikat gigi → Simpan sikat → Oleskan pasta gigi""]","Jawaban pilihan [1] adalah yang paling tepat!"
"q_coding_algoritma_178","coding_algoritma","Langkah menanam biji bunga yang benar adalah...","shapes","📋",0,0,"=",2,25,"[""Petik bunga → Tanam biji → Siram"",""Gali tanah & tanam biji → Siram air → Tunggu tumbuh bunga"",""Siram air → Petik bunga → Gali tanah""]","Jawaban pilihan [2] adalah yang paling tepat!"
"q_coding_algoritma_179","coding_algoritma","Bagaimana urutan memakai sepatu sekolah?","shapes","📋",0,0,"=",2,25,"[""Pakai sepatu dulu → Pakai kaus kaki → Ikat tali sepatu"",""Pakai kaus kaki → Pakai sepatu → Ikat tali sepatu"",""Ikat tali sepatu → Pakai kaus kaki → Pakai sepatu""]","Jawaban pilihan [2] adalah yang paling tepat!"
"q_coding_algoritma_180","coding_algoritma","Ibu ingin membuat es teh manis. Urutan yang benar adalah...","shapes","📋",0,0,"=",2,25,"[""Masukkan es batu → Minum habis → Seduh teh"",""Seduh teh hangat → Tambah gula & es batu → Aduk rata"",""Tambah gula → Minum habis → Seduh teh""]","Jawaban pilihan [2] adalah yang paling tepat!"
"q_coding_algoritma_181","coding_algoritma","Siti ingin melukis gambar. Urutan yang tepat adalah...","shapes","📋",0,0,"=",2,25,"[""Warnai gambar → Gambar sketsa dengan pensil → Pajang lukisan"",""Gambar sketsa dengan pensil → Mewarnai gambar → Pajang lukisan"",""Pajang lukisan → Mewarnai → Gambar sketsa""]","Jawaban pilihan [2] adalah yang paling tepat!"
"q_coding_algoritma_182","coding_algoritma","Urutan mandi yang bersih adalah...","shapes","📋",0,0,"=",2,25,"[""Pakai baju bersih → Basahi badan & pakai sabun → Bilas air bersih"",""Basahi badan & pakai sabun → Bilas air bersih → Keringkan dengan handuk"",""Keringkan dengan handuk → Basahi badan → Pakai baju""]","Jawaban pilihan [2] adalah yang paling tepat!"
"q_coding_algoritma_183","coding_algoritma","Langkah sebelum tidur malam adalah...","shapes","📋",0,0,"=",2,25,"[""Tidur nyenyak → Gosok gigi → Naik ke tempat tidur"",""Gosok gigi & cuci kaki → Naik ke tempat tidur → Berdoa & tidur"",""Mimpi indah → Gosok gigi & cuci kaki → Naik ke tempat tidur""]","Jawaban pilihan [2] adalah yang paling tepat!"
"q_coding_algoritma_184","coding_algoritma","Bagaimana cara membuat roti tawar oles mentega?","shapes","📋",0,0,"=",1,25,"[""Ambil selembar roti → Oleskan mentega dengan sendok/pisau roti → Roti siap dimakan"",""Makan roti → Oleskan mentega → Ambil roti"",""Oleskan mentega di piring → Makan piring → Ambil roti""]","Jawaban pilihan [1] adalah yang paling tepat!"
"q_coding_algoritma_185","coding_algoritma","Urutan merapikan tempat tidur setelah bangun tidur:","shapes","📋",0,0,"=",1,25,"[""Merapikan bantal → Melipat selimut → Mendorong kasur rapi"",""Mandi dulu → Lipat selimut → Merapikan bantal"",""Tidur lagi → Lipat selimut → Buang bantal""]","Jawaban pilihan [1] adalah yang paling tepat!"
"q_coding_algoritma_186","coding_algoritma","Langkah-langkah mewarnai gambar dengan rapi adalah...","shapes","📋",0,0,"=",1,25,"[""Pilih warna krayon → Mewarnai di dalam garis → Simpan kembali krayon"",""Mewarnai luar garis → Patahkan krayon → Simpan"",""Coret-coret tembok → Buang krayon → Ambil gambar""]","Jawaban pilihan [1] adalah yang paling tepat!"
"q_coding_algoritma_187","coding_algoritma","Urutan membuat jus buah yang benar adalah...","shapes","📋",0,0,"=",3,25,"[""Minum jus → Nyalakan blender → Kupas buah"",""Nyalakan blender → Minum jus → Potong buah"",""Kupas & potong buah → Masukkan blender & air → Nyalakan blender""]","Jawaban pilihan [3] adalah yang paling tepat!"
"q_coding_algoritma_188","coding_algoritma","Urutan menyeberang jalan raya yang aman adalah...","shapes","📋",0,0,"=",1,25,"[""Berdiri di pinggir → Tengok kanan dan kiri → Jalan menyeberang saat aman"",""Langsung lari tanpa melihat → Tengok kanan kiri → Tengok lagi"",""Mata dipejamkan → Berlari cepat → Berhenti di tengah jalan""]","Jawaban pilihan [1] adalah yang paling tepat!"
"q_coding_algoritma_189","coding_algoritma","Urutan memakai kaos kaki dan sepatu yang benar:","shapes","📋",0,0,"=",2,25,"[""Ikat tali → Kaus kaki → Sepatu"",""Kaus kaki kanan & kiri → Sepatu kanan & kiri → Ikat tali"",""Sepatu dulu → Baru kaus kaki di luar sepatu → Lepas sepatu""]","Jawaban pilihan [2] adalah yang paling tepat!"
"q_coding_algoritma_190","coding_algoritma","Langkah-langkah membuang sampah yang benar:","shapes","📋",0,0,"=",2,25,"[""Ambil tempat sampah → Lempar ke atap → Makan"",""Lihat sampah di lantai → Ambil sampah → Masukkan ke tempat sampah"",""Buang sampah di jalan → Biarkan saja → Sapu""]","Jawaban pilihan [2] adalah yang paling tepat!"
"q_coding_algoritma_191","coding_algoritma","Urutan membuka pintu rumah yang terkunci:","shapes","📋",0,0,"=",3,25,"[""Putar gagang → Lepas pintu → Masukkan kunci"",""Tarik gagang pintu → Buang kunci → Pukul pintu"",""Masukkan kunci → Putar kunci → Tarik gagang pintu""]","Jawaban pilihan [3] adalah yang paling tepat!"
"q_coding_algoritma_192","coding_algoritma","Rani ingin mencuci tangan sebelum makan. Langkah mana yang urutannya benar?","shapes","📋",0,0,"=",3,25,"[""Keringkan dengan lap → Pakai sabun → Basahi air"",""Makan → Pakai sabun → Cuci air"",""Basahi tangan dengan air → Pakai sabun & bilas → Keringkan dengan lap""]","Jawaban pilihan [3] adalah yang paling tepat!"
"q_coding_algoritma_193","coding_algoritma","Uwaiz ingin menyikat gigi. Urutan yang paling tepat adalah...","shapes","📋",0,0,"=",2,25,"[""Kumur-kumur → Tidur → Oleskan pasta gigi"",""Oleskan pasta gigi → Sikat gigi → Kumur-kumur air bersih"",""Sikat gigi → Simpan sikat → Oleskan pasta gigi""]","Jawaban pilihan [2] adalah yang paling tepat!"
"q_coding_algoritma_194","coding_algoritma","Langkah menanam biji bunga yang benar adalah...","shapes","📋",0,0,"=",1,25,"[""Gali tanah & tanam biji → Siram air → Tunggu tumbuh bunga"",""Siram air → Petik bunga → Gali tanah"",""Petik bunga → Tanam biji → Siram""]","Jawaban pilihan [1] adalah yang paling tepat!"
"q_coding_algoritma_195","coding_algoritma","Bagaimana urutan memakai sepatu sekolah?","shapes","📋",0,0,"=",1,25,"[""Pakai kaus kaki → Pakai sepatu → Ikat tali sepatu"",""Pakai sepatu dulu → Pakai kaus kaki → Ikat tali sepatu"",""Ikat tali sepatu → Pakai kaus kaki → Pakai sepatu""]","Jawaban pilihan [1] adalah yang paling tepat!"
"q_coding_algoritma_196","coding_algoritma","Ibu ingin membuat es teh manis. Urutan yang benar adalah...","shapes","📋",0,0,"=",3,25,"[""Tambah gula → Minum habis → Seduh teh"",""Masukkan es batu → Minum habis → Seduh teh"",""Seduh teh hangat → Tambah gula & es batu → Aduk rata""]","Jawaban pilihan [3] adalah yang paling tepat!"
"q_coding_algoritma_197","coding_algoritma","Fatimah ingin melukis gambar. Urutan yang tepat adalah...","shapes","📋",0,0,"=",1,25,"[""Gambar sketsa dengan pensil → Mewarnai gambar → Pajang lukisan"",""Warnai gambar → Gambar sketsa dengan pensil → Pajang lukisan"",""Pajang lukisan → Mewarnai → Gambar sketsa""]","Jawaban pilihan [1] adalah yang paling tepat!"
"q_coding_algoritma_198","coding_algoritma","Urutan mandi yang bersih adalah...","shapes","📋",0,0,"=",2,25,"[""Pakai baju bersih → Basahi badan & pakai sabun → Bilas air bersih"",""Basahi badan & pakai sabun → Bilas air bersih → Keringkan dengan handuk"",""Keringkan dengan handuk → Basahi badan → Pakai baju""]","Jawaban pilihan [2] adalah yang paling tepat!"
"q_coding_algoritma_199","coding_algoritma","Langkah sebelum tidur malam adalah...","shapes","📋",0,0,"=",2,25,"[""Tidur nyenyak → Gosok gigi → Naik ke tempat tidur"",""Gosok gigi & cuci kaki → Naik ke tempat tidur → Berdoa & tidur"",""Mimpi indah → Gosok gigi & cuci kaki → Naik ke tempat tidur""]","Jawaban pilihan [2] adalah yang paling tepat!"
"q_coding_algoritma_200","coding_algoritma","Bagaimana cara membuat roti tawar oles mentega?","shapes","📋",0,0,"=",2,25,"[""Makan roti → Oleskan mentega → Ambil roti"",""Ambil selembar roti → Oleskan mentega dengan sendok/pisau roti → Roti siap dimakan"",""Oleskan mentega di piring → Makan piring → Ambil roti""]","Jawaban pilihan [2] adalah yang paling tepat!"
"q_coding_algoritma_201","coding_algoritma","Urutan merapikan tempat tidur setelah bangun tidur:","shapes","📋",0,0,"=",3,25,"[""Mandi dulu → Lipat selimut → Merapikan bantal"",""Tidur lagi → Lipat selimut → Buang bantal"",""Merapikan bantal → Melipat selimut → Mendorong kasur rapi""]","Jawaban pilihan [3] adalah yang paling tepat!"
"q_coding_algoritma_202","coding_algoritma","Langkah-langkah mewarnai gambar dengan rapi adalah...","shapes","📋",0,0,"=",1,25,"[""Pilih warna krayon → Mewarnai di dalam garis → Simpan kembali krayon"",""Coret-coret tembok → Buang krayon → Ambil gambar"",""Mewarnai luar garis → Patahkan krayon → Simpan""]","Jawaban pilihan [1] adalah yang paling tepat!"
"q_coding_algoritma_203","coding_algoritma","Urutan membuat jus buah yang benar adalah...","shapes","📋",0,0,"=",1,25,"[""Kupas & potong buah → Masukkan blender & air → Nyalakan blender"",""Nyalakan blender → Minum jus → Potong buah"",""Minum jus → Nyalakan blender → Kupas buah""]","Jawaban pilihan [1] adalah yang paling tepat!"
"q_coding_algoritma_204","coding_algoritma","Urutan menyeberang jalan raya yang aman adalah...","shapes","📋",0,0,"=",3,25,"[""Langsung lari tanpa melihat → Tengok kanan kiri → Tengok lagi"",""Mata dipejamkan → Berlari cepat → Berhenti di tengah jalan"",""Berdiri di pinggir → Tengok kanan dan kiri → Jalan menyeberang saat aman""]","Jawaban pilihan [3] adalah yang paling tepat!"
"q_coding_algoritma_205","coding_algoritma","Urutan memakai kaos kaki dan sepatu yang benar:","shapes","📋",0,0,"=",2,25,"[""Ikat tali → Kaus kaki → Sepatu"",""Kaus kaki kanan & kiri → Sepatu kanan & kiri → Ikat tali"",""Sepatu dulu → Baru kaus kaki di luar sepatu → Lepas sepatu""]","Jawaban pilihan [2] adalah yang paling tepat!"
"q_coding_algoritma_206","coding_algoritma","Langkah-langkah membuang sampah yang benar:","shapes","📋",0,0,"=",2,25,"[""Ambil tempat sampah → Lempar ke atap → Makan"",""Lihat sampah di lantai → Ambil sampah → Masukkan ke tempat sampah"",""Buang sampah di jalan → Biarkan saja → Sapu""]","Jawaban pilihan [2] adalah yang paling tepat!"
"q_coding_algoritma_207","coding_algoritma","Urutan membuka pintu rumah yang terkunci:","shapes","📋",0,0,"=",3,25,"[""Tarik gagang pintu → Buang kunci → Pukul pintu"",""Putar gagang → Lepas pintu → Masukkan kunci"",""Masukkan kunci → Putar kunci → Tarik gagang pintu""]","Jawaban pilihan [3] adalah yang paling tepat!"
"q_coding_algoritma_208","coding_algoritma","Zaid ingin mencuci tangan sebelum makan. Langkah mana yang urutannya benar?","shapes","📋",0,0,"=",1,25,"[""Basahi tangan dengan air → Pakai sabun & bilas → Keringkan dengan lap"",""Keringkan dengan lap → Pakai sabun → Basahi air"",""Makan → Pakai sabun → Cuci air""]","Jawaban pilihan [1] adalah yang paling tepat!"
"q_coding_algoritma_209","coding_algoritma","Yusuf ingin menyikat gigi. Urutan yang paling tepat adalah...","shapes","📋",0,0,"=",2,25,"[""Kumur-kumur → Tidur → Oleskan pasta gigi"",""Oleskan pasta gigi → Sikat gigi → Kumur-kumur air bersih"",""Sikat gigi → Simpan sikat → Oleskan pasta gigi""]","Jawaban pilihan [2] adalah yang paling tepat!"
"q_coding_algoritma_210","coding_algoritma","Langkah menanam biji bunga yang benar adalah...","shapes","📋",0,0,"=",2,25,"[""Petik bunga → Tanam biji → Siram"",""Gali tanah & tanam biji → Siram air → Tunggu tumbuh bunga"",""Siram air → Petik bunga → Gali tanah""]","Jawaban pilihan [2] adalah yang paling tepat!"
"q_coding_algoritma_211","coding_algoritma","Bagaimana urutan memakai sepatu sekolah?","shapes","📋",0,0,"=",3,25,"[""Ikat tali sepatu → Pakai kaus kaki → Pakai sepatu"",""Pakai sepatu dulu → Pakai kaus kaki → Ikat tali sepatu"",""Pakai kaus kaki → Pakai sepatu → Ikat tali sepatu""]","Jawaban pilihan [3] adalah yang paling tepat!"
"q_coding_algoritma_212","coding_algoritma","Ibu ingin membuat es teh manis. Urutan yang benar adalah...","shapes","📋",0,0,"=",1,25,"[""Seduh teh hangat → Tambah gula & es batu → Aduk rata"",""Masukkan es batu → Minum habis → Seduh teh"",""Tambah gula → Minum habis → Seduh teh""]","Jawaban pilihan [1] adalah yang paling tepat!"
"q_coding_algoritma_213","coding_algoritma","Uwaiz ingin melukis gambar. Urutan yang tepat adalah...","shapes","📋",0,0,"=",2,25,"[""Pajang lukisan → Mewarnai → Gambar sketsa"",""Gambar sketsa dengan pensil → Mewarnai gambar → Pajang lukisan"",""Warnai gambar → Gambar sketsa dengan pensil → Pajang lukisan""]","Jawaban pilihan [2] adalah yang paling tepat!"
"q_coding_algoritma_214","coding_algoritma","Urutan mandi yang bersih adalah...","shapes","📋",0,0,"=",3,25,"[""Keringkan dengan handuk → Basahi badan → Pakai baju"",""Pakai baju bersih → Basahi badan & pakai sabun → Bilas air bersih"",""Basahi badan & pakai sabun → Bilas air bersih → Keringkan dengan handuk""]","Jawaban pilihan [3] adalah yang paling tepat!"
"q_coding_algoritma_215","coding_algoritma","Langkah sebelum tidur malam adalah...","shapes","📋",0,0,"=",3,25,"[""Tidur nyenyak → Gosok gigi → Naik ke tempat tidur"",""Mimpi indah → Gosok gigi & cuci kaki → Naik ke tempat tidur"",""Gosok gigi & cuci kaki → Naik ke tempat tidur → Berdoa & tidur""]","Jawaban pilihan [3] adalah yang paling tepat!"
"q_coding_algoritma_216","coding_algoritma","Bagaimana cara membuat roti tawar oles mentega?","shapes","📋",0,0,"=",2,25,"[""Makan roti → Oleskan mentega → Ambil roti"",""Ambil selembar roti → Oleskan mentega dengan sendok/pisau roti → Roti siap dimakan"",""Oleskan mentega di piring → Makan piring → Ambil roti""]","Jawaban pilihan [2] adalah yang paling tepat!"
"q_coding_algoritma_217","coding_algoritma","Urutan merapikan tempat tidur setelah bangun tidur:","shapes","📋",0,0,"=",3,25,"[""Tidur lagi → Lipat selimut → Buang bantal"",""Mandi dulu → Lipat selimut → Merapikan bantal"",""Merapikan bantal → Melipat selimut → Mendorong kasur rapi""]","Jawaban pilihan [3] adalah yang paling tepat!"
"q_coding_algoritma_218","coding_algoritma","Langkah-langkah mewarnai gambar dengan rapi adalah...","shapes","📋",0,0,"=",3,25,"[""Coret-coret tembok → Buang krayon → Ambil gambar"",""Mewarnai luar garis → Patahkan krayon → Simpan"",""Pilih warna krayon → Mewarnai di dalam garis → Simpan kembali krayon""]","Jawaban pilihan [3] adalah yang paling tepat!"
"q_coding_algoritma_219","coding_algoritma","Urutan membuat jus buah yang benar adalah...","shapes","📋",0,0,"=",2,25,"[""Minum jus → Nyalakan blender → Kupas buah"",""Kupas & potong buah → Masukkan blender & air → Nyalakan blender"",""Nyalakan blender → Minum jus → Potong buah""]","Jawaban pilihan [2] adalah yang paling tepat!"
"q_coding_algoritma_220","coding_algoritma","Urutan menyeberang jalan raya yang aman adalah...","shapes","📋",0,0,"=",2,25,"[""Mata dipejamkan → Berlari cepat → Berhenti di tengah jalan"",""Berdiri di pinggir → Tengok kanan dan kiri → Jalan menyeberang saat aman"",""Langsung lari tanpa melihat → Tengok kanan kiri → Tengok lagi""]","Jawaban pilihan [2] adalah yang paling tepat!"
"q_coding_algoritma_221","coding_algoritma","Urutan memakai kaos kaki dan sepatu yang benar:","shapes","📋",0,0,"=",2,25,"[""Sepatu dulu → Baru kaus kaki di luar sepatu → Lepas sepatu"",""Kaus kaki kanan & kiri → Sepatu kanan & kiri → Ikat tali"",""Ikat tali → Kaus kaki → Sepatu""]","Jawaban pilihan [2] adalah yang paling tepat!"
"q_coding_algoritma_222","coding_algoritma","Langkah-langkah membuang sampah yang benar:","shapes","📋",0,0,"=",2,25,"[""Ambil tempat sampah → Lempar ke atap → Makan"",""Lihat sampah di lantai → Ambil sampah → Masukkan ke tempat sampah"",""Buang sampah di jalan → Biarkan saja → Sapu""]","Jawaban pilihan [2] adalah yang paling tepat!"
"q_coding_algoritma_223","coding_algoritma","Urutan membuka pintu rumah yang terkunci:","shapes","📋",0,0,"=",2,25,"[""Tarik gagang pintu → Buang kunci → Pukul pintu"",""Masukkan kunci → Putar kunci → Tarik gagang pintu"",""Putar gagang → Lepas pintu → Masukkan kunci""]","Jawaban pilihan [2] adalah yang paling tepat!"
"q_coding_algoritma_224","coding_algoritma","Myesha ingin mencuci tangan sebelum makan. Langkah mana yang urutannya benar?","shapes","📋",0,0,"=",2,25,"[""Keringkan dengan lap → Pakai sabun → Basahi air"",""Basahi tangan dengan air → Pakai sabun & bilas → Keringkan dengan lap"",""Makan → Pakai sabun → Cuci air""]","Jawaban pilihan [2] adalah yang paling tepat!"
"q_coding_algoritma_225","coding_algoritma","Hafshah ingin menyikat gigi. Urutan yang paling tepat adalah...","shapes","📋",0,0,"=",3,25,"[""Kumur-kumur → Tidur → Oleskan pasta gigi"",""Sikat gigi → Simpan sikat → Oleskan pasta gigi"",""Oleskan pasta gigi → Sikat gigi → Kumur-kumur air bersih""]","Jawaban pilihan [3] adalah yang paling tepat!"
"q_coding_algoritma_226","coding_algoritma","Langkah menanam biji bunga yang benar adalah...","shapes","📋",0,0,"=",3,25,"[""Petik bunga → Tanam biji → Siram"",""Siram air → Petik bunga → Gali tanah"",""Gali tanah & tanam biji → Siram air → Tunggu tumbuh bunga""]","Jawaban pilihan [3] adalah yang paling tepat!"
"q_coding_algoritma_227","coding_algoritma","Bagaimana urutan memakai sepatu sekolah?","shapes","📋",0,0,"=",1,25,"[""Pakai kaus kaki → Pakai sepatu → Ikat tali sepatu"",""Ikat tali sepatu → Pakai kaus kaki → Pakai sepatu"",""Pakai sepatu dulu → Pakai kaus kaki → Ikat tali sepatu""]","Jawaban pilihan [1] adalah yang paling tepat!"
"q_coding_algoritma_228","coding_algoritma","Ibu ingin membuat es teh manis. Urutan yang benar adalah...","shapes","📋",0,0,"=",3,25,"[""Masukkan es batu → Minum habis → Seduh teh"",""Tambah gula → Minum habis → Seduh teh"",""Seduh teh hangat → Tambah gula & es batu → Aduk rata""]","Jawaban pilihan [3] adalah yang paling tepat!"
"q_coding_algoritma_229","coding_algoritma","Yusuf ingin melukis gambar. Urutan yang tepat adalah...","shapes","📋",0,0,"=",3,25,"[""Pajang lukisan → Mewarnai → Gambar sketsa"",""Warnai gambar → Gambar sketsa dengan pensil → Pajang lukisan"",""Gambar sketsa dengan pensil → Mewarnai gambar → Pajang lukisan""]","Jawaban pilihan [3] adalah yang paling tepat!"
"q_coding_algoritma_230","coding_algoritma","Urutan mandi yang bersih adalah...","shapes","📋",0,0,"=",3,25,"[""Keringkan dengan handuk → Basahi badan → Pakai baju"",""Pakai baju bersih → Basahi badan & pakai sabun → Bilas air bersih"",""Basahi badan & pakai sabun → Bilas air bersih → Keringkan dengan handuk""]","Jawaban pilihan [3] adalah yang paling tepat!"
"q_coding_algoritma_231","coding_algoritma","Langkah sebelum tidur malam adalah...","shapes","📋",0,0,"=",3,25,"[""Mimpi indah → Gosok gigi & cuci kaki → Naik ke tempat tidur"",""Tidur nyenyak → Gosok gigi → Naik ke tempat tidur"",""Gosok gigi & cuci kaki → Naik ke tempat tidur → Berdoa & tidur""]","Jawaban pilihan [3] adalah yang paling tepat!"
"q_coding_algoritma_232","coding_algoritma","Bagaimana cara membuat roti tawar oles mentega?","shapes","📋",0,0,"=",1,25,"[""Ambil selembar roti → Oleskan mentega dengan sendok/pisau roti → Roti siap dimakan"",""Makan roti → Oleskan mentega → Ambil roti"",""Oleskan mentega di piring → Makan piring → Ambil roti""]","Jawaban pilihan [1] adalah yang paling tepat!"
"q_coding_algoritma_233","coding_algoritma","Urutan merapikan tempat tidur setelah bangun tidur:","shapes","📋",0,0,"=",2,25,"[""Mandi dulu → Lipat selimut → Merapikan bantal"",""Merapikan bantal → Melipat selimut → Mendorong kasur rapi"",""Tidur lagi → Lipat selimut → Buang bantal""]","Jawaban pilihan [2] adalah yang paling tepat!"
"q_coding_algoritma_234","coding_algoritma","Langkah-langkah mewarnai gambar dengan rapi adalah...","shapes","📋",0,0,"=",2,25,"[""Coret-coret tembok → Buang krayon → Ambil gambar"",""Pilih warna krayon → Mewarnai di dalam garis → Simpan kembali krayon"",""Mewarnai luar garis → Patahkan krayon → Simpan""]","Jawaban pilihan [2] adalah yang paling tepat!"
"q_coding_algoritma_235","coding_algoritma","Urutan membuat jus buah yang benar adalah...","shapes","📋",0,0,"=",3,25,"[""Nyalakan blender → Minum jus → Potong buah"",""Minum jus → Nyalakan blender → Kupas buah"",""Kupas & potong buah → Masukkan blender & air → Nyalakan blender""]","Jawaban pilihan [3] adalah yang paling tepat!"
"q_coding_algoritma_236","coding_algoritma","Urutan menyeberang jalan raya yang aman adalah...","shapes","📋",0,0,"=",2,25,"[""Langsung lari tanpa melihat → Tengok kanan kiri → Tengok lagi"",""Berdiri di pinggir → Tengok kanan dan kiri → Jalan menyeberang saat aman"",""Mata dipejamkan → Berlari cepat → Berhenti di tengah jalan""]","Jawaban pilihan [2] adalah yang paling tepat!"
"q_coding_algoritma_237","coding_algoritma","Urutan memakai kaos kaki dan sepatu yang benar:","shapes","📋",0,0,"=",2,25,"[""Sepatu dulu → Baru kaus kaki di luar sepatu → Lepas sepatu"",""Kaus kaki kanan & kiri → Sepatu kanan & kiri → Ikat tali"",""Ikat tali → Kaus kaki → Sepatu""]","Jawaban pilihan [2] adalah yang paling tepat!"
"q_coding_algoritma_238","coding_algoritma","Langkah-langkah membuang sampah yang benar:","shapes","📋",0,0,"=",1,25,"[""Lihat sampah di lantai → Ambil sampah → Masukkan ke tempat sampah"",""Ambil tempat sampah → Lempar ke atap → Makan"",""Buang sampah di jalan → Biarkan saja → Sapu""]","Jawaban pilihan [1] adalah yang paling tepat!"
"q_coding_algoritma_239","coding_algoritma","Urutan membuka pintu rumah yang terkunci:","shapes","📋",0,0,"=",1,25,"[""Masukkan kunci → Putar kunci → Tarik gagang pintu"",""Putar gagang → Lepas pintu → Masukkan kunci"",""Tarik gagang pintu → Buang kunci → Pukul pintu""]","Jawaban pilihan [1] adalah yang paling tepat!"
"q_coding_algoritma_240","coding_algoritma","Budi ingin mencuci tangan sebelum makan. Langkah mana yang urutannya benar?","shapes","📋",0,0,"=",2,25,"[""Keringkan dengan lap → Pakai sabun → Basahi air"",""Basahi tangan dengan air → Pakai sabun & bilas → Keringkan dengan lap"",""Makan → Pakai sabun → Cuci air""]","Jawaban pilihan [2] adalah yang paling tepat!"
"q_coding_algoritma_241","coding_algoritma","Siti ingin menyikat gigi. Urutan yang paling tepat adalah...","shapes","📋",0,0,"=",1,25,"[""Oleskan pasta gigi → Sikat gigi → Kumur-kumur air bersih"",""Sikat gigi → Simpan sikat → Oleskan pasta gigi"",""Kumur-kumur → Tidur → Oleskan pasta gigi""]","Jawaban pilihan [1] adalah yang paling tepat!"
"q_coding_algoritma_242","coding_algoritma","Langkah menanam biji bunga yang benar adalah...","shapes","📋",0,0,"=",1,25,"[""Gali tanah & tanam biji → Siram air → Tunggu tumbuh bunga"",""Siram air → Petik bunga → Gali tanah"",""Petik bunga → Tanam biji → Siram""]","Jawaban pilihan [1] adalah yang paling tepat!"
"q_coding_algoritma_243","coding_algoritma","Bagaimana urutan memakai sepatu sekolah?","shapes","📋",0,0,"=",3,25,"[""Pakai sepatu dulu → Pakai kaus kaki → Ikat tali sepatu"",""Ikat tali sepatu → Pakai kaus kaki → Pakai sepatu"",""Pakai kaus kaki → Pakai sepatu → Ikat tali sepatu""]","Jawaban pilihan [3] adalah yang paling tepat!"
"q_coding_algoritma_244","coding_algoritma","Ibu ingin membuat es teh manis. Urutan yang benar adalah...","shapes","📋",0,0,"=",2,25,"[""Masukkan es batu → Minum habis → Seduh teh"",""Seduh teh hangat → Tambah gula & es batu → Aduk rata"",""Tambah gula → Minum habis → Seduh teh""]","Jawaban pilihan [2] adalah yang paling tepat!"
"q_coding_algoritma_245","coding_algoritma","Hafshah ingin melukis gambar. Urutan yang tepat adalah...","shapes","📋",0,0,"=",1,25,"[""Gambar sketsa dengan pensil → Mewarnai gambar → Pajang lukisan"",""Warnai gambar → Gambar sketsa dengan pensil → Pajang lukisan"",""Pajang lukisan → Mewarnai → Gambar sketsa""]","Jawaban pilihan [1] adalah yang paling tepat!"
"q_coding_algoritma_246","coding_algoritma","Urutan mandi yang bersih adalah...","shapes","📋",0,0,"=",1,25,"[""Basahi badan & pakai sabun → Bilas air bersih → Keringkan dengan handuk"",""Pakai baju bersih → Basahi badan & pakai sabun → Bilas air bersih"",""Keringkan dengan handuk → Basahi badan → Pakai baju""]","Jawaban pilihan [1] adalah yang paling tepat!"
"q_coding_algoritma_247","coding_algoritma","Langkah sebelum tidur malam adalah...","shapes","📋",0,0,"=",1,25,"[""Gosok gigi & cuci kaki → Naik ke tempat tidur → Berdoa & tidur"",""Mimpi indah → Gosok gigi & cuci kaki → Naik ke tempat tidur"",""Tidur nyenyak → Gosok gigi → Naik ke tempat tidur""]","Jawaban pilihan [1] adalah yang paling tepat!"
"q_coding_algoritma_248","coding_algoritma","Bagaimana cara membuat roti tawar oles mentega?","shapes","📋",0,0,"=",3,25,"[""Makan roti → Oleskan mentega → Ambil roti"",""Oleskan mentega di piring → Makan piring → Ambil roti"",""Ambil selembar roti → Oleskan mentega dengan sendok/pisau roti → Roti siap dimakan""]","Jawaban pilihan [3] adalah yang paling tepat!"
"q_coding_algoritma_249","coding_algoritma","Urutan merapikan tempat tidur setelah bangun tidur:","shapes","📋",0,0,"=",1,25,"[""Merapikan bantal → Melipat selimut → Mendorong kasur rapi"",""Tidur lagi → Lipat selimut → Buang bantal"",""Mandi dulu → Lipat selimut → Merapikan bantal""]","Jawaban pilihan [1] adalah yang paling tepat!"
"q_coding_algoritma_250","coding_algoritma","Langkah-langkah mewarnai gambar dengan rapi adalah...","shapes","📋",0,0,"=",1,25,"[""Pilih warna krayon → Mewarnai di dalam garis → Simpan kembali krayon"",""Mewarnai luar garis → Patahkan krayon → Simpan"",""Coret-coret tembok → Buang krayon → Ambil gambar""]","Jawaban pilihan [1] adalah yang paling tepat!"
"q_coding_algoritma_251","coding_algoritma","Urutan membuat jus buah yang benar adalah...","shapes","📋",0,0,"=",2,25,"[""Minum jus → Nyalakan blender → Kupas buah"",""Kupas & potong buah → Masukkan blender & air → Nyalakan blender"",""Nyalakan blender → Minum jus → Potong buah""]","Jawaban pilihan [2] adalah yang paling tepat!"
"q_coding_algoritma_252","coding_algoritma","Urutan menyeberang jalan raya yang aman adalah...","shapes","📋",0,0,"=",3,25,"[""Mata dipejamkan → Berlari cepat → Berhenti di tengah jalan"",""Langsung lari tanpa melihat → Tengok kanan kiri → Tengok lagi"",""Berdiri di pinggir → Tengok kanan dan kiri → Jalan menyeberang saat aman""]","Jawaban pilihan [3] adalah yang paling tepat!"
"q_coding_algoritma_253","coding_algoritma","Urutan memakai kaos kaki dan sepatu yang benar:","shapes","📋",0,0,"=",2,25,"[""Sepatu dulu → Baru kaus kaki di luar sepatu → Lepas sepatu"",""Kaus kaki kanan & kiri → Sepatu kanan & kiri → Ikat tali"",""Ikat tali → Kaus kaki → Sepatu""]","Jawaban pilihan [2] adalah yang paling tepat!"
"q_coding_algoritma_254","coding_algoritma","Langkah-langkah membuang sampah yang benar:","shapes","📋",0,0,"=",3,25,"[""Buang sampah di jalan → Biarkan saja → Sapu"",""Ambil tempat sampah → Lempar ke atap → Makan"",""Lihat sampah di lantai → Ambil sampah → Masukkan ke tempat sampah""]","Jawaban pilihan [3] adalah yang paling tepat!"
"q_coding_algoritma_255","coding_algoritma","Urutan membuka pintu rumah yang terkunci:","shapes","📋",0,0,"=",3,25,"[""Tarik gagang pintu → Buang kunci → Pukul pintu"",""Putar gagang → Lepas pintu → Masukkan kunci"",""Masukkan kunci → Putar kunci → Tarik gagang pintu""]","Jawaban pilihan [3] adalah yang paling tepat!"
"q_coding_algoritma_256","coding_algoritma","Alif ingin mencuci tangan sebelum makan. Langkah mana yang urutannya benar?","shapes","📋",0,0,"=",1,25,"[""Basahi tangan dengan air → Pakai sabun & bilas → Keringkan dengan lap"",""Keringkan dengan lap → Pakai sabun → Basahi air"",""Makan → Pakai sabun → Cuci air""]","Jawaban pilihan [1] adalah yang paling tepat!"
"q_coding_algoritma_257","coding_algoritma","Fatimah ingin menyikat gigi. Urutan yang paling tepat adalah...","shapes","📋",0,0,"=",3,25,"[""Kumur-kumur → Tidur → Oleskan pasta gigi"",""Sikat gigi → Simpan sikat → Oleskan pasta gigi"",""Oleskan pasta gigi → Sikat gigi → Kumur-kumur air bersih""]","Jawaban pilihan [3] adalah yang paling tepat!"
"q_coding_algoritma_258","coding_algoritma","Langkah menanam biji bunga yang benar adalah...","shapes","📋",0,0,"=",1,25,"[""Gali tanah & tanam biji → Siram air → Tunggu tumbuh bunga"",""Petik bunga → Tanam biji → Siram"",""Siram air → Petik bunga → Gali tanah""]","Jawaban pilihan [1] adalah yang paling tepat!"
"q_coding_algoritma_259","coding_algoritma","Bagaimana urutan memakai sepatu sekolah?","shapes","📋",0,0,"=",2,25,"[""Pakai sepatu dulu → Pakai kaus kaki → Ikat tali sepatu"",""Pakai kaus kaki → Pakai sepatu → Ikat tali sepatu"",""Ikat tali sepatu → Pakai kaus kaki → Pakai sepatu""]","Jawaban pilihan [2] adalah yang paling tepat!"
"q_coding_algoritma_260","coding_algoritma","Ibu ingin membuat es teh manis. Urutan yang benar adalah...","shapes","📋",0,0,"=",2,25,"[""Tambah gula → Minum habis → Seduh teh"",""Seduh teh hangat → Tambah gula & es batu → Aduk rata"",""Masukkan es batu → Minum habis → Seduh teh""]","Jawaban pilihan [2] adalah yang paling tepat!"
"q_coding_algoritma_261","coding_algoritma","Siti ingin melukis gambar. Urutan yang tepat adalah...","shapes","📋",0,0,"=",3,25,"[""Warnai gambar → Gambar sketsa dengan pensil → Pajang lukisan"",""Pajang lukisan → Mewarnai → Gambar sketsa"",""Gambar sketsa dengan pensil → Mewarnai gambar → Pajang lukisan""]","Jawaban pilihan [3] adalah yang paling tepat!"
"q_coding_algoritma_262","coding_algoritma","Urutan mandi yang bersih adalah...","shapes","📋",0,0,"=",2,25,"[""Keringkan dengan handuk → Basahi badan → Pakai baju"",""Basahi badan & pakai sabun → Bilas air bersih → Keringkan dengan handuk"",""Pakai baju bersih → Basahi badan & pakai sabun → Bilas air bersih""]","Jawaban pilihan [2] adalah yang paling tepat!"
"q_coding_algoritma_263","coding_algoritma","Langkah sebelum tidur malam adalah...","shapes","📋",0,0,"=",3,25,"[""Tidur nyenyak → Gosok gigi → Naik ke tempat tidur"",""Mimpi indah → Gosok gigi & cuci kaki → Naik ke tempat tidur"",""Gosok gigi & cuci kaki → Naik ke tempat tidur → Berdoa & tidur""]","Jawaban pilihan [3] adalah yang paling tepat!"
"q_coding_algoritma_264","coding_algoritma","Bagaimana cara membuat roti tawar oles mentega?","shapes","📋",0,0,"=",1,25,"[""Ambil selembar roti → Oleskan mentega dengan sendok/pisau roti → Roti siap dimakan"",""Oleskan mentega di piring → Makan piring → Ambil roti"",""Makan roti → Oleskan mentega → Ambil roti""]","Jawaban pilihan [1] adalah yang paling tepat!"
"q_coding_algoritma_265","coding_algoritma","Urutan merapikan tempat tidur setelah bangun tidur:","shapes","📋",0,0,"=",3,25,"[""Mandi dulu → Lipat selimut → Merapikan bantal"",""Tidur lagi → Lipat selimut → Buang bantal"",""Merapikan bantal → Melipat selimut → Mendorong kasur rapi""]","Jawaban pilihan [3] adalah yang paling tepat!"
"q_coding_algoritma_266","coding_algoritma","Langkah-langkah mewarnai gambar dengan rapi adalah...","shapes","📋",0,0,"=",3,25,"[""Mewarnai luar garis → Patahkan krayon → Simpan"",""Coret-coret tembok → Buang krayon → Ambil gambar"",""Pilih warna krayon → Mewarnai di dalam garis → Simpan kembali krayon""]","Jawaban pilihan [3] adalah yang paling tepat!"
"q_coding_algoritma_267","coding_algoritma","Urutan membuat jus buah yang benar adalah...","shapes","📋",0,0,"=",3,25,"[""Minum jus → Nyalakan blender → Kupas buah"",""Nyalakan blender → Minum jus → Potong buah"",""Kupas & potong buah → Masukkan blender & air → Nyalakan blender""]","Jawaban pilihan [3] adalah yang paling tepat!"
"q_coding_algoritma_268","coding_algoritma","Urutan menyeberang jalan raya yang aman adalah...","shapes","📋",0,0,"=",3,25,"[""Langsung lari tanpa melihat → Tengok kanan kiri → Tengok lagi"",""Mata dipejamkan → Berlari cepat → Berhenti di tengah jalan"",""Berdiri di pinggir → Tengok kanan dan kiri → Jalan menyeberang saat aman""]","Jawaban pilihan [3] adalah yang paling tepat!"
"q_coding_algoritma_269","coding_algoritma","Urutan memakai kaos kaki dan sepatu yang benar:","shapes","📋",0,0,"=",3,25,"[""Sepatu dulu → Baru kaus kaki di luar sepatu → Lepas sepatu"",""Ikat tali → Kaus kaki → Sepatu"",""Kaus kaki kanan & kiri → Sepatu kanan & kiri → Ikat tali""]","Jawaban pilihan [3] adalah yang paling tepat!"
"q_coding_algoritma_270","coding_algoritma","Langkah-langkah membuang sampah yang benar:","shapes","📋",0,0,"=",1,25,"[""Lihat sampah di lantai → Ambil sampah → Masukkan ke tempat sampah"",""Buang sampah di jalan → Biarkan saja → Sapu"",""Ambil tempat sampah → Lempar ke atap → Makan""]","Jawaban pilihan [1] adalah yang paling tepat!"
"q_coding_algoritma_271","coding_algoritma","Urutan membuka pintu rumah yang terkunci:","shapes","📋",0,0,"=",1,25,"[""Masukkan kunci → Putar kunci → Tarik gagang pintu"",""Tarik gagang pintu → Buang kunci → Pukul pintu"",""Putar gagang → Lepas pintu → Masukkan kunci""]","Jawaban pilihan [1] adalah yang paling tepat!"
"q_coding_algoritma_272","coding_algoritma","Rani ingin mencuci tangan sebelum makan. Langkah mana yang urutannya benar?","shapes","📋",0,0,"=",2,25,"[""Makan → Pakai sabun → Cuci air"",""Basahi tangan dengan air → Pakai sabun & bilas → Keringkan dengan lap"",""Keringkan dengan lap → Pakai sabun → Basahi air""]","Jawaban pilihan [2] adalah yang paling tepat!"
"q_coding_algoritma_273","coding_algoritma","Uwaiz ingin menyikat gigi. Urutan yang paling tepat adalah...","shapes","📋",0,0,"=",2,25,"[""Kumur-kumur → Tidur → Oleskan pasta gigi"",""Oleskan pasta gigi → Sikat gigi → Kumur-kumur air bersih"",""Sikat gigi → Simpan sikat → Oleskan pasta gigi""]","Jawaban pilihan [2] adalah yang paling tepat!"
"q_coding_algoritma_274","coding_algoritma","Langkah menanam biji bunga yang benar adalah...","shapes","📋",0,0,"=",2,25,"[""Siram air → Petik bunga → Gali tanah"",""Gali tanah & tanam biji → Siram air → Tunggu tumbuh bunga"",""Petik bunga → Tanam biji → Siram""]","Jawaban pilihan [2] adalah yang paling tepat!"
"q_coding_algoritma_275","coding_algoritma","Bagaimana urutan memakai sepatu sekolah?","shapes","📋",0,0,"=",2,25,"[""Ikat tali sepatu → Pakai kaus kaki → Pakai sepatu"",""Pakai kaus kaki → Pakai sepatu → Ikat tali sepatu"",""Pakai sepatu dulu → Pakai kaus kaki → Ikat tali sepatu""]","Jawaban pilihan [2] adalah yang paling tepat!"
"q_coding_algoritma_276","coding_algoritma","Ibu ingin membuat es teh manis. Urutan yang benar adalah...","shapes","📋",0,0,"=",3,25,"[""Masukkan es batu → Minum habis → Seduh teh"",""Tambah gula → Minum habis → Seduh teh"",""Seduh teh hangat → Tambah gula & es batu → Aduk rata""]","Jawaban pilihan [3] adalah yang paling tepat!"
"q_coding_algoritma_277","coding_algoritma","Fatimah ingin melukis gambar. Urutan yang tepat adalah...","shapes","📋",0,0,"=",2,25,"[""Pajang lukisan → Mewarnai → Gambar sketsa"",""Gambar sketsa dengan pensil → Mewarnai gambar → Pajang lukisan"",""Warnai gambar → Gambar sketsa dengan pensil → Pajang lukisan""]","Jawaban pilihan [2] adalah yang paling tepat!"
"q_coding_algoritma_278","coding_algoritma","Urutan mandi yang bersih adalah...","shapes","📋",0,0,"=",2,25,"[""Keringkan dengan handuk → Basahi badan → Pakai baju"",""Basahi badan & pakai sabun → Bilas air bersih → Keringkan dengan handuk"",""Pakai baju bersih → Basahi badan & pakai sabun → Bilas air bersih""]","Jawaban pilihan [2] adalah yang paling tepat!"
"q_coding_algoritma_279","coding_algoritma","Langkah sebelum tidur malam adalah...","shapes","📋",0,0,"=",2,25,"[""Tidur nyenyak → Gosok gigi → Naik ke tempat tidur"",""Gosok gigi & cuci kaki → Naik ke tempat tidur → Berdoa & tidur"",""Mimpi indah → Gosok gigi & cuci kaki → Naik ke tempat tidur""]","Jawaban pilihan [2] adalah yang paling tepat!"
"q_coding_algoritma_280","coding_algoritma","Bagaimana cara membuat roti tawar oles mentega?","shapes","📋",0,0,"=",3,25,"[""Makan roti → Oleskan mentega → Ambil roti"",""Oleskan mentega di piring → Makan piring → Ambil roti"",""Ambil selembar roti → Oleskan mentega dengan sendok/pisau roti → Roti siap dimakan""]","Jawaban pilihan [3] adalah yang paling tepat!"
"q_coding_algoritma_281","coding_algoritma","Urutan merapikan tempat tidur setelah bangun tidur:","shapes","📋",0,0,"=",3,25,"[""Tidur lagi → Lipat selimut → Buang bantal"",""Mandi dulu → Lipat selimut → Merapikan bantal"",""Merapikan bantal → Melipat selimut → Mendorong kasur rapi""]","Jawaban pilihan [3] adalah yang paling tepat!"
"q_coding_algoritma_282","coding_algoritma","Langkah-langkah mewarnai gambar dengan rapi adalah...","shapes","📋",0,0,"=",1,25,"[""Pilih warna krayon → Mewarnai di dalam garis → Simpan kembali krayon"",""Mewarnai luar garis → Patahkan krayon → Simpan"",""Coret-coret tembok → Buang krayon → Ambil gambar""]","Jawaban pilihan [1] adalah yang paling tepat!"
"q_coding_algoritma_283","coding_algoritma","Urutan membuat jus buah yang benar adalah...","shapes","📋",0,0,"=",1,25,"[""Kupas & potong buah → Masukkan blender & air → Nyalakan blender"",""Nyalakan blender → Minum jus → Potong buah"",""Minum jus → Nyalakan blender → Kupas buah""]","Jawaban pilihan [1] adalah yang paling tepat!"
"q_coding_algoritma_284","coding_algoritma","Urutan menyeberang jalan raya yang aman adalah...","shapes","📋",0,0,"=",3,25,"[""Mata dipejamkan → Berlari cepat → Berhenti di tengah jalan"",""Langsung lari tanpa melihat → Tengok kanan kiri → Tengok lagi"",""Berdiri di pinggir → Tengok kanan dan kiri → Jalan menyeberang saat aman""]","Jawaban pilihan [3] adalah yang paling tepat!"
"q_coding_algoritma_285","coding_algoritma","Urutan memakai kaos kaki dan sepatu yang benar:","shapes","📋",0,0,"=",2,25,"[""Sepatu dulu → Baru kaus kaki di luar sepatu → Lepas sepatu"",""Kaus kaki kanan & kiri → Sepatu kanan & kiri → Ikat tali"",""Ikat tali → Kaus kaki → Sepatu""]","Jawaban pilihan [2] adalah yang paling tepat!"
"q_coding_algoritma_286","coding_algoritma","Langkah-langkah membuang sampah yang benar:","shapes","📋",0,0,"=",3,25,"[""Ambil tempat sampah → Lempar ke atap → Makan"",""Buang sampah di jalan → Biarkan saja → Sapu"",""Lihat sampah di lantai → Ambil sampah → Masukkan ke tempat sampah""]","Jawaban pilihan [3] adalah yang paling tepat!"
"q_coding_algoritma_287","coding_algoritma","Urutan membuka pintu rumah yang terkunci:","shapes","📋",0,0,"=",3,25,"[""Tarik gagang pintu → Buang kunci → Pukul pintu"",""Putar gagang → Lepas pintu → Masukkan kunci"",""Masukkan kunci → Putar kunci → Tarik gagang pintu""]","Jawaban pilihan [3] adalah yang paling tepat!"
"q_coding_algoritma_288","coding_algoritma","Zaid ingin mencuci tangan sebelum makan. Langkah mana yang urutannya benar?","shapes","📋",0,0,"=",3,25,"[""Keringkan dengan lap → Pakai sabun → Basahi air"",""Makan → Pakai sabun → Cuci air"",""Basahi tangan dengan air → Pakai sabun & bilas → Keringkan dengan lap""]","Jawaban pilihan [3] adalah yang paling tepat!"
"q_coding_algoritma_289","coding_algoritma","Yusuf ingin menyikat gigi. Urutan yang paling tepat adalah...","shapes","📋",0,0,"=",1,25,"[""Oleskan pasta gigi → Sikat gigi → Kumur-kumur air bersih"",""Sikat gigi → Simpan sikat → Oleskan pasta gigi"",""Kumur-kumur → Tidur → Oleskan pasta gigi""]","Jawaban pilihan [1] adalah yang paling tepat!"
"q_coding_algoritma_290","coding_algoritma","Langkah menanam biji bunga yang benar adalah...","shapes","📋",0,0,"=",3,25,"[""Siram air → Petik bunga → Gali tanah"",""Petik bunga → Tanam biji → Siram"",""Gali tanah & tanam biji → Siram air → Tunggu tumbuh bunga""]","Jawaban pilihan [3] adalah yang paling tepat!"
"q_coding_algoritma_291","coding_algoritma","Bagaimana urutan memakai sepatu sekolah?","shapes","📋",0,0,"=",1,25,"[""Pakai kaus kaki → Pakai sepatu → Ikat tali sepatu"",""Pakai sepatu dulu → Pakai kaus kaki → Ikat tali sepatu"",""Ikat tali sepatu → Pakai kaus kaki → Pakai sepatu""]","Jawaban pilihan [1] adalah yang paling tepat!"
"q_coding_algoritma_292","coding_algoritma","Ibu ingin membuat es teh manis. Urutan yang benar adalah...","shapes","📋",0,0,"=",3,25,"[""Tambah gula → Minum habis → Seduh teh"",""Masukkan es batu → Minum habis → Seduh teh"",""Seduh teh hangat → Tambah gula & es batu → Aduk rata""]","Jawaban pilihan [3] adalah yang paling tepat!"
"q_coding_algoritma_293","coding_algoritma","Uwaiz ingin melukis gambar. Urutan yang tepat adalah...","shapes","📋",0,0,"=",3,25,"[""Pajang lukisan → Mewarnai → Gambar sketsa"",""Warnai gambar → Gambar sketsa dengan pensil → Pajang lukisan"",""Gambar sketsa dengan pensil → Mewarnai gambar → Pajang lukisan""]","Jawaban pilihan [3] adalah yang paling tepat!"
"q_coding_algoritma_294","coding_algoritma","Urutan mandi yang bersih adalah...","shapes","📋",0,0,"=",1,25,"[""Basahi badan & pakai sabun → Bilas air bersih → Keringkan dengan handuk"",""Pakai baju bersih → Basahi badan & pakai sabun → Bilas air bersih"",""Keringkan dengan handuk → Basahi badan → Pakai baju""]","Jawaban pilihan [1] adalah yang paling tepat!"
"q_coding_algoritma_295","coding_algoritma","Langkah sebelum tidur malam adalah...","shapes","📋",0,0,"=",2,25,"[""Tidur nyenyak → Gosok gigi → Naik ke tempat tidur"",""Gosok gigi & cuci kaki → Naik ke tempat tidur → Berdoa & tidur"",""Mimpi indah → Gosok gigi & cuci kaki → Naik ke tempat tidur""]","Jawaban pilihan [2] adalah yang paling tepat!"
"q_coding_algoritma_296","coding_algoritma","Bagaimana cara membuat roti tawar oles mentega?","shapes","📋",0,0,"=",2,25,"[""Oleskan mentega di piring → Makan piring → Ambil roti"",""Ambil selembar roti → Oleskan mentega dengan sendok/pisau roti → Roti siap dimakan"",""Makan roti → Oleskan mentega → Ambil roti""]","Jawaban pilihan [2] adalah yang paling tepat!"
"q_coding_algoritma_297","coding_algoritma","Urutan merapikan tempat tidur setelah bangun tidur:","shapes","📋",0,0,"=",3,25,"[""Mandi dulu → Lipat selimut → Merapikan bantal"",""Tidur lagi → Lipat selimut → Buang bantal"",""Merapikan bantal → Melipat selimut → Mendorong kasur rapi""]","Jawaban pilihan [3] adalah yang paling tepat!"
"q_coding_algoritma_298","coding_algoritma","Langkah-langkah mewarnai gambar dengan rapi adalah...","shapes","📋",0,0,"=",2,25,"[""Mewarnai luar garis → Patahkan krayon → Simpan"",""Pilih warna krayon → Mewarnai di dalam garis → Simpan kembali krayon"",""Coret-coret tembok → Buang krayon → Ambil gambar""]","Jawaban pilihan [2] adalah yang paling tepat!"
"q_coding_algoritma_299","coding_algoritma","Urutan membuat jus buah yang benar adalah...","shapes","📋",0,0,"=",2,25,"[""Nyalakan blender → Minum jus → Potong buah"",""Kupas & potong buah → Masukkan blender & air → Nyalakan blender"",""Minum jus → Nyalakan blender → Kupas buah""]","Jawaban pilihan [2] adalah yang paling tepat!"
"q_coding_algoritma_300","coding_algoritma","Urutan menyeberang jalan raya yang aman adalah...","shapes","📋",0,0,"=",1,25,"[""Berdiri di pinggir → Tengok kanan dan kiri → Jalan menyeberang saat aman"",""Langsung lari tanpa melihat → Tengok kanan kiri → Tengok lagi"",""Mata dipejamkan → Berlari cepat → Berhenti di tengah jalan""]","Jawaban pilihan [1] adalah yang paling tepat!"
"q_coding_pola_1","coding_pola","Perhatikan pola bentuk berikut: 🟦 Persegi - 🟡 Lingkaran - 🟦 Persegi - 🟡 Lingkaran - [...]. Bentuk selanjutnya adalah?","shapes","🎨",0,0,"=",1,25,"[""🟦 Persegi"",""🔺 Segitiga"",""🟡 Lingkaran""]","Jawaban pilihan [1] adalah yang paling tepat!"
"q_coding_pola_2","coding_pola","Perhatikan pola buah berikut: 🍎 Apel - 🍌 Pisang - 🍎 Apel - 🍌 Pisang - [...]. Buah selanjutnya adalah?","shapes","🎨",0,0,"=",2,25,"[""🍌 Pisang"",""🍎 Apel"",""🍊 Jeruk""]","Jawaban pilihan [2] adalah yang paling tepat!"
"q_coding_pola_3","coding_pola","Perhatikan pola hewan: 🐱 Kucing - 🐶 Anjing - 🐱 Kucing - 🐶 Anjing - [...]. Hewan berikutnya adalah?","shapes","🎨",0,0,"=",3,25,"[""🐰 Kelinci"",""🐶 Anjing"",""🐱 Kucing""]","Jawaban pilihan [3] adalah yang paling tepat!"
"q_coding_pola_4","coding_pola","Perhatikan pola angka: 1 - 2 - 1 - 2 - 1 - [...]. Angka berikutnya adalah?","shapes","🎨",0,0,"=",1,25,"[""2"",""3"",""1""]","Jawaban pilihan [1] adalah yang paling tepat!"
"q_coding_pola_5","coding_pola","Perhatikan pola ukuran bola: ⚽ Besar - ⚽ Kecil - ⚽ Besar - ⚽ Kecil - [...]. Ukuran bola berikutnya adalah?","shapes","🎨",0,0,"=",2,25,"[""⚽ Sedang"",""⚽ Besar"",""⚽ Kecil""]","Jawaban pilihan [2] adalah yang paling tepat!"
"q_coding_pola_6","coding_pola","Perhatikan pola emosi emoji: 😀 Senyum - 😢 Sedih - 😀 Senyum - 😢 Sedih - [...]. Gambar selanjutnya adalah?","shapes","🎨",0,0,"=",2,25,"[""😢 Sedih"",""😀 Senyum"",""😡 Marah""]","Jawaban pilihan [2] adalah yang paling tepat!"
"q_coding_pola_7","coding_pola","Perhatikan pola tepukan: 👏 Tepuk 1x - 👏 Tepuk 2x - 👏 Tepuk 1x - 👏 Tepuk 2x - [...]. Tepukan berikutnya adalah?","shapes","🎨",0,0,"=",2,25,"[""Tepuk 3x"",""Tepuk 1x"",""Tepuk 2x""]","Jawaban pilihan [2] adalah yang paling tepat!"
"q_coding_pola_8","coding_pola","Perhatikan pola warna baju: ⚪ Putih - ⬛ Hitam - ⚪ Putih - ⬛ Hitam - [...]. Warna berikutnya adalah?","shapes","🎨",0,0,"=",2,25,"[""🟥 Merah"",""⚪ Putih"",""⬛ Hitam""]","Jawaban pilihan [2] adalah yang paling tepat!"
"q_coding_pola_9","coding_pola","Perhatikan pola bunga: 🌸 Pink - 🌼 Kuning - 🌸 Pink - 🌼 Kuning - 🌸 Pink - [...]. Bunga berikutnya berwarna?","shapes","🎨",0,0,"=",1,25,"[""🌼 Kuning"",""🌸 Pink"",""🌺 Merah""]","Jawaban pilihan [1] adalah yang paling tepat!"
"q_coding_pola_10","coding_pola","Perhatikan pola bentuk: 🔺 Segitiga - 🟩 Persegi - 🔺 Segitiga - 🟩 Persegi - [...]. Bentuk selanjutnya adalah?","shapes","🎨",0,0,"=",2,25,"[""⚪ Lingkaran"",""🔺 Segitiga"",""🟩 Persegi""]","Jawaban pilihan [2] adalah yang paling tepat!"
"q_coding_pola_11","coding_pola","Perhatikan pola suara hewan: 'Mbeee' - 'Guk guk' - 'Mbeee' - 'Guk guk' - [...]. Suara berikutnya adalah?","shapes","🎨",0,0,"=",1,25,"[""'Mbeee' (Kambing)"",""'Meong' (Kucing)"",""'Guk guk' (Anjing)""]","Jawaban pilihan [1] adalah yang paling tepat!"
"q_coding_pola_12","coding_pola","Perhatikan pola ukuran: Short (Pendek) - Tall (Tinggi) - Short - Tall - [...]. Selanjutnya adalah?","shapes","🎨",0,0,"=",1,25,"[""Short (Pendek)"",""Sangat Tinggi"",""Tall (Tinggi)""]","Jawaban pilihan [1] adalah yang paling tepat!"
"q_coding_pola_13","coding_pola","Perhatikan pola emoji: 🌞 Matahari - 🌙 Bulan - 🌞 Matahari - 🌙 Bulan - [...]. Gambar selanjutnya adalah?","shapes","🎨",0,0,"=",2,25,"[""⭐ Bintang"",""🌞 Matahari"",""🌙 Bulan""]","Jawaban pilihan [2] adalah yang paling tepat!"
"q_coding_pola_14","coding_pola","Perhatikan pola: 1 Bintang ⭐ - 2 Bintang ⭐⭐ - 1 Bintang ⭐ - 2 Bintang ⭐⭐ - [...]. Selanjutnya berapa bintang?","shapes","🎨",0,0,"=",2,25,"[""2 Bintang ⭐⭐"",""1 Bintang ⭐"",""3 Bintang ⭐⭐⭐""]","Jawaban pilihan [2] adalah yang paling tepat!"
"q_coding_pola_15","coding_pola","Perhatikan pola: Besar - Besar - Kecil - Besar - Besar - [...]. Selanjutnya ukuran apa?","shapes","🎨",0,0,"=",2,25,"[""Besar"",""Kecil"",""Sedang""]","Jawaban pilihan [2] adalah yang paling tepat!"
"q_coding_pola_16","coding_pola","Pola nada suara: Tinggi - Rendah - Tinggi - Rendah - [...]. Nada berikutnya adalah?","shapes","🎨",0,0,"=",1,25,"[""Tinggi"",""Sangat Rendah"",""Rendah""]","Jawaban pilihan [1] adalah yang paling tepat!"
"q_coding_pola_17","coding_pola","Perhatikan pola warna balon berikut: ⬛ Hitam - 🔴 Merah - ⬛ Hitam - 🔴 Merah - ⬛ Hitam - [...]. Balon berikutnya berwarna?","shapes","🎨",0,0,"=",1,25,"[""🔴 Merah"",""⬛ Hitam"",""🟡 Kuning""]","Jawaban pilihan [1] adalah yang paling tepat!"
"q_coding_pola_18","coding_pola","Perhatikan pola bentuk berikut: 🟦 Persegi - 🟡 Lingkaran - 🟦 Persegi - 🟡 Lingkaran - [...]. Bentuk selanjutnya adalah?","shapes","🎨",0,0,"=",1,25,"[""🟦 Persegi"",""🟡 Lingkaran"",""🔺 Segitiga""]","Jawaban pilihan [1] adalah yang paling tepat!"
"q_coding_pola_19","coding_pola","Perhatikan pola buah berikut: 🍎 Apel - 🍌 Pisang - 🍎 Apel - 🍌 Pisang - [...]. Buah selanjutnya adalah?","shapes","🎨",0,0,"=",1,25,"[""🍎 Apel"",""🍌 Pisang"",""🍊 Jeruk""]","Jawaban pilihan [1] adalah yang paling tepat!"
"q_coding_pola_20","coding_pola","Perhatikan pola hewan: 🐱 Kucing - 🐶 Anjing - 🐱 Kucing - 🐶 Anjing - [...]. Hewan berikutnya adalah?","shapes","🎨",0,0,"=",1,25,"[""🐱 Kucing"",""🐶 Anjing"",""🐰 Kelinci""]","Jawaban pilihan [1] adalah yang paling tepat!"
"q_coding_pola_21","coding_pola","Perhatikan pola angka: 1 - 2 - 1 - 2 - 1 - [...]. Angka berikutnya adalah?","shapes","🎨",0,0,"=",1,25,"[""2"",""1"",""3""]","Jawaban pilihan [1] adalah yang paling tepat!"
"q_coding_pola_22","coding_pola","Perhatikan pola ukuran bola: ⚽ Besar - ⚽ Kecil - ⚽ Besar - ⚽ Kecil - [...]. Ukuran bola berikutnya adalah?","shapes","🎨",0,0,"=",2,25,"[""⚽ Kecil"",""⚽ Besar"",""⚽ Sedang""]","Jawaban pilihan [2] adalah yang paling tepat!"
"q_coding_pola_23","coding_pola","Perhatikan pola emosi emoji: 😀 Senyum - 😢 Sedih - 😀 Senyum - 😢 Sedih - [...]. Gambar selanjutnya adalah?","shapes","🎨",0,0,"=",2,25,"[""😡 Marah"",""😀 Senyum"",""😢 Sedih""]","Jawaban pilihan [2] adalah yang paling tepat!"
"q_coding_pola_24","coding_pola","Perhatikan pola tepukan: 👏 Tepuk 1x - 👏 Tepuk 2x - 👏 Tepuk 1x - 👏 Tepuk 2x - [...]. Tepukan berikutnya adalah?","shapes","🎨",0,0,"=",1,25,"[""Tepuk 1x"",""Tepuk 2x"",""Tepuk 3x""]","Jawaban pilihan [1] adalah yang paling tepat!"
"q_coding_pola_25","coding_pola","Perhatikan pola warna baju: ⚪ Putih - ⬛ Hitam - ⚪ Putih - ⬛ Hitam - [...]. Warna berikutnya adalah?","shapes","🎨",0,0,"=",2,25,"[""🟥 Merah"",""⚪ Putih"",""⬛ Hitam""]","Jawaban pilihan [2] adalah yang paling tepat!"
"q_coding_pola_26","coding_pola","Perhatikan pola bunga: 🌸 Pink - 🌼 Kuning - 🌸 Pink - 🌼 Kuning - 🌸 Pink - [...]. Bunga berikutnya berwarna?","shapes","🎨",0,0,"=",2,25,"[""🌸 Pink"",""🌼 Kuning"",""🌺 Merah""]","Jawaban pilihan [2] adalah yang paling tepat!"
"q_coding_pola_27","coding_pola","Perhatikan pola bentuk: 🔺 Segitiga - 🟩 Persegi - 🔺 Segitiga - 🟩 Persegi - [...]. Bentuk selanjutnya adalah?","shapes","🎨",0,0,"=",2,25,"[""⚪ Lingkaran"",""🔺 Segitiga"",""🟩 Persegi""]","Jawaban pilihan [2] adalah yang paling tepat!"
"q_coding_pola_28","coding_pola","Perhatikan pola suara hewan: 'Mbeee' - 'Guk guk' - 'Mbeee' - 'Guk guk' - [...]. Suara berikutnya adalah?","shapes","🎨",0,0,"=",3,25,"[""'Guk guk' (Anjing)"",""'Meong' (Kucing)"",""'Mbeee' (Kambing)""]","Jawaban pilihan [3] adalah yang paling tepat!"
"q_coding_pola_29","coding_pola","Perhatikan pola ukuran: Short (Pendek) - Tall (Tinggi) - Short - Tall - [...]. Selanjutnya adalah?","shapes","🎨",0,0,"=",3,25,"[""Sangat Tinggi"",""Tall (Tinggi)"",""Short (Pendek)""]","Jawaban pilihan [3] adalah yang paling tepat!"
"q_coding_pola_30","coding_pola","Perhatikan pola emoji: 🌞 Matahari - 🌙 Bulan - 🌞 Matahari - 🌙 Bulan - [...]. Gambar selanjutnya adalah?","shapes","🎨",0,0,"=",1,25,"[""🌞 Matahari"",""⭐ Bintang"",""🌙 Bulan""]","Jawaban pilihan [1] adalah yang paling tepat!"
"q_coding_pola_31","coding_pola","Perhatikan pola: 1 Bintang ⭐ - 2 Bintang ⭐⭐ - 1 Bintang ⭐ - 2 Bintang ⭐⭐ - [...]. Selanjutnya berapa bintang?","shapes","🎨",0,0,"=",2,25,"[""3 Bintang ⭐⭐⭐"",""1 Bintang ⭐"",""2 Bintang ⭐⭐""]","Jawaban pilihan [2] adalah yang paling tepat!"
"q_coding_pola_32","coding_pola","Perhatikan pola: Besar - Besar - Kecil - Besar - Besar - [...]. Selanjutnya ukuran apa?","shapes","🎨",0,0,"=",1,25,"[""Kecil"",""Besar"",""Sedang""]","Jawaban pilihan [1] adalah yang paling tepat!"
"q_coding_pola_33","coding_pola","Pola nada suara: Tinggi - Rendah - Tinggi - Rendah - [...]. Nada berikutnya adalah?","shapes","🎨",0,0,"=",2,25,"[""Rendah"",""Tinggi"",""Sangat Rendah""]","Jawaban pilihan [2] adalah yang paling tepat!"
"q_coding_pola_34","coding_pola","Perhatikan pola warna balon berikut: ⚪ Putih - ⬛ Hitam - ⚪ Putih - ⬛ Hitam - ⚪ Putih - [...]. Balon berikutnya berwarna?","shapes","🎨",0,0,"=",1,25,"[""⬛ Hitam"",""🟡 Kuning"",""⚪ Putih""]","Jawaban pilihan [1] adalah yang paling tepat!"
"q_coding_pola_35","coding_pola","Perhatikan pola bentuk berikut: 🟦 Persegi - 🟡 Lingkaran - 🟦 Persegi - 🟡 Lingkaran - [...]. Bentuk selanjutnya adalah?","shapes","🎨",0,0,"=",1,25,"[""🟦 Persegi"",""🟡 Lingkaran"",""🔺 Segitiga""]","Jawaban pilihan [1] adalah yang paling tepat!"
"q_coding_pola_36","coding_pola","Perhatikan pola buah berikut: 🍎 Apel - 🍌 Pisang - 🍎 Apel - 🍌 Pisang - [...]. Buah selanjutnya adalah?","shapes","🎨",0,0,"=",1,25,"[""🍎 Apel"",""🍊 Jeruk"",""🍌 Pisang""]","Jawaban pilihan [1] adalah yang paling tepat!"
"q_coding_pola_37","coding_pola","Perhatikan pola hewan: 🐱 Kucing - 🐶 Anjing - 🐱 Kucing - 🐶 Anjing - [...]. Hewan berikutnya adalah?","shapes","🎨",0,0,"=",3,25,"[""🐶 Anjing"",""🐰 Kelinci"",""🐱 Kucing""]","Jawaban pilihan [3] adalah yang paling tepat!"
"q_coding_pola_38","coding_pola","Perhatikan pola angka: 1 - 2 - 1 - 2 - 1 - [...]. Angka berikutnya adalah?","shapes","🎨",0,0,"=",2,25,"[""1"",""2"",""3""]","Jawaban pilihan [2] adalah yang paling tepat!"
"q_coding_pola_39","coding_pola","Perhatikan pola ukuran bola: ⚽ Besar - ⚽ Kecil - ⚽ Besar - ⚽ Kecil - [...]. Ukuran bola berikutnya adalah?","shapes","🎨",0,0,"=",3,25,"[""⚽ Sedang"",""⚽ Kecil"",""⚽ Besar""]","Jawaban pilihan [3] adalah yang paling tepat!"
"q_coding_pola_40","coding_pola","Perhatikan pola emosi emoji: 😀 Senyum - 😢 Sedih - 😀 Senyum - 😢 Sedih - [...]. Gambar selanjutnya adalah?","shapes","🎨",0,0,"=",3,25,"[""😢 Sedih"",""😡 Marah"",""😀 Senyum""]","Jawaban pilihan [3] adalah yang paling tepat!"
"q_coding_pola_41","coding_pola","Perhatikan pola tepukan: 👏 Tepuk 1x - 👏 Tepuk 2x - 👏 Tepuk 1x - 👏 Tepuk 2x - [...]. Tepukan berikutnya adalah?","shapes","🎨",0,0,"=",1,25,"[""Tepuk 1x"",""Tepuk 2x"",""Tepuk 3x""]","Jawaban pilihan [1] adalah yang paling tepat!"
"q_coding_pola_42","coding_pola","Perhatikan pola warna baju: ⚪ Putih - ⬛ Hitam - ⚪ Putih - ⬛ Hitam - [...]. Warna berikutnya adalah?","shapes","🎨",0,0,"=",1,25,"[""⚪ Putih"",""⬛ Hitam"",""🟥 Merah""]","Jawaban pilihan [1] adalah yang paling tepat!"
"q_coding_pola_43","coding_pola","Perhatikan pola bunga: 🌸 Pink - 🌼 Kuning - 🌸 Pink - 🌼 Kuning - 🌸 Pink - [...]. Bunga berikutnya berwarna?","shapes","🎨",0,0,"=",1,25,"[""🌼 Kuning"",""🌺 Merah"",""🌸 Pink""]","Jawaban pilihan [1] adalah yang paling tepat!"
"q_coding_pola_44","coding_pola","Perhatikan pola bentuk: 🔺 Segitiga - 🟩 Persegi - 🔺 Segitiga - 🟩 Persegi - [...]. Bentuk selanjutnya adalah?","shapes","🎨",0,0,"=",3,25,"[""🟩 Persegi"",""⚪ Lingkaran"",""🔺 Segitiga""]","Jawaban pilihan [3] adalah yang paling tepat!"
"q_coding_pola_45","coding_pola","Perhatikan pola suara hewan: 'Mbeee' - 'Guk guk' - 'Mbeee' - 'Guk guk' - [...]. Suara berikutnya adalah?","shapes","🎨",0,0,"=",2,25,"[""'Guk guk' (Anjing)"",""'Mbeee' (Kambing)"",""'Meong' (Kucing)""]","Jawaban pilihan [2] adalah yang paling tepat!"
"q_coding_pola_46","coding_pola","Perhatikan pola ukuran: Short (Pendek) - Tall (Tinggi) - Short - Tall - [...]. Selanjutnya adalah?","shapes","🎨",0,0,"=",1,25,"[""Short (Pendek)"",""Sangat Tinggi"",""Tall (Tinggi)""]","Jawaban pilihan [1] adalah yang paling tepat!"
"q_coding_pola_47","coding_pola","Perhatikan pola emoji: 🌞 Matahari - 🌙 Bulan - 🌞 Matahari - 🌙 Bulan - [...]. Gambar selanjutnya adalah?","shapes","🎨",0,0,"=",1,25,"[""🌞 Matahari"",""⭐ Bintang"",""🌙 Bulan""]","Jawaban pilihan [1] adalah yang paling tepat!"
"q_coding_pola_48","coding_pola","Perhatikan pola: 1 Bintang ⭐ - 2 Bintang ⭐⭐ - 1 Bintang ⭐ - 2 Bintang ⭐⭐ - [...]. Selanjutnya berapa bintang?","shapes","🎨",0,0,"=",2,25,"[""3 Bintang ⭐⭐⭐"",""1 Bintang ⭐"",""2 Bintang ⭐⭐""]","Jawaban pilihan [2] adalah yang paling tepat!"
"q_coding_pola_49","coding_pola","Perhatikan pola: Besar - Besar - Kecil - Besar - Besar - [...]. Selanjutnya ukuran apa?","shapes","🎨",0,0,"=",3,25,"[""Sedang"",""Besar"",""Kecil""]","Jawaban pilihan [3] adalah yang paling tepat!"
"q_coding_pola_50","coding_pola","Pola nada suara: Tinggi - Rendah - Tinggi - Rendah - [...]. Nada berikutnya adalah?","shapes","🎨",0,0,"=",2,25,"[""Rendah"",""Tinggi"",""Sangat Rendah""]","Jawaban pilihan [2] adalah yang paling tepat!"
"q_coding_pola_51","coding_pola","Perhatikan pola warna balon berikut: 🌸 Pink - ⚪ Putih - 🌸 Pink - ⚪ Putih - 🌸 Pink - [...]. Balon berikutnya berwarna?","shapes","🎨",0,0,"=",3,25,"[""🌸 Pink"",""🟡 Kuning"",""⚪ Putih""]","Jawaban pilihan [3] adalah yang paling tepat!"
"q_coding_pola_52","coding_pola","Perhatikan pola bentuk berikut: 🟦 Persegi - 🟡 Lingkaran - 🟦 Persegi - 🟡 Lingkaran - [...]. Bentuk selanjutnya adalah?","shapes","🎨",0,0,"=",3,25,"[""🔺 Segitiga"",""🟡 Lingkaran"",""🟦 Persegi""]","Jawaban pilihan [3] adalah yang paling tepat!"
"q_coding_pola_53","coding_pola","Perhatikan pola buah berikut: 🍎 Apel - 🍌 Pisang - 🍎 Apel - 🍌 Pisang - [...]. Buah selanjutnya adalah?","shapes","🎨",0,0,"=",1,25,"[""🍎 Apel"",""🍊 Jeruk"",""🍌 Pisang""]","Jawaban pilihan [1] adalah yang paling tepat!"
"q_coding_pola_54","coding_pola","Perhatikan pola hewan: 🐱 Kucing - 🐶 Anjing - 🐱 Kucing - 🐶 Anjing - [...]. Hewan berikutnya adalah?","shapes","🎨",0,0,"=",3,25,"[""🐶 Anjing"",""🐰 Kelinci"",""🐱 Kucing""]","Jawaban pilihan [3] adalah yang paling tepat!"
"q_coding_pola_55","coding_pola","Perhatikan pola angka: 1 - 2 - 1 - 2 - 1 - [...]. Angka berikutnya adalah?","shapes","🎨",0,0,"=",2,25,"[""1"",""2"",""3""]","Jawaban pilihan [2] adalah yang paling tepat!"
"q_coding_pola_56","coding_pola","Perhatikan pola ukuran bola: ⚽ Besar - ⚽ Kecil - ⚽ Besar - ⚽ Kecil - [...]. Ukuran bola berikutnya adalah?","shapes","🎨",0,0,"=",3,25,"[""⚽ Kecil"",""⚽ Sedang"",""⚽ Besar""]","Jawaban pilihan [3] adalah yang paling tepat!"
"q_coding_pola_57","coding_pola","Perhatikan pola emosi emoji: 😀 Senyum - 😢 Sedih - 😀 Senyum - 😢 Sedih - [...]. Gambar selanjutnya adalah?","shapes","🎨",0,0,"=",3,25,"[""😢 Sedih"",""😡 Marah"",""😀 Senyum""]","Jawaban pilihan [3] adalah yang paling tepat!"
"q_coding_pola_58","coding_pola","Perhatikan pola tepukan: 👏 Tepuk 1x - 👏 Tepuk 2x - 👏 Tepuk 1x - 👏 Tepuk 2x - [...]. Tepukan berikutnya adalah?","shapes","🎨",0,0,"=",3,25,"[""Tepuk 2x"",""Tepuk 3x"",""Tepuk 1x""]","Jawaban pilihan [3] adalah yang paling tepat!"
"q_coding_pola_59","coding_pola","Perhatikan pola warna baju: ⚪ Putih - ⬛ Hitam - ⚪ Putih - ⬛ Hitam - [...]. Warna berikutnya adalah?","shapes","🎨",0,0,"=",2,25,"[""🟥 Merah"",""⚪ Putih"",""⬛ Hitam""]","Jawaban pilihan [2] adalah yang paling tepat!"
"q_coding_pola_60","coding_pola","Perhatikan pola bunga: 🌸 Pink - 🌼 Kuning - 🌸 Pink - 🌼 Kuning - 🌸 Pink - [...]. Bunga berikutnya berwarna?","shapes","🎨",0,0,"=",3,25,"[""🌸 Pink"",""🌺 Merah"",""🌼 Kuning""]","Jawaban pilihan [3] adalah yang paling tepat!"
"q_coding_pola_61","coding_pola","Perhatikan pola bentuk: 🔺 Segitiga - 🟩 Persegi - 🔺 Segitiga - 🟩 Persegi - [...]. Bentuk selanjutnya adalah?","shapes","🎨",0,0,"=",2,25,"[""⚪ Lingkaran"",""🔺 Segitiga"",""🟩 Persegi""]","Jawaban pilihan [2] adalah yang paling tepat!"
"q_coding_pola_62","coding_pola","Perhatikan pola suara hewan: 'Mbeee' - 'Guk guk' - 'Mbeee' - 'Guk guk' - [...]. Suara berikutnya adalah?","shapes","🎨",0,0,"=",2,25,"[""'Guk guk' (Anjing)"",""'Mbeee' (Kambing)"",""'Meong' (Kucing)""]","Jawaban pilihan [2] adalah yang paling tepat!"
"q_coding_pola_63","coding_pola","Perhatikan pola ukuran: Short (Pendek) - Tall (Tinggi) - Short - Tall - [...]. Selanjutnya adalah?","shapes","🎨",0,0,"=",1,25,"[""Short (Pendek)"",""Tall (Tinggi)"",""Sangat Tinggi""]","Jawaban pilihan [1] adalah yang paling tepat!"
"q_coding_pola_64","coding_pola","Perhatikan pola emoji: 🌞 Matahari - 🌙 Bulan - 🌞 Matahari - 🌙 Bulan - [...]. Gambar selanjutnya adalah?","shapes","🎨",0,0,"=",1,25,"[""🌞 Matahari"",""⭐ Bintang"",""🌙 Bulan""]","Jawaban pilihan [1] adalah yang paling tepat!"
"q_coding_pola_65","coding_pola","Perhatikan pola: 1 Bintang ⭐ - 2 Bintang ⭐⭐ - 1 Bintang ⭐ - 2 Bintang ⭐⭐ - [...]. Selanjutnya berapa bintang?","shapes","🎨",0,0,"=",3,25,"[""3 Bintang ⭐⭐⭐"",""2 Bintang ⭐⭐"",""1 Bintang ⭐""]","Jawaban pilihan [3] adalah yang paling tepat!"
"q_coding_pola_66","coding_pola","Perhatikan pola: Besar - Besar - Kecil - Besar - Besar - [...]. Selanjutnya ukuran apa?","shapes","🎨",0,0,"=",1,25,"[""Kecil"",""Sedang"",""Besar""]","Jawaban pilihan [1] adalah yang paling tepat!"
"q_coding_pola_67","coding_pola","Pola nada suara: Tinggi - Rendah - Tinggi - Rendah - [...]. Nada berikutnya adalah?","shapes","🎨",0,0,"=",1,25,"[""Tinggi"",""Rendah"",""Sangat Rendah""]","Jawaban pilihan [1] adalah yang paling tepat!"
"q_coding_pola_68","coding_pola","Perhatikan pola warna balon berikut: 🟣 Ungu - 🌸 Pink - 🟣 Ungu - 🌸 Pink - 🟣 Ungu - [...]. Balon berikutnya berwarna?","shapes","🎨",0,0,"=",1,25,"[""🌸 Pink"",""🟡 Kuning"",""🟣 Ungu""]","Jawaban pilihan [1] adalah yang paling tepat!"
"q_coding_pola_69","coding_pola","Perhatikan pola bentuk berikut: 🟦 Persegi - 🟡 Lingkaran - 🟦 Persegi - 🟡 Lingkaran - [...]. Bentuk selanjutnya adalah?","shapes","🎨",0,0,"=",1,25,"[""🟦 Persegi"",""🟡 Lingkaran"",""🔺 Segitiga""]","Jawaban pilihan [1] adalah yang paling tepat!"
"q_coding_pola_70","coding_pola","Perhatikan pola buah berikut: 🍎 Apel - 🍌 Pisang - 🍎 Apel - 🍌 Pisang - [...]. Buah selanjutnya adalah?","shapes","🎨",0,0,"=",2,25,"[""🍌 Pisang"",""🍎 Apel"",""🍊 Jeruk""]","Jawaban pilihan [2] adalah yang paling tepat!"
"q_coding_pola_71","coding_pola","Perhatikan pola hewan: 🐱 Kucing - 🐶 Anjing - 🐱 Kucing - 🐶 Anjing - [...]. Hewan berikutnya adalah?","shapes","🎨",0,0,"=",3,25,"[""🐶 Anjing"",""🐰 Kelinci"",""🐱 Kucing""]","Jawaban pilihan [3] adalah yang paling tepat!"
"q_coding_pola_72","coding_pola","Perhatikan pola angka: 1 - 2 - 1 - 2 - 1 - [...]. Angka berikutnya adalah?","shapes","🎨",0,0,"=",2,25,"[""3"",""2"",""1""]","Jawaban pilihan [2] adalah yang paling tepat!"
"q_coding_pola_73","coding_pola","Perhatikan pola ukuran bola: ⚽ Besar - ⚽ Kecil - ⚽ Besar - ⚽ Kecil - [...]. Ukuran bola berikutnya adalah?","shapes","🎨",0,0,"=",1,25,"[""⚽ Besar"",""⚽ Kecil"",""⚽ Sedang""]","Jawaban pilihan [1] adalah yang paling tepat!"
"q_coding_pola_74","coding_pola","Perhatikan pola emosi emoji: 😀 Senyum - 😢 Sedih - 😀 Senyum - 😢 Sedih - [...]. Gambar selanjutnya adalah?","shapes","🎨",0,0,"=",1,25,"[""😀 Senyum"",""😢 Sedih"",""😡 Marah""]","Jawaban pilihan [1] adalah yang paling tepat!"
"q_coding_pola_75","coding_pola","Perhatikan pola tepukan: 👏 Tepuk 1x - 👏 Tepuk 2x - 👏 Tepuk 1x - 👏 Tepuk 2x - [...]. Tepukan berikutnya adalah?","shapes","🎨",0,0,"=",1,25,"[""Tepuk 1x"",""Tepuk 2x"",""Tepuk 3x""]","Jawaban pilihan [1] adalah yang paling tepat!"
"q_coding_pola_76","coding_pola","Perhatikan pola warna baju: ⚪ Putih - ⬛ Hitam - ⚪ Putih - ⬛ Hitam - [...]. Warna berikutnya adalah?","shapes","🎨",0,0,"=",2,25,"[""🟥 Merah"",""⚪ Putih"",""⬛ Hitam""]","Jawaban pilihan [2] adalah yang paling tepat!"
"q_coding_pola_77","coding_pola","Perhatikan pola bunga: 🌸 Pink - 🌼 Kuning - 🌸 Pink - 🌼 Kuning - 🌸 Pink - [...]. Bunga berikutnya berwarna?","shapes","🎨",0,0,"=",2,25,"[""🌸 Pink"",""🌼 Kuning"",""🌺 Merah""]","Jawaban pilihan [2] adalah yang paling tepat!"
"q_coding_pola_78","coding_pola","Perhatikan pola bentuk: 🔺 Segitiga - 🟩 Persegi - 🔺 Segitiga - 🟩 Persegi - [...]. Bentuk selanjutnya adalah?","shapes","🎨",0,0,"=",3,25,"[""⚪ Lingkaran"",""🟩 Persegi"",""🔺 Segitiga""]","Jawaban pilihan [3] adalah yang paling tepat!"
"q_coding_pola_79","coding_pola","Perhatikan pola suara hewan: 'Mbeee' - 'Guk guk' - 'Mbeee' - 'Guk guk' - [...]. Suara berikutnya adalah?","shapes","🎨",0,0,"=",2,25,"[""'Meong' (Kucing)"",""'Mbeee' (Kambing)"",""'Guk guk' (Anjing)""]","Jawaban pilihan [2] adalah yang paling tepat!"
"q_coding_pola_80","coding_pola","Perhatikan pola ukuran: Short (Pendek) - Tall (Tinggi) - Short - Tall - [...]. Selanjutnya adalah?","shapes","🎨",0,0,"=",1,25,"[""Short (Pendek)"",""Sangat Tinggi"",""Tall (Tinggi)""]","Jawaban pilihan [1] adalah yang paling tepat!"
"q_coding_pola_81","coding_pola","Perhatikan pola emoji: 🌞 Matahari - 🌙 Bulan - 🌞 Matahari - 🌙 Bulan - [...]. Gambar selanjutnya adalah?","shapes","🎨",0,0,"=",3,25,"[""🌙 Bulan"",""⭐ Bintang"",""🌞 Matahari""]","Jawaban pilihan [3] adalah yang paling tepat!"
"q_coding_pola_82","coding_pola","Perhatikan pola: 1 Bintang ⭐ - 2 Bintang ⭐⭐ - 1 Bintang ⭐ - 2 Bintang ⭐⭐ - [...]. Selanjutnya berapa bintang?","shapes","🎨",0,0,"=",2,25,"[""3 Bintang ⭐⭐⭐"",""1 Bintang ⭐"",""2 Bintang ⭐⭐""]","Jawaban pilihan [2] adalah yang paling tepat!"
"q_coding_pola_83","coding_pola","Perhatikan pola: Besar - Besar - Kecil - Besar - Besar - [...]. Selanjutnya ukuran apa?","shapes","🎨",0,0,"=",1,25,"[""Kecil"",""Besar"",""Sedang""]","Jawaban pilihan [1] adalah yang paling tepat!"
"q_coding_pola_84","coding_pola","Pola nada suara: Tinggi - Rendah - Tinggi - Rendah - [...]. Nada berikutnya adalah?","shapes","🎨",0,0,"=",2,25,"[""Rendah"",""Tinggi"",""Sangat Rendah""]","Jawaban pilihan [2] adalah yang paling tepat!"
"q_coding_pola_85","coding_pola","Perhatikan pola warna balon berikut: 🟠 Oranye - 🟣 Ungu - 🟠 Oranye - 🟣 Ungu - 🟠 Oranye - [...]. Balon berikutnya berwarna?","shapes","🎨",0,0,"=",3,25,"[""🟡 Kuning"",""🟠 Oranye"",""🟣 Ungu""]","Jawaban pilihan [3] adalah yang paling tepat!"
"q_coding_pola_86","coding_pola","Perhatikan pola bentuk berikut: 🟦 Persegi - 🟡 Lingkaran - 🟦 Persegi - 🟡 Lingkaran - [...]. Bentuk selanjutnya adalah?","shapes","🎨",0,0,"=",1,25,"[""🟦 Persegi"",""🟡 Lingkaran"",""🔺 Segitiga""]","Jawaban pilihan [1] adalah yang paling tepat!"
"q_coding_pola_87","coding_pola","Perhatikan pola buah berikut: 🍎 Apel - 🍌 Pisang - 🍎 Apel - 🍌 Pisang - [...]. Buah selanjutnya adalah?","shapes","🎨",0,0,"=",1,25,"[""🍎 Apel"",""🍌 Pisang"",""🍊 Jeruk""]","Jawaban pilihan [1] adalah yang paling tepat!"
"q_coding_pola_88","coding_pola","Perhatikan pola hewan: 🐱 Kucing - 🐶 Anjing - 🐱 Kucing - 🐶 Anjing - [...]. Hewan berikutnya adalah?","shapes","🎨",0,0,"=",2,25,"[""🐶 Anjing"",""🐱 Kucing"",""🐰 Kelinci""]","Jawaban pilihan [2] adalah yang paling tepat!"
"q_coding_pola_89","coding_pola","Perhatikan pola angka: 1 - 2 - 1 - 2 - 1 - [...]. Angka berikutnya adalah?","shapes","🎨",0,0,"=",1,25,"[""2"",""3"",""1""]","Jawaban pilihan [1] adalah yang paling tepat!"
"q_coding_pola_90","coding_pola","Perhatikan pola ukuran bola: ⚽ Besar - ⚽ Kecil - ⚽ Besar - ⚽ Kecil - [...]. Ukuran bola berikutnya adalah?","shapes","🎨",0,0,"=",1,25,"[""⚽ Besar"",""⚽ Kecil"",""⚽ Sedang""]","Jawaban pilihan [1] adalah yang paling tepat!"
"q_coding_pola_91","coding_pola","Perhatikan pola emosi emoji: 😀 Senyum - 😢 Sedih - 😀 Senyum - 😢 Sedih - [...]. Gambar selanjutnya adalah?","shapes","🎨",0,0,"=",1,25,"[""😀 Senyum"",""😢 Sedih"",""😡 Marah""]","Jawaban pilihan [1] adalah yang paling tepat!"
"q_coding_pola_92","coding_pola","Perhatikan pola tepukan: 👏 Tepuk 1x - 👏 Tepuk 2x - 👏 Tepuk 1x - 👏 Tepuk 2x - [...]. Tepukan berikutnya adalah?","shapes","🎨",0,0,"=",1,25,"[""Tepuk 1x"",""Tepuk 2x"",""Tepuk 3x""]","Jawaban pilihan [1] adalah yang paling tepat!"
"q_coding_pola_93","coding_pola","Perhatikan pola warna baju: ⚪ Putih - ⬛ Hitam - ⚪ Putih - ⬛ Hitam - [...]. Warna berikutnya adalah?","shapes","🎨",0,0,"=",2,25,"[""⬛ Hitam"",""⚪ Putih"",""🟥 Merah""]","Jawaban pilihan [2] adalah yang paling tepat!"
"q_coding_pola_94","coding_pola","Perhatikan pola bunga: 🌸 Pink - 🌼 Kuning - 🌸 Pink - 🌼 Kuning - 🌸 Pink - [...]. Bunga berikutnya berwarna?","shapes","🎨",0,0,"=",1,25,"[""🌼 Kuning"",""🌸 Pink"",""🌺 Merah""]","Jawaban pilihan [1] adalah yang paling tepat!"
"q_coding_pola_95","coding_pola","Perhatikan pola bentuk: 🔺 Segitiga - 🟩 Persegi - 🔺 Segitiga - 🟩 Persegi - [...]. Bentuk selanjutnya adalah?","shapes","🎨",0,0,"=",2,25,"[""⚪ Lingkaran"",""🔺 Segitiga"",""🟩 Persegi""]","Jawaban pilihan [2] adalah yang paling tepat!"
"q_coding_pola_96","coding_pola","Perhatikan pola suara hewan: 'Mbeee' - 'Guk guk' - 'Mbeee' - 'Guk guk' - [...]. Suara berikutnya adalah?","shapes","🎨",0,0,"=",1,25,"[""'Mbeee' (Kambing)"",""'Meong' (Kucing)"",""'Guk guk' (Anjing)""]","Jawaban pilihan [1] adalah yang paling tepat!"
"q_coding_pola_97","coding_pola","Perhatikan pola ukuran: Short (Pendek) - Tall (Tinggi) - Short - Tall - [...]. Selanjutnya adalah?","shapes","🎨",0,0,"=",1,25,"[""Short (Pendek)"",""Sangat Tinggi"",""Tall (Tinggi)""]","Jawaban pilihan [1] adalah yang paling tepat!"
"q_coding_pola_98","coding_pola","Perhatikan pola emoji: 🌞 Matahari - 🌙 Bulan - 🌞 Matahari - 🌙 Bulan - [...]. Gambar selanjutnya adalah?","shapes","🎨",0,0,"=",1,25,"[""🌞 Matahari"",""🌙 Bulan"",""⭐ Bintang""]","Jawaban pilihan [1] adalah yang paling tepat!"
"q_coding_pola_99","coding_pola","Perhatikan pola: 1 Bintang ⭐ - 2 Bintang ⭐⭐ - 1 Bintang ⭐ - 2 Bintang ⭐⭐ - [...]. Selanjutnya berapa bintang?","shapes","🎨",0,0,"=",2,25,"[""3 Bintang ⭐⭐⭐"",""1 Bintang ⭐"",""2 Bintang ⭐⭐""]","Jawaban pilihan [2] adalah yang paling tepat!"
"q_coding_pola_100","coding_pola","Perhatikan pola: Besar - Besar - Kecil - Besar - Besar - [...]. Selanjutnya ukuran apa?","shapes","🎨",0,0,"=",2,25,"[""Besar"",""Kecil"",""Sedang""]","Jawaban pilihan [2] adalah yang paling tepat!"
"q_coding_pola_101","coding_pola","Pola nada suara: Tinggi - Rendah - Tinggi - Rendah - [...]. Nada berikutnya adalah?","shapes","🎨",0,0,"=",1,25,"[""Tinggi"",""Rendah"",""Sangat Rendah""]","Jawaban pilihan [1] adalah yang paling tepat!"
"q_coding_pola_102","coding_pola","Perhatikan pola warna balon berikut: 🟢 Hijau - 🟠 Oranye - 🟢 Hijau - 🟠 Oranye - 🟢 Hijau - [...]. Balon berikutnya berwarna?","shapes","🎨",0,0,"=",1,25,"[""🟠 Oranye"",""🟢 Hijau"",""🟡 Kuning""]","Jawaban pilihan [1] adalah yang paling tepat!"
"q_coding_pola_103","coding_pola","Perhatikan pola bentuk berikut: 🟦 Persegi - 🟡 Lingkaran - 🟦 Persegi - 🟡 Lingkaran - [...]. Bentuk selanjutnya adalah?","shapes","🎨",0,0,"=",2,25,"[""🔺 Segitiga"",""🟦 Persegi"",""🟡 Lingkaran""]","Jawaban pilihan [2] adalah yang paling tepat!"
"q_coding_pola_104","coding_pola","Perhatikan pola buah berikut: 🍎 Apel - 🍌 Pisang - 🍎 Apel - 🍌 Pisang - [...]. Buah selanjutnya adalah?","shapes","🎨",0,0,"=",2,25,"[""🍌 Pisang"",""🍎 Apel"",""🍊 Jeruk""]","Jawaban pilihan [2] adalah yang paling tepat!"
"q_coding_pola_105","coding_pola","Perhatikan pola hewan: 🐱 Kucing - 🐶 Anjing - 🐱 Kucing - 🐶 Anjing - [...]. Hewan berikutnya adalah?","shapes","🎨",0,0,"=",3,25,"[""🐰 Kelinci"",""🐶 Anjing"",""🐱 Kucing""]","Jawaban pilihan [3] adalah yang paling tepat!"
"q_coding_pola_106","coding_pola","Perhatikan pola angka: 1 - 2 - 1 - 2 - 1 - [...]. Angka berikutnya adalah?","shapes","🎨",0,0,"=",1,25,"[""2"",""3"",""1""]","Jawaban pilihan [1] adalah yang paling tepat!"
"q_coding_pola_107","coding_pola","Perhatikan pola ukuran bola: ⚽ Besar - ⚽ Kecil - ⚽ Besar - ⚽ Kecil - [...]. Ukuran bola berikutnya adalah?","shapes","🎨",0,0,"=",1,25,"[""⚽ Besar"",""⚽ Sedang"",""⚽ Kecil""]","Jawaban pilihan [1] adalah yang paling tepat!"
"q_coding_pola_108","coding_pola","Perhatikan pola emosi emoji: 😀 Senyum - 😢 Sedih - 😀 Senyum - 😢 Sedih - [...]. Gambar selanjutnya adalah?","shapes","🎨",0,0,"=",2,25,"[""😢 Sedih"",""😀 Senyum"",""😡 Marah""]","Jawaban pilihan [2] adalah yang paling tepat!"
"q_coding_pola_109","coding_pola","Perhatikan pola tepukan: 👏 Tepuk 1x - 👏 Tepuk 2x - 👏 Tepuk 1x - 👏 Tepuk 2x - [...]. Tepukan berikutnya adalah?","shapes","🎨",0,0,"=",1,25,"[""Tepuk 1x"",""Tepuk 2x"",""Tepuk 3x""]","Jawaban pilihan [1] adalah yang paling tepat!"
"q_coding_pola_110","coding_pola","Perhatikan pola warna baju: ⚪ Putih - ⬛ Hitam - ⚪ Putih - ⬛ Hitam - [...]. Warna berikutnya adalah?","shapes","🎨",0,0,"=",3,25,"[""⬛ Hitam"",""🟥 Merah"",""⚪ Putih""]","Jawaban pilihan [3] adalah yang paling tepat!"
"q_coding_pola_111","coding_pola","Perhatikan pola bunga: 🌸 Pink - 🌼 Kuning - 🌸 Pink - 🌼 Kuning - 🌸 Pink - [...]. Bunga berikutnya berwarna?","shapes","🎨",0,0,"=",3,25,"[""🌸 Pink"",""🌺 Merah"",""🌼 Kuning""]","Jawaban pilihan [3] adalah yang paling tepat!"
"q_coding_pola_112","coding_pola","Perhatikan pola bentuk: 🔺 Segitiga - 🟩 Persegi - 🔺 Segitiga - 🟩 Persegi - [...]. Bentuk selanjutnya adalah?","shapes","🎨",0,0,"=",2,25,"[""⚪ Lingkaran"",""🔺 Segitiga"",""🟩 Persegi""]","Jawaban pilihan [2] adalah yang paling tepat!"
"q_coding_pola_113","coding_pola","Perhatikan pola suara hewan: 'Mbeee' - 'Guk guk' - 'Mbeee' - 'Guk guk' - [...]. Suara berikutnya adalah?","shapes","🎨",0,0,"=",2,25,"[""'Guk guk' (Anjing)"",""'Mbeee' (Kambing)"",""'Meong' (Kucing)""]","Jawaban pilihan [2] adalah yang paling tepat!"
"q_coding_pola_114","coding_pola","Perhatikan pola ukuran: Short (Pendek) - Tall (Tinggi) - Short - Tall - [...]. Selanjutnya adalah?","shapes","🎨",0,0,"=",3,25,"[""Sangat Tinggi"",""Tall (Tinggi)"",""Short (Pendek)""]","Jawaban pilihan [3] adalah yang paling tepat!"
"q_coding_pola_115","coding_pola","Perhatikan pola emoji: 🌞 Matahari - 🌙 Bulan - 🌞 Matahari - 🌙 Bulan - [...]. Gambar selanjutnya adalah?","shapes","🎨",0,0,"=",3,25,"[""⭐ Bintang"",""🌙 Bulan"",""🌞 Matahari""]","Jawaban pilihan [3] adalah yang paling tepat!"
"q_coding_pola_116","coding_pola","Perhatikan pola: 1 Bintang ⭐ - 2 Bintang ⭐⭐ - 1 Bintang ⭐ - 2 Bintang ⭐⭐ - [...]. Selanjutnya berapa bintang?","shapes","🎨",0,0,"=",2,25,"[""2 Bintang ⭐⭐"",""1 Bintang ⭐"",""3 Bintang ⭐⭐⭐""]","Jawaban pilihan [2] adalah yang paling tepat!"
"q_coding_pola_117","coding_pola","Perhatikan pola: Besar - Besar - Kecil - Besar - Besar - [...]. Selanjutnya ukuran apa?","shapes","🎨",0,0,"=",2,25,"[""Sedang"",""Kecil"",""Besar""]","Jawaban pilihan [2] adalah yang paling tepat!"
"q_coding_pola_118","coding_pola","Pola nada suara: Tinggi - Rendah - Tinggi - Rendah - [...]. Nada berikutnya adalah?","shapes","🎨",0,0,"=",2,25,"[""Sangat Rendah"",""Tinggi"",""Rendah""]","Jawaban pilihan [2] adalah yang paling tepat!"
"q_coding_pola_119","coding_pola","Perhatikan pola warna balon berikut: 🟡 Kuning - 🟢 Hijau - 🟡 Kuning - 🟢 Hijau - 🟡 Kuning - [...]. Balon berikutnya berwarna?","shapes","🎨",0,0,"=",3,25,"[""🟡 Kuning"",""🟡 Kuning"",""🟢 Hijau""]","Jawaban pilihan [3] adalah yang paling tepat!"
"q_coding_pola_120","coding_pola","Perhatikan pola bentuk berikut: 🟦 Persegi - 🟡 Lingkaran - 🟦 Persegi - 🟡 Lingkaran - [...]. Bentuk selanjutnya adalah?","shapes","🎨",0,0,"=",3,25,"[""🔺 Segitiga"",""🟡 Lingkaran"",""🟦 Persegi""]","Jawaban pilihan [3] adalah yang paling tepat!"
"q_coding_pola_121","coding_pola","Perhatikan pola buah berikut: 🍎 Apel - 🍌 Pisang - 🍎 Apel - 🍌 Pisang - [...]. Buah selanjutnya adalah?","shapes","🎨",0,0,"=",1,25,"[""🍎 Apel"",""🍊 Jeruk"",""🍌 Pisang""]","Jawaban pilihan [1] adalah yang paling tepat!"
"q_coding_pola_122","coding_pola","Perhatikan pola hewan: 🐱 Kucing - 🐶 Anjing - 🐱 Kucing - 🐶 Anjing - [...]. Hewan berikutnya adalah?","shapes","🎨",0,0,"=",2,25,"[""🐶 Anjing"",""🐱 Kucing"",""🐰 Kelinci""]","Jawaban pilihan [2] adalah yang paling tepat!"
"q_coding_pola_123","coding_pola","Perhatikan pola angka: 1 - 2 - 1 - 2 - 1 - [...]. Angka berikutnya adalah?","shapes","🎨",0,0,"=",1,25,"[""2"",""1"",""3""]","Jawaban pilihan [1] adalah yang paling tepat!"
"q_coding_pola_124","coding_pola","Perhatikan pola ukuran bola: ⚽ Besar - ⚽ Kecil - ⚽ Besar - ⚽ Kecil - [...]. Ukuran bola berikutnya adalah?","shapes","🎨",0,0,"=",1,25,"[""⚽ Besar"",""⚽ Sedang"",""⚽ Kecil""]","Jawaban pilihan [1] adalah yang paling tepat!"
"q_coding_pola_125","coding_pola","Perhatikan pola emosi emoji: 😀 Senyum - 😢 Sedih - 😀 Senyum - 😢 Sedih - [...]. Gambar selanjutnya adalah?","shapes","🎨",0,0,"=",1,25,"[""😀 Senyum"",""😡 Marah"",""😢 Sedih""]","Jawaban pilihan [1] adalah yang paling tepat!"
"q_coding_pola_126","coding_pola","Perhatikan pola tepukan: 👏 Tepuk 1x - 👏 Tepuk 2x - 👏 Tepuk 1x - 👏 Tepuk 2x - [...]. Tepukan berikutnya adalah?","shapes","🎨",0,0,"=",1,25,"[""Tepuk 1x"",""Tepuk 3x"",""Tepuk 2x""]","Jawaban pilihan [1] adalah yang paling tepat!"
"q_coding_pola_127","coding_pola","Perhatikan pola warna baju: ⚪ Putih - ⬛ Hitam - ⚪ Putih - ⬛ Hitam - [...]. Warna berikutnya adalah?","shapes","🎨",0,0,"=",2,25,"[""⬛ Hitam"",""⚪ Putih"",""🟥 Merah""]","Jawaban pilihan [2] adalah yang paling tepat!"
"q_coding_pola_128","coding_pola","Perhatikan pola bunga: 🌸 Pink - 🌼 Kuning - 🌸 Pink - 🌼 Kuning - 🌸 Pink - [...]. Bunga berikutnya berwarna?","shapes","🎨",0,0,"=",1,25,"[""🌼 Kuning"",""🌺 Merah"",""🌸 Pink""]","Jawaban pilihan [1] adalah yang paling tepat!"
"q_coding_pola_129","coding_pola","Perhatikan pola bentuk: 🔺 Segitiga - 🟩 Persegi - 🔺 Segitiga - 🟩 Persegi - [...]. Bentuk selanjutnya adalah?","shapes","🎨",0,0,"=",2,25,"[""⚪ Lingkaran"",""🔺 Segitiga"",""🟩 Persegi""]","Jawaban pilihan [2] adalah yang paling tepat!"
"q_coding_pola_130","coding_pola","Perhatikan pola suara hewan: 'Mbeee' - 'Guk guk' - 'Mbeee' - 'Guk guk' - [...]. Suara berikutnya adalah?","shapes","🎨",0,0,"=",2,25,"[""'Guk guk' (Anjing)"",""'Mbeee' (Kambing)"",""'Meong' (Kucing)""]","Jawaban pilihan [2] adalah yang paling tepat!"
"q_coding_pola_131","coding_pola","Perhatikan pola ukuran: Short (Pendek) - Tall (Tinggi) - Short - Tall - [...]. Selanjutnya adalah?","shapes","🎨",0,0,"=",2,25,"[""Sangat Tinggi"",""Short (Pendek)"",""Tall (Tinggi)""]","Jawaban pilihan [2] adalah yang paling tepat!"
"q_coding_pola_132","coding_pola","Perhatikan pola emoji: 🌞 Matahari - 🌙 Bulan - 🌞 Matahari - 🌙 Bulan - [...]. Gambar selanjutnya adalah?","shapes","🎨",0,0,"=",1,25,"[""🌞 Matahari"",""🌙 Bulan"",""⭐ Bintang""]","Jawaban pilihan [1] adalah yang paling tepat!"
"q_coding_pola_133","coding_pola","Perhatikan pola: 1 Bintang ⭐ - 2 Bintang ⭐⭐ - 1 Bintang ⭐ - 2 Bintang ⭐⭐ - [...]. Selanjutnya berapa bintang?","shapes","🎨",0,0,"=",1,25,"[""1 Bintang ⭐"",""2 Bintang ⭐⭐"",""3 Bintang ⭐⭐⭐""]","Jawaban pilihan [1] adalah yang paling tepat!"
"q_coding_pola_134","coding_pola","Perhatikan pola: Besar - Besar - Kecil - Besar - Besar - [...]. Selanjutnya ukuran apa?","shapes","🎨",0,0,"=",2,25,"[""Sedang"",""Kecil"",""Besar""]","Jawaban pilihan [2] adalah yang paling tepat!"
"q_coding_pola_135","coding_pola","Pola nada suara: Tinggi - Rendah - Tinggi - Rendah - [...]. Nada berikutnya adalah?","shapes","🎨",0,0,"=",2,25,"[""Rendah"",""Tinggi"",""Sangat Rendah""]","Jawaban pilihan [2] adalah yang paling tepat!"
"q_coding_pola_136","coding_pola","Perhatikan pola warna balon berikut: 🟡 Kuning - 🟡 Kuning - 🟡 Kuning - 🟡 Kuning - 🟡 Kuning - [...]. Balon berikutnya berwarna?","shapes","🎨",0,0,"=",1,25,"[""🟡 Kuning"",""🟡 Kuning"",""🟡 Kuning""]","Jawaban pilihan [1] adalah yang paling tepat!"
"q_coding_pola_137","coding_pola","Perhatikan pola bentuk berikut: 🟦 Persegi - 🟡 Lingkaran - 🟦 Persegi - 🟡 Lingkaran - [...]. Bentuk selanjutnya adalah?","shapes","🎨",0,0,"=",2,25,"[""🔺 Segitiga"",""🟦 Persegi"",""🟡 Lingkaran""]","Jawaban pilihan [2] adalah yang paling tepat!"
"q_coding_pola_138","coding_pola","Perhatikan pola buah berikut: 🍎 Apel - 🍌 Pisang - 🍎 Apel - 🍌 Pisang - [...]. Buah selanjutnya adalah?","shapes","🎨",0,0,"=",3,25,"[""🍌 Pisang"",""🍊 Jeruk"",""🍎 Apel""]","Jawaban pilihan [3] adalah yang paling tepat!"
"q_coding_pola_139","coding_pola","Perhatikan pola hewan: 🐱 Kucing - 🐶 Anjing - 🐱 Kucing - 🐶 Anjing - [...]. Hewan berikutnya adalah?","shapes","🎨",0,0,"=",3,25,"[""🐶 Anjing"",""🐰 Kelinci"",""🐱 Kucing""]","Jawaban pilihan [3] adalah yang paling tepat!"
"q_coding_pola_140","coding_pola","Perhatikan pola angka: 1 - 2 - 1 - 2 - 1 - [...]. Angka berikutnya adalah?","shapes","🎨",0,0,"=",1,25,"[""2"",""3"",""1""]","Jawaban pilihan [1] adalah yang paling tepat!"
"q_coding_pola_141","coding_pola","Perhatikan pola ukuran bola: ⚽ Besar - ⚽ Kecil - ⚽ Besar - ⚽ Kecil - [...]. Ukuran bola berikutnya adalah?","shapes","🎨",0,0,"=",2,25,"[""⚽ Kecil"",""⚽ Besar"",""⚽ Sedang""]","Jawaban pilihan [2] adalah yang paling tepat!"
"q_coding_pola_142","coding_pola","Perhatikan pola emosi emoji: 😀 Senyum - 😢 Sedih - 😀 Senyum - 😢 Sedih - [...]. Gambar selanjutnya adalah?","shapes","🎨",0,0,"=",1,25,"[""😀 Senyum"",""😡 Marah"",""😢 Sedih""]","Jawaban pilihan [1] adalah yang paling tepat!"
"q_coding_pola_143","coding_pola","Perhatikan pola tepukan: 👏 Tepuk 1x - 👏 Tepuk 2x - 👏 Tepuk 1x - 👏 Tepuk 2x - [...]. Tepukan berikutnya adalah?","shapes","🎨",0,0,"=",1,25,"[""Tepuk 1x"",""Tepuk 3x"",""Tepuk 2x""]","Jawaban pilihan [1] adalah yang paling tepat!"
"q_coding_pola_144","coding_pola","Perhatikan pola warna baju: ⚪ Putih - ⬛ Hitam - ⚪ Putih - ⬛ Hitam - [...]. Warna berikutnya adalah?","shapes","🎨",0,0,"=",2,25,"[""⬛ Hitam"",""⚪ Putih"",""🟥 Merah""]","Jawaban pilihan [2] adalah yang paling tepat!"
"q_coding_pola_145","coding_pola","Perhatikan pola bunga: 🌸 Pink - 🌼 Kuning - 🌸 Pink - 🌼 Kuning - 🌸 Pink - [...]. Bunga berikutnya berwarna?","shapes","🎨",0,0,"=",1,25,"[""🌼 Kuning"",""🌺 Merah"",""🌸 Pink""]","Jawaban pilihan [1] adalah yang paling tepat!"
"q_coding_pola_146","coding_pola","Perhatikan pola bentuk: 🔺 Segitiga - 🟩 Persegi - 🔺 Segitiga - 🟩 Persegi - [...]. Bentuk selanjutnya adalah?","shapes","🎨",0,0,"=",2,25,"[""🟩 Persegi"",""🔺 Segitiga"",""⚪ Lingkaran""]","Jawaban pilihan [2] adalah yang paling tepat!"
"q_coding_pola_147","coding_pola","Perhatikan pola suara hewan: 'Mbeee' - 'Guk guk' - 'Mbeee' - 'Guk guk' - [...]. Suara berikutnya adalah?","shapes","🎨",0,0,"=",2,25,"[""'Meong' (Kucing)"",""'Mbeee' (Kambing)"",""'Guk guk' (Anjing)""]","Jawaban pilihan [2] adalah yang paling tepat!"
"q_coding_pola_148","coding_pola","Perhatikan pola ukuran: Short (Pendek) - Tall (Tinggi) - Short - Tall - [...]. Selanjutnya adalah?","shapes","🎨",0,0,"=",1,25,"[""Short (Pendek)"",""Tall (Tinggi)"",""Sangat Tinggi""]","Jawaban pilihan [1] adalah yang paling tepat!"
"q_coding_pola_149","coding_pola","Perhatikan pola emoji: 🌞 Matahari - 🌙 Bulan - 🌞 Matahari - 🌙 Bulan - [...]. Gambar selanjutnya adalah?","shapes","🎨",0,0,"=",2,25,"[""⭐ Bintang"",""🌞 Matahari"",""🌙 Bulan""]","Jawaban pilihan [2] adalah yang paling tepat!"
"q_coding_pola_150","coding_pola","Perhatikan pola: 1 Bintang ⭐ - 2 Bintang ⭐⭐ - 1 Bintang ⭐ - 2 Bintang ⭐⭐ - [...]. Selanjutnya berapa bintang?","shapes","🎨",0,0,"=",1,25,"[""1 Bintang ⭐"",""3 Bintang ⭐⭐⭐"",""2 Bintang ⭐⭐""]","Jawaban pilihan [1] adalah yang paling tepat!"
"q_coding_pola_151","coding_pola","Perhatikan pola: Besar - Besar - Kecil - Besar - Besar - [...]. Selanjutnya ukuran apa?","shapes","🎨",0,0,"=",2,25,"[""Sedang"",""Kecil"",""Besar""]","Jawaban pilihan [2] adalah yang paling tepat!"
"q_coding_pola_152","coding_pola","Pola nada suara: Tinggi - Rendah - Tinggi - Rendah - [...]. Nada berikutnya adalah?","shapes","🎨",0,0,"=",3,25,"[""Sangat Rendah"",""Rendah"",""Tinggi""]","Jawaban pilihan [3] adalah yang paling tepat!"
"q_coding_pola_153","coding_pola","Perhatikan pola warna balon berikut: 🔴 Merah - 🔵 Biru - 🔴 Merah - 🔵 Biru - 🔴 Merah - [...]. Balon berikutnya berwarna?","shapes","🎨",0,0,"=",3,25,"[""🟡 Kuning"",""🔴 Merah"",""🔵 Biru""]","Jawaban pilihan [3] adalah yang paling tepat!"
"q_coding_pola_154","coding_pola","Perhatikan pola bentuk berikut: 🟦 Persegi - 🟡 Lingkaran - 🟦 Persegi - 🟡 Lingkaran - [...]. Bentuk selanjutnya adalah?","shapes","🎨",0,0,"=",3,25,"[""🔺 Segitiga"",""🟡 Lingkaran"",""🟦 Persegi""]","Jawaban pilihan [3] adalah yang paling tepat!"
"q_coding_pola_155","coding_pola","Perhatikan pola buah berikut: 🍎 Apel - 🍌 Pisang - 🍎 Apel - 🍌 Pisang - [...]. Buah selanjutnya adalah?","shapes","🎨",0,0,"=",3,25,"[""🍊 Jeruk"",""🍌 Pisang"",""🍎 Apel""]","Jawaban pilihan [3] adalah yang paling tepat!"
"q_coding_pola_156","coding_pola","Perhatikan pola hewan: 🐱 Kucing - 🐶 Anjing - 🐱 Kucing - 🐶 Anjing - [...]. Hewan berikutnya adalah?","shapes","🎨",0,0,"=",3,25,"[""🐰 Kelinci"",""🐶 Anjing"",""🐱 Kucing""]","Jawaban pilihan [3] adalah yang paling tepat!"
"q_coding_pola_157","coding_pola","Perhatikan pola angka: 1 - 2 - 1 - 2 - 1 - [...]. Angka berikutnya adalah?","shapes","🎨",0,0,"=",1,25,"[""2"",""1"",""3""]","Jawaban pilihan [1] adalah yang paling tepat!"
"q_coding_pola_158","coding_pola","Perhatikan pola ukuran bola: ⚽ Besar - ⚽ Kecil - ⚽ Besar - ⚽ Kecil - [...]. Ukuran bola berikutnya adalah?","shapes","🎨",0,0,"=",3,25,"[""⚽ Sedang"",""⚽ Kecil"",""⚽ Besar""]","Jawaban pilihan [3] adalah yang paling tepat!"
"q_coding_pola_159","coding_pola","Perhatikan pola emosi emoji: 😀 Senyum - 😢 Sedih - 😀 Senyum - 😢 Sedih - [...]. Gambar selanjutnya adalah?","shapes","🎨",0,0,"=",1,25,"[""😀 Senyum"",""😡 Marah"",""😢 Sedih""]","Jawaban pilihan [1] adalah yang paling tepat!"
"q_coding_pola_160","coding_pola","Perhatikan pola tepukan: 👏 Tepuk 1x - 👏 Tepuk 2x - 👏 Tepuk 1x - 👏 Tepuk 2x - [...]. Tepukan berikutnya adalah?","shapes","🎨",0,0,"=",3,25,"[""Tepuk 2x"",""Tepuk 3x"",""Tepuk 1x""]","Jawaban pilihan [3] adalah yang paling tepat!"
"q_coding_pola_161","coding_pola","Perhatikan pola warna baju: ⚪ Putih - ⬛ Hitam - ⚪ Putih - ⬛ Hitam - [...]. Warna berikutnya adalah?","shapes","🎨",0,0,"=",2,25,"[""🟥 Merah"",""⚪ Putih"",""⬛ Hitam""]","Jawaban pilihan [2] adalah yang paling tepat!"
"q_coding_pola_162","coding_pola","Perhatikan pola bunga: 🌸 Pink - 🌼 Kuning - 🌸 Pink - 🌼 Kuning - 🌸 Pink - [...]. Bunga berikutnya berwarna?","shapes","🎨",0,0,"=",2,25,"[""🌺 Merah"",""🌼 Kuning"",""🌸 Pink""]","Jawaban pilihan [2] adalah yang paling tepat!"
"q_coding_pola_163","coding_pola","Perhatikan pola bentuk: 🔺 Segitiga - 🟩 Persegi - 🔺 Segitiga - 🟩 Persegi - [...]. Bentuk selanjutnya adalah?","shapes","🎨",0,0,"=",3,25,"[""🟩 Persegi"",""⚪ Lingkaran"",""🔺 Segitiga""]","Jawaban pilihan [3] adalah yang paling tepat!"
"q_coding_pola_164","coding_pola","Perhatikan pola suara hewan: 'Mbeee' - 'Guk guk' - 'Mbeee' - 'Guk guk' - [...]. Suara berikutnya adalah?","shapes","🎨",0,0,"=",3,25,"[""'Meong' (Kucing)"",""'Guk guk' (Anjing)"",""'Mbeee' (Kambing)""]","Jawaban pilihan [3] adalah yang paling tepat!"
"q_coding_pola_165","coding_pola","Perhatikan pola ukuran: Short (Pendek) - Tall (Tinggi) - Short - Tall - [...]. Selanjutnya adalah?","shapes","🎨",0,0,"=",3,25,"[""Sangat Tinggi"",""Tall (Tinggi)"",""Short (Pendek)""]","Jawaban pilihan [3] adalah yang paling tepat!"
"q_coding_pola_166","coding_pola","Perhatikan pola emoji: 🌞 Matahari - 🌙 Bulan - 🌞 Matahari - 🌙 Bulan - [...]. Gambar selanjutnya adalah?","shapes","🎨",0,0,"=",2,25,"[""⭐ Bintang"",""🌞 Matahari"",""🌙 Bulan""]","Jawaban pilihan [2] adalah yang paling tepat!"
"q_coding_pola_167","coding_pola","Perhatikan pola: 1 Bintang ⭐ - 2 Bintang ⭐⭐ - 1 Bintang ⭐ - 2 Bintang ⭐⭐ - [...]. Selanjutnya berapa bintang?","shapes","🎨",0,0,"=",3,25,"[""3 Bintang ⭐⭐⭐"",""2 Bintang ⭐⭐"",""1 Bintang ⭐""]","Jawaban pilihan [3] adalah yang paling tepat!"
"q_coding_pola_168","coding_pola","Perhatikan pola: Besar - Besar - Kecil - Besar - Besar - [...]. Selanjutnya ukuran apa?","shapes","🎨",0,0,"=",2,25,"[""Sedang"",""Kecil"",""Besar""]","Jawaban pilihan [2] adalah yang paling tepat!"
"q_coding_pola_169","coding_pola","Pola nada suara: Tinggi - Rendah - Tinggi - Rendah - [...]. Nada berikutnya adalah?","shapes","🎨",0,0,"=",1,25,"[""Tinggi"",""Rendah"",""Sangat Rendah""]","Jawaban pilihan [1] adalah yang paling tepat!"
"q_coding_pola_170","coding_pola","Perhatikan pola warna balon berikut: ⬛ Hitam - 🔴 Merah - ⬛ Hitam - 🔴 Merah - ⬛ Hitam - [...]. Balon berikutnya berwarna?","shapes","🎨",0,0,"=",1,25,"[""🔴 Merah"",""🟡 Kuning"",""⬛ Hitam""]","Jawaban pilihan [1] adalah yang paling tepat!"
"q_coding_pola_171","coding_pola","Perhatikan pola bentuk berikut: 🟦 Persegi - 🟡 Lingkaran - 🟦 Persegi - 🟡 Lingkaran - [...]. Bentuk selanjutnya adalah?","shapes","🎨",0,0,"=",3,25,"[""🔺 Segitiga"",""🟡 Lingkaran"",""🟦 Persegi""]","Jawaban pilihan [3] adalah yang paling tepat!"
"q_coding_pola_172","coding_pola","Perhatikan pola buah berikut: 🍎 Apel - 🍌 Pisang - 🍎 Apel - 🍌 Pisang - [...]. Buah selanjutnya adalah?","shapes","🎨",0,0,"=",3,25,"[""🍌 Pisang"",""🍊 Jeruk"",""🍎 Apel""]","Jawaban pilihan [3] adalah yang paling tepat!"
"q_coding_pola_173","coding_pola","Perhatikan pola hewan: 🐱 Kucing - 🐶 Anjing - 🐱 Kucing - 🐶 Anjing - [...]. Hewan berikutnya adalah?","shapes","🎨",0,0,"=",1,25,"[""🐱 Kucing"",""🐶 Anjing"",""🐰 Kelinci""]","Jawaban pilihan [1] adalah yang paling tepat!"
"q_coding_pola_174","coding_pola","Perhatikan pola angka: 1 - 2 - 1 - 2 - 1 - [...]. Angka berikutnya adalah?","shapes","🎨",0,0,"=",2,25,"[""3"",""2"",""1""]","Jawaban pilihan [2] adalah yang paling tepat!"
"q_coding_pola_175","coding_pola","Perhatikan pola ukuran bola: ⚽ Besar - ⚽ Kecil - ⚽ Besar - ⚽ Kecil - [...]. Ukuran bola berikutnya adalah?","shapes","🎨",0,0,"=",1,25,"[""⚽ Besar"",""⚽ Kecil"",""⚽ Sedang""]","Jawaban pilihan [1] adalah yang paling tepat!"
"q_coding_pola_176","coding_pola","Perhatikan pola emosi emoji: 😀 Senyum - 😢 Sedih - 😀 Senyum - 😢 Sedih - [...]. Gambar selanjutnya adalah?","shapes","🎨",0,0,"=",3,25,"[""😡 Marah"",""😢 Sedih"",""😀 Senyum""]","Jawaban pilihan [3] adalah yang paling tepat!"
"q_coding_pola_177","coding_pola","Perhatikan pola tepukan: 👏 Tepuk 1x - 👏 Tepuk 2x - 👏 Tepuk 1x - 👏 Tepuk 2x - [...]. Tepukan berikutnya adalah?","shapes","🎨",0,0,"=",2,25,"[""Tepuk 3x"",""Tepuk 1x"",""Tepuk 2x""]","Jawaban pilihan [2] adalah yang paling tepat!"
"q_coding_pola_178","coding_pola","Perhatikan pola warna baju: ⚪ Putih - ⬛ Hitam - ⚪ Putih - ⬛ Hitam - [...]. Warna berikutnya adalah?","shapes","🎨",0,0,"=",2,25,"[""🟥 Merah"",""⚪ Putih"",""⬛ Hitam""]","Jawaban pilihan [2] adalah yang paling tepat!"
"q_coding_pola_179","coding_pola","Perhatikan pola bunga: 🌸 Pink - 🌼 Kuning - 🌸 Pink - 🌼 Kuning - 🌸 Pink - [...]. Bunga berikutnya berwarna?","shapes","🎨",0,0,"=",2,25,"[""🌺 Merah"",""🌼 Kuning"",""🌸 Pink""]","Jawaban pilihan [2] adalah yang paling tepat!"
"q_coding_pola_180","coding_pola","Perhatikan pola bentuk: 🔺 Segitiga - 🟩 Persegi - 🔺 Segitiga - 🟩 Persegi - [...]. Bentuk selanjutnya adalah?","shapes","🎨",0,0,"=",3,25,"[""⚪ Lingkaran"",""🟩 Persegi"",""🔺 Segitiga""]","Jawaban pilihan [3] adalah yang paling tepat!"
"q_coding_pola_181","coding_pola","Perhatikan pola suara hewan: 'Mbeee' - 'Guk guk' - 'Mbeee' - 'Guk guk' - [...]. Suara berikutnya adalah?","shapes","🎨",0,0,"=",2,25,"[""'Guk guk' (Anjing)"",""'Mbeee' (Kambing)"",""'Meong' (Kucing)""]","Jawaban pilihan [2] adalah yang paling tepat!"
"q_coding_pola_182","coding_pola","Perhatikan pola ukuran: Short (Pendek) - Tall (Tinggi) - Short - Tall - [...]. Selanjutnya adalah?","shapes","🎨",0,0,"=",3,25,"[""Sangat Tinggi"",""Tall (Tinggi)"",""Short (Pendek)""]","Jawaban pilihan [3] adalah yang paling tepat!"
"q_coding_pola_183","coding_pola","Perhatikan pola emoji: 🌞 Matahari - 🌙 Bulan - 🌞 Matahari - 🌙 Bulan - [...]. Gambar selanjutnya adalah?","shapes","🎨",0,0,"=",2,25,"[""🌙 Bulan"",""🌞 Matahari"",""⭐ Bintang""]","Jawaban pilihan [2] adalah yang paling tepat!"
"q_coding_pola_184","coding_pola","Perhatikan pola: 1 Bintang ⭐ - 2 Bintang ⭐⭐ - 1 Bintang ⭐ - 2 Bintang ⭐⭐ - [...]. Selanjutnya berapa bintang?","shapes","🎨",0,0,"=",2,25,"[""2 Bintang ⭐⭐"",""1 Bintang ⭐"",""3 Bintang ⭐⭐⭐""]","Jawaban pilihan [2] adalah yang paling tepat!"
"q_coding_pola_185","coding_pola","Perhatikan pola: Besar - Besar - Kecil - Besar - Besar - [...]. Selanjutnya ukuran apa?","shapes","🎨",0,0,"=",2,25,"[""Sedang"",""Kecil"",""Besar""]","Jawaban pilihan [2] adalah yang paling tepat!"
"q_coding_pola_186","coding_pola","Pola nada suara: Tinggi - Rendah - Tinggi - Rendah - [...]. Nada berikutnya adalah?","shapes","🎨",0,0,"=",3,25,"[""Rendah"",""Sangat Rendah"",""Tinggi""]","Jawaban pilihan [3] adalah yang paling tepat!"
"q_coding_pola_187","coding_pola","Perhatikan pola warna balon berikut: ⚪ Putih - ⬛ Hitam - ⚪ Putih - ⬛ Hitam - ⚪ Putih - [...]. Balon berikutnya berwarna?","shapes","🎨",0,0,"=",1,25,"[""⬛ Hitam"",""⚪ Putih"",""🟡 Kuning""]","Jawaban pilihan [1] adalah yang paling tepat!"
"q_coding_pola_188","coding_pola","Perhatikan pola bentuk berikut: 🟦 Persegi - 🟡 Lingkaran - 🟦 Persegi - 🟡 Lingkaran - [...]. Bentuk selanjutnya adalah?","shapes","🎨",0,0,"=",3,25,"[""🔺 Segitiga"",""🟡 Lingkaran"",""🟦 Persegi""]","Jawaban pilihan [3] adalah yang paling tepat!"
"q_coding_pola_189","coding_pola","Perhatikan pola buah berikut: 🍎 Apel - 🍌 Pisang - 🍎 Apel - 🍌 Pisang - [...]. Buah selanjutnya adalah?","shapes","🎨",0,0,"=",2,25,"[""🍌 Pisang"",""🍎 Apel"",""🍊 Jeruk""]","Jawaban pilihan [2] adalah yang paling tepat!"
"q_coding_pola_190","coding_pola","Perhatikan pola hewan: 🐱 Kucing - 🐶 Anjing - 🐱 Kucing - 🐶 Anjing - [...]. Hewan berikutnya adalah?","shapes","🎨",0,0,"=",2,25,"[""🐰 Kelinci"",""🐱 Kucing"",""🐶 Anjing""]","Jawaban pilihan [2] adalah yang paling tepat!"
"q_coding_pola_191","coding_pola","Perhatikan pola angka: 1 - 2 - 1 - 2 - 1 - [...]. Angka berikutnya adalah?","shapes","🎨",0,0,"=",2,25,"[""1"",""2"",""3""]","Jawaban pilihan [2] adalah yang paling tepat!"
"q_coding_pola_192","coding_pola","Perhatikan pola ukuran bola: ⚽ Besar - ⚽ Kecil - ⚽ Besar - ⚽ Kecil - [...]. Ukuran bola berikutnya adalah?","shapes","🎨",0,0,"=",2,25,"[""⚽ Sedang"",""⚽ Besar"",""⚽ Kecil""]","Jawaban pilihan [2] adalah yang paling tepat!"
"q_coding_pola_193","coding_pola","Perhatikan pola emosi emoji: 😀 Senyum - 😢 Sedih - 😀 Senyum - 😢 Sedih - [...]. Gambar selanjutnya adalah?","shapes","🎨",0,0,"=",3,25,"[""😡 Marah"",""😢 Sedih"",""😀 Senyum""]","Jawaban pilihan [3] adalah yang paling tepat!"
"q_coding_pola_194","coding_pola","Perhatikan pola tepukan: 👏 Tepuk 1x - 👏 Tepuk 2x - 👏 Tepuk 1x - 👏 Tepuk 2x - [...]. Tepukan berikutnya adalah?","shapes","🎨",0,0,"=",2,25,"[""Tepuk 3x"",""Tepuk 1x"",""Tepuk 2x""]","Jawaban pilihan [2] adalah yang paling tepat!"
"q_coding_pola_195","coding_pola","Perhatikan pola warna baju: ⚪ Putih - ⬛ Hitam - ⚪ Putih - ⬛ Hitam - [...]. Warna berikutnya adalah?","shapes","🎨",0,0,"=",3,25,"[""⬛ Hitam"",""🟥 Merah"",""⚪ Putih""]","Jawaban pilihan [3] adalah yang paling tepat!"
"q_coding_pola_196","coding_pola","Perhatikan pola bunga: 🌸 Pink - 🌼 Kuning - 🌸 Pink - 🌼 Kuning - 🌸 Pink - [...]. Bunga berikutnya berwarna?","shapes","🎨",0,0,"=",2,25,"[""🌺 Merah"",""🌼 Kuning"",""🌸 Pink""]","Jawaban pilihan [2] adalah yang paling tepat!"
"q_coding_pola_197","coding_pola","Perhatikan pola bentuk: 🔺 Segitiga - 🟩 Persegi - 🔺 Segitiga - 🟩 Persegi - [...]. Bentuk selanjutnya adalah?","shapes","🎨",0,0,"=",1,25,"[""🔺 Segitiga"",""⚪ Lingkaran"",""🟩 Persegi""]","Jawaban pilihan [1] adalah yang paling tepat!"
"q_coding_pola_198","coding_pola","Perhatikan pola suara hewan: 'Mbeee' - 'Guk guk' - 'Mbeee' - 'Guk guk' - [...]. Suara berikutnya adalah?","shapes","🎨",0,0,"=",2,25,"[""'Meong' (Kucing)"",""'Mbeee' (Kambing)"",""'Guk guk' (Anjing)""]","Jawaban pilihan [2] adalah yang paling tepat!"
"q_coding_pola_199","coding_pola","Perhatikan pola ukuran: Short (Pendek) - Tall (Tinggi) - Short - Tall - [...]. Selanjutnya adalah?","shapes","🎨",0,0,"=",3,25,"[""Sangat Tinggi"",""Tall (Tinggi)"",""Short (Pendek)""]","Jawaban pilihan [3] adalah yang paling tepat!"
"q_coding_pola_200","coding_pola","Perhatikan pola emoji: 🌞 Matahari - 🌙 Bulan - 🌞 Matahari - 🌙 Bulan - [...]. Gambar selanjutnya adalah?","shapes","🎨",0,0,"=",3,25,"[""⭐ Bintang"",""🌙 Bulan"",""🌞 Matahari""]","Jawaban pilihan [3] adalah yang paling tepat!"
"q_coding_pola_201","coding_pola","Perhatikan pola: 1 Bintang ⭐ - 2 Bintang ⭐⭐ - 1 Bintang ⭐ - 2 Bintang ⭐⭐ - [...]. Selanjutnya berapa bintang?","shapes","🎨",0,0,"=",3,25,"[""3 Bintang ⭐⭐⭐"",""2 Bintang ⭐⭐"",""1 Bintang ⭐""]","Jawaban pilihan [3] adalah yang paling tepat!"
"q_coding_pola_202","coding_pola","Perhatikan pola: Besar - Besar - Kecil - Besar - Besar - [...]. Selanjutnya ukuran apa?","shapes","🎨",0,0,"=",2,25,"[""Besar"",""Kecil"",""Sedang""]","Jawaban pilihan [2] adalah yang paling tepat!"
"q_coding_pola_203","coding_pola","Pola nada suara: Tinggi - Rendah - Tinggi - Rendah - [...]. Nada berikutnya adalah?","shapes","🎨",0,0,"=",2,25,"[""Sangat Rendah"",""Tinggi"",""Rendah""]","Jawaban pilihan [2] adalah yang paling tepat!"
"q_coding_pola_204","coding_pola","Perhatikan pola warna balon berikut: 🌸 Pink - ⚪ Putih - 🌸 Pink - ⚪ Putih - 🌸 Pink - [...]. Balon berikutnya berwarna?","shapes","🎨",0,0,"=",1,25,"[""⚪ Putih"",""🟡 Kuning"",""🌸 Pink""]","Jawaban pilihan [1] adalah yang paling tepat!"
"q_coding_pola_205","coding_pola","Perhatikan pola bentuk berikut: 🟦 Persegi - 🟡 Lingkaran - 🟦 Persegi - 🟡 Lingkaran - [...]. Bentuk selanjutnya adalah?","shapes","🎨",0,0,"=",2,25,"[""🔺 Segitiga"",""🟦 Persegi"",""🟡 Lingkaran""]","Jawaban pilihan [2] adalah yang paling tepat!"
"q_coding_pola_206","coding_pola","Perhatikan pola buah berikut: 🍎 Apel - 🍌 Pisang - 🍎 Apel - 🍌 Pisang - [...]. Buah selanjutnya adalah?","shapes","🎨",0,0,"=",1,25,"[""🍎 Apel"",""🍊 Jeruk"",""🍌 Pisang""]","Jawaban pilihan [1] adalah yang paling tepat!"
"q_coding_pola_207","coding_pola","Perhatikan pola hewan: 🐱 Kucing - 🐶 Anjing - 🐱 Kucing - 🐶 Anjing - [...]. Hewan berikutnya adalah?","shapes","🎨",0,0,"=",2,25,"[""🐶 Anjing"",""🐱 Kucing"",""🐰 Kelinci""]","Jawaban pilihan [2] adalah yang paling tepat!"
"q_coding_pola_208","coding_pola","Perhatikan pola angka: 1 - 2 - 1 - 2 - 1 - [...]. Angka berikutnya adalah?","shapes","🎨",0,0,"=",2,25,"[""1"",""2"",""3""]","Jawaban pilihan [2] adalah yang paling tepat!"
"q_coding_pola_209","coding_pola","Perhatikan pola ukuran bola: ⚽ Besar - ⚽ Kecil - ⚽ Besar - ⚽ Kecil - [...]. Ukuran bola berikutnya adalah?","shapes","🎨",0,0,"=",2,25,"[""⚽ Kecil"",""⚽ Besar"",""⚽ Sedang""]","Jawaban pilihan [2] adalah yang paling tepat!"
"q_coding_pola_210","coding_pola","Perhatikan pola emosi emoji: 😀 Senyum - 😢 Sedih - 😀 Senyum - 😢 Sedih - [...]. Gambar selanjutnya adalah?","shapes","🎨",0,0,"=",2,25,"[""😢 Sedih"",""😀 Senyum"",""😡 Marah""]","Jawaban pilihan [2] adalah yang paling tepat!"
"q_coding_pola_211","coding_pola","Perhatikan pola tepukan: 👏 Tepuk 1x - 👏 Tepuk 2x - 👏 Tepuk 1x - 👏 Tepuk 2x - [...]. Tepukan berikutnya adalah?","shapes","🎨",0,0,"=",2,25,"[""Tepuk 2x"",""Tepuk 1x"",""Tepuk 3x""]","Jawaban pilihan [2] adalah yang paling tepat!"
"q_coding_pola_212","coding_pola","Perhatikan pola warna baju: ⚪ Putih - ⬛ Hitam - ⚪ Putih - ⬛ Hitam - [...]. Warna berikutnya adalah?","shapes","🎨",0,0,"=",2,25,"[""⬛ Hitam"",""⚪ Putih"",""🟥 Merah""]","Jawaban pilihan [2] adalah yang paling tepat!"
"q_coding_pola_213","coding_pola","Perhatikan pola bunga: 🌸 Pink - 🌼 Kuning - 🌸 Pink - 🌼 Kuning - 🌸 Pink - [...]. Bunga berikutnya berwarna?","shapes","🎨",0,0,"=",1,25,"[""🌼 Kuning"",""🌸 Pink"",""🌺 Merah""]","Jawaban pilihan [1] adalah yang paling tepat!"
"q_coding_pola_214","coding_pola","Perhatikan pola bentuk: 🔺 Segitiga - 🟩 Persegi - 🔺 Segitiga - 🟩 Persegi - [...]. Bentuk selanjutnya adalah?","shapes","🎨",0,0,"=",1,25,"[""🔺 Segitiga"",""🟩 Persegi"",""⚪ Lingkaran""]","Jawaban pilihan [1] adalah yang paling tepat!"
"q_coding_pola_215","coding_pola","Perhatikan pola suara hewan: 'Mbeee' - 'Guk guk' - 'Mbeee' - 'Guk guk' - [...]. Suara berikutnya adalah?","shapes","🎨",0,0,"=",1,25,"[""'Mbeee' (Kambing)"",""'Guk guk' (Anjing)"",""'Meong' (Kucing)""]","Jawaban pilihan [1] adalah yang paling tepat!"
"q_coding_pola_216","coding_pola","Perhatikan pola ukuran: Short (Pendek) - Tall (Tinggi) - Short - Tall - [...]. Selanjutnya adalah?","shapes","🎨",0,0,"=",1,25,"[""Short (Pendek)"",""Tall (Tinggi)"",""Sangat Tinggi""]","Jawaban pilihan [1] adalah yang paling tepat!"
"q_coding_pola_217","coding_pola","Perhatikan pola emoji: 🌞 Matahari - 🌙 Bulan - 🌞 Matahari - 🌙 Bulan - [...]. Gambar selanjutnya adalah?","shapes","🎨",0,0,"=",2,25,"[""🌙 Bulan"",""🌞 Matahari"",""⭐ Bintang""]","Jawaban pilihan [2] adalah yang paling tepat!"
"q_coding_pola_218","coding_pola","Perhatikan pola: 1 Bintang ⭐ - 2 Bintang ⭐⭐ - 1 Bintang ⭐ - 2 Bintang ⭐⭐ - [...]. Selanjutnya berapa bintang?","shapes","🎨",0,0,"=",1,25,"[""1 Bintang ⭐"",""3 Bintang ⭐⭐⭐"",""2 Bintang ⭐⭐""]","Jawaban pilihan [1] adalah yang paling tepat!"
"q_coding_pola_219","coding_pola","Perhatikan pola: Besar - Besar - Kecil - Besar - Besar - [...]. Selanjutnya ukuran apa?","shapes","🎨",0,0,"=",2,25,"[""Sedang"",""Kecil"",""Besar""]","Jawaban pilihan [2] adalah yang paling tepat!"
"q_coding_pola_220","coding_pola","Pola nada suara: Tinggi - Rendah - Tinggi - Rendah - [...]. Nada berikutnya adalah?","shapes","🎨",0,0,"=",1,25,"[""Tinggi"",""Sangat Rendah"",""Rendah""]","Jawaban pilihan [1] adalah yang paling tepat!"
"q_coding_pola_221","coding_pola","Perhatikan pola warna balon berikut: 🟣 Ungu - 🌸 Pink - 🟣 Ungu - 🌸 Pink - 🟣 Ungu - [...]. Balon berikutnya berwarna?","shapes","🎨",0,0,"=",1,25,"[""🌸 Pink"",""🟣 Ungu"",""🟡 Kuning""]","Jawaban pilihan [1] adalah yang paling tepat!"
"q_coding_pola_222","coding_pola","Perhatikan pola bentuk berikut: 🟦 Persegi - 🟡 Lingkaran - 🟦 Persegi - 🟡 Lingkaran - [...]. Bentuk selanjutnya adalah?","shapes","🎨",0,0,"=",3,25,"[""🔺 Segitiga"",""🟡 Lingkaran"",""🟦 Persegi""]","Jawaban pilihan [3] adalah yang paling tepat!"
"q_coding_pola_223","coding_pola","Perhatikan pola buah berikut: 🍎 Apel - 🍌 Pisang - 🍎 Apel - 🍌 Pisang - [...]. Buah selanjutnya adalah?","shapes","🎨",0,0,"=",1,25,"[""🍎 Apel"",""🍌 Pisang"",""🍊 Jeruk""]","Jawaban pilihan [1] adalah yang paling tepat!"
"q_coding_pola_224","coding_pola","Perhatikan pola hewan: 🐱 Kucing - 🐶 Anjing - 🐱 Kucing - 🐶 Anjing - [...]. Hewan berikutnya adalah?","shapes","🎨",0,0,"=",2,25,"[""🐰 Kelinci"",""🐱 Kucing"",""🐶 Anjing""]","Jawaban pilihan [2] adalah yang paling tepat!"
"q_coding_pola_225","coding_pola","Perhatikan pola angka: 1 - 2 - 1 - 2 - 1 - [...]. Angka berikutnya adalah?","shapes","🎨",0,0,"=",3,25,"[""3"",""1"",""2""]","Jawaban pilihan [3] adalah yang paling tepat!"
"q_coding_pola_226","coding_pola","Perhatikan pola ukuran bola: ⚽ Besar - ⚽ Kecil - ⚽ Besar - ⚽ Kecil - [...]. Ukuran bola berikutnya adalah?","shapes","🎨",0,0,"=",3,25,"[""⚽ Kecil"",""⚽ Sedang"",""⚽ Besar""]","Jawaban pilihan [3] adalah yang paling tepat!"
"q_coding_pola_227","coding_pola","Perhatikan pola emosi emoji: 😀 Senyum - 😢 Sedih - 😀 Senyum - 😢 Sedih - [...]. Gambar selanjutnya adalah?","shapes","🎨",0,0,"=",1,25,"[""😀 Senyum"",""😢 Sedih"",""😡 Marah""]","Jawaban pilihan [1] adalah yang paling tepat!"
"q_coding_pola_228","coding_pola","Perhatikan pola tepukan: 👏 Tepuk 1x - 👏 Tepuk 2x - 👏 Tepuk 1x - 👏 Tepuk 2x - [...]. Tepukan berikutnya adalah?","shapes","🎨",0,0,"=",2,25,"[""Tepuk 2x"",""Tepuk 1x"",""Tepuk 3x""]","Jawaban pilihan [2] adalah yang paling tepat!"
"q_coding_pola_229","coding_pola","Perhatikan pola warna baju: ⚪ Putih - ⬛ Hitam - ⚪ Putih - ⬛ Hitam - [...]. Warna berikutnya adalah?","shapes","🎨",0,0,"=",3,25,"[""🟥 Merah"",""⬛ Hitam"",""⚪ Putih""]","Jawaban pilihan [3] adalah yang paling tepat!"
"q_coding_pola_230","coding_pola","Perhatikan pola bunga: 🌸 Pink - 🌼 Kuning - 🌸 Pink - 🌼 Kuning - 🌸 Pink - [...]. Bunga berikutnya berwarna?","shapes","🎨",0,0,"=",2,25,"[""🌸 Pink"",""🌼 Kuning"",""🌺 Merah""]","Jawaban pilihan [2] adalah yang paling tepat!"
"q_coding_pola_231","coding_pola","Perhatikan pola bentuk: 🔺 Segitiga - 🟩 Persegi - 🔺 Segitiga - 🟩 Persegi - [...]. Bentuk selanjutnya adalah?","shapes","🎨",0,0,"=",3,25,"[""🟩 Persegi"",""⚪ Lingkaran"",""🔺 Segitiga""]","Jawaban pilihan [3] adalah yang paling tepat!"
"q_coding_pola_232","coding_pola","Perhatikan pola suara hewan: 'Mbeee' - 'Guk guk' - 'Mbeee' - 'Guk guk' - [...]. Suara berikutnya adalah?","shapes","🎨",0,0,"=",3,25,"[""'Meong' (Kucing)"",""'Guk guk' (Anjing)"",""'Mbeee' (Kambing)""]","Jawaban pilihan [3] adalah yang paling tepat!"
"q_coding_pola_233","coding_pola","Perhatikan pola ukuran: Short (Pendek) - Tall (Tinggi) - Short - Tall - [...]. Selanjutnya adalah?","shapes","🎨",0,0,"=",3,25,"[""Tall (Tinggi)"",""Sangat Tinggi"",""Short (Pendek)""]","Jawaban pilihan [3] adalah yang paling tepat!"
"q_coding_pola_234","coding_pola","Perhatikan pola emoji: 🌞 Matahari - 🌙 Bulan - 🌞 Matahari - 🌙 Bulan - [...]. Gambar selanjutnya adalah?","shapes","🎨",0,0,"=",3,25,"[""⭐ Bintang"",""🌙 Bulan"",""🌞 Matahari""]","Jawaban pilihan [3] adalah yang paling tepat!"
"q_coding_pola_235","coding_pola","Perhatikan pola: 1 Bintang ⭐ - 2 Bintang ⭐⭐ - 1 Bintang ⭐ - 2 Bintang ⭐⭐ - [...]. Selanjutnya berapa bintang?","shapes","🎨",0,0,"=",1,25,"[""1 Bintang ⭐"",""2 Bintang ⭐⭐"",""3 Bintang ⭐⭐⭐""]","Jawaban pilihan [1] adalah yang paling tepat!"
"q_coding_pola_236","coding_pola","Perhatikan pola: Besar - Besar - Kecil - Besar - Besar - [...]. Selanjutnya ukuran apa?","shapes","🎨",0,0,"=",3,25,"[""Besar"",""Sedang"",""Kecil""]","Jawaban pilihan [3] adalah yang paling tepat!"
"q_coding_pola_237","coding_pola","Pola nada suara: Tinggi - Rendah - Tinggi - Rendah - [...]. Nada berikutnya adalah?","shapes","🎨",0,0,"=",3,25,"[""Rendah"",""Sangat Rendah"",""Tinggi""]","Jawaban pilihan [3] adalah yang paling tepat!"
"q_coding_pola_238","coding_pola","Perhatikan pola warna balon berikut: 🟠 Oranye - 🟣 Ungu - 🟠 Oranye - 🟣 Ungu - 🟠 Oranye - [...]. Balon berikutnya berwarna?","shapes","🎨",0,0,"=",2,25,"[""🟠 Oranye"",""🟣 Ungu"",""🟡 Kuning""]","Jawaban pilihan [2] adalah yang paling tepat!"
"q_coding_pola_239","coding_pola","Perhatikan pola bentuk berikut: 🟦 Persegi - 🟡 Lingkaran - 🟦 Persegi - 🟡 Lingkaran - [...]. Bentuk selanjutnya adalah?","shapes","🎨",0,0,"=",2,25,"[""🔺 Segitiga"",""🟦 Persegi"",""🟡 Lingkaran""]","Jawaban pilihan [2] adalah yang paling tepat!"
"q_coding_pola_240","coding_pola","Perhatikan pola buah berikut: 🍎 Apel - 🍌 Pisang - 🍎 Apel - 🍌 Pisang - [...]. Buah selanjutnya adalah?","shapes","🎨",0,0,"=",3,25,"[""🍊 Jeruk"",""🍌 Pisang"",""🍎 Apel""]","Jawaban pilihan [3] adalah yang paling tepat!"
"q_coding_pola_241","coding_pola","Perhatikan pola hewan: 🐱 Kucing - 🐶 Anjing - 🐱 Kucing - 🐶 Anjing - [...]. Hewan berikutnya adalah?","shapes","🎨",0,0,"=",2,25,"[""🐰 Kelinci"",""🐱 Kucing"",""🐶 Anjing""]","Jawaban pilihan [2] adalah yang paling tepat!"
"q_coding_pola_242","coding_pola","Perhatikan pola angka: 1 - 2 - 1 - 2 - 1 - [...]. Angka berikutnya adalah?","shapes","🎨",0,0,"=",2,25,"[""1"",""2"",""3""]","Jawaban pilihan [2] adalah yang paling tepat!"
"q_coding_pola_243","coding_pola","Perhatikan pola ukuran bola: ⚽ Besar - ⚽ Kecil - ⚽ Besar - ⚽ Kecil - [...]. Ukuran bola berikutnya adalah?","shapes","🎨",0,0,"=",2,25,"[""⚽ Kecil"",""⚽ Besar"",""⚽ Sedang""]","Jawaban pilihan [2] adalah yang paling tepat!"
"q_coding_pola_244","coding_pola","Perhatikan pola emosi emoji: 😀 Senyum - 😢 Sedih - 😀 Senyum - 😢 Sedih - [...]. Gambar selanjutnya adalah?","shapes","🎨",0,0,"=",2,25,"[""😡 Marah"",""😀 Senyum"",""😢 Sedih""]","Jawaban pilihan [2] adalah yang paling tepat!"
"q_coding_pola_245","coding_pola","Perhatikan pola tepukan: 👏 Tepuk 1x - 👏 Tepuk 2x - 👏 Tepuk 1x - 👏 Tepuk 2x - [...]. Tepukan berikutnya adalah?","shapes","🎨",0,0,"=",1,25,"[""Tepuk 1x"",""Tepuk 3x"",""Tepuk 2x""]","Jawaban pilihan [1] adalah yang paling tepat!"
"q_coding_pola_246","coding_pola","Perhatikan pola warna baju: ⚪ Putih - ⬛ Hitam - ⚪ Putih - ⬛ Hitam - [...]. Warna berikutnya adalah?","shapes","🎨",0,0,"=",3,25,"[""⬛ Hitam"",""🟥 Merah"",""⚪ Putih""]","Jawaban pilihan [3] adalah yang paling tepat!"
"q_coding_pola_247","coding_pola","Perhatikan pola bunga: 🌸 Pink - 🌼 Kuning - 🌸 Pink - 🌼 Kuning - 🌸 Pink - [...]. Bunga berikutnya berwarna?","shapes","🎨",0,0,"=",1,25,"[""🌼 Kuning"",""🌸 Pink"",""🌺 Merah""]","Jawaban pilihan [1] adalah yang paling tepat!"
"q_coding_pola_248","coding_pola","Perhatikan pola bentuk: 🔺 Segitiga - 🟩 Persegi - 🔺 Segitiga - 🟩 Persegi - [...]. Bentuk selanjutnya adalah?","shapes","🎨",0,0,"=",3,25,"[""🟩 Persegi"",""⚪ Lingkaran"",""🔺 Segitiga""]","Jawaban pilihan [3] adalah yang paling tepat!"
"q_coding_pola_249","coding_pola","Perhatikan pola suara hewan: 'Mbeee' - 'Guk guk' - 'Mbeee' - 'Guk guk' - [...]. Suara berikutnya adalah?","shapes","🎨",0,0,"=",2,25,"[""'Meong' (Kucing)"",""'Mbeee' (Kambing)"",""'Guk guk' (Anjing)""]","Jawaban pilihan [2] adalah yang paling tepat!"
"q_coding_pola_250","coding_pola","Perhatikan pola ukuran: Short (Pendek) - Tall (Tinggi) - Short - Tall - [...]. Selanjutnya adalah?","shapes","🎨",0,0,"=",3,25,"[""Tall (Tinggi)"",""Sangat Tinggi"",""Short (Pendek)""]","Jawaban pilihan [3] adalah yang paling tepat!"
"q_coding_pola_251","coding_pola","Perhatikan pola emoji: 🌞 Matahari - 🌙 Bulan - 🌞 Matahari - 🌙 Bulan - [...]. Gambar selanjutnya adalah?","shapes","🎨",0,0,"=",2,25,"[""🌙 Bulan"",""🌞 Matahari"",""⭐ Bintang""]","Jawaban pilihan [2] adalah yang paling tepat!"
"q_coding_pola_252","coding_pola","Perhatikan pola: 1 Bintang ⭐ - 2 Bintang ⭐⭐ - 1 Bintang ⭐ - 2 Bintang ⭐⭐ - [...]. Selanjutnya berapa bintang?","shapes","🎨",0,0,"=",1,25,"[""1 Bintang ⭐"",""3 Bintang ⭐⭐⭐"",""2 Bintang ⭐⭐""]","Jawaban pilihan [1] adalah yang paling tepat!"
"q_coding_pola_253","coding_pola","Perhatikan pola: Besar - Besar - Kecil - Besar - Besar - [...]. Selanjutnya ukuran apa?","shapes","🎨",0,0,"=",3,25,"[""Besar"",""Sedang"",""Kecil""]","Jawaban pilihan [3] adalah yang paling tepat!"
"q_coding_pola_254","coding_pola","Pola nada suara: Tinggi - Rendah - Tinggi - Rendah - [...]. Nada berikutnya adalah?","shapes","🎨",0,0,"=",2,25,"[""Rendah"",""Tinggi"",""Sangat Rendah""]","Jawaban pilihan [2] adalah yang paling tepat!"
"q_coding_pola_255","coding_pola","Perhatikan pola warna balon berikut: 🟢 Hijau - 🟠 Oranye - 🟢 Hijau - 🟠 Oranye - 🟢 Hijau - [...]. Balon berikutnya berwarna?","shapes","🎨",0,0,"=",2,25,"[""🟡 Kuning"",""🟠 Oranye"",""🟢 Hijau""]","Jawaban pilihan [2] adalah yang paling tepat!"
"q_coding_pola_256","coding_pola","Perhatikan pola bentuk berikut: 🟦 Persegi - 🟡 Lingkaran - 🟦 Persegi - 🟡 Lingkaran - [...]. Bentuk selanjutnya adalah?","shapes","🎨",0,0,"=",1,25,"[""🟦 Persegi"",""🔺 Segitiga"",""🟡 Lingkaran""]","Jawaban pilihan [1] adalah yang paling tepat!"
"q_coding_pola_257","coding_pola","Perhatikan pola buah berikut: 🍎 Apel - 🍌 Pisang - 🍎 Apel - 🍌 Pisang - [...]. Buah selanjutnya adalah?","shapes","🎨",0,0,"=",1,25,"[""🍎 Apel"",""🍊 Jeruk"",""🍌 Pisang""]","Jawaban pilihan [1] adalah yang paling tepat!"
"q_coding_pola_258","coding_pola","Perhatikan pola hewan: 🐱 Kucing - 🐶 Anjing - 🐱 Kucing - 🐶 Anjing - [...]. Hewan berikutnya adalah?","shapes","🎨",0,0,"=",1,25,"[""🐱 Kucing"",""🐶 Anjing"",""🐰 Kelinci""]","Jawaban pilihan [1] adalah yang paling tepat!"
"q_coding_pola_259","coding_pola","Perhatikan pola angka: 1 - 2 - 1 - 2 - 1 - [...]. Angka berikutnya adalah?","shapes","🎨",0,0,"=",2,25,"[""3"",""2"",""1""]","Jawaban pilihan [2] adalah yang paling tepat!"
"q_coding_pola_260","coding_pola","Perhatikan pola ukuran bola: ⚽ Besar - ⚽ Kecil - ⚽ Besar - ⚽ Kecil - [...]. Ukuran bola berikutnya adalah?","shapes","🎨",0,0,"=",3,25,"[""⚽ Kecil"",""⚽ Sedang"",""⚽ Besar""]","Jawaban pilihan [3] adalah yang paling tepat!"
"q_coding_pola_261","coding_pola","Perhatikan pola emosi emoji: 😀 Senyum - 😢 Sedih - 😀 Senyum - 😢 Sedih - [...]. Gambar selanjutnya adalah?","shapes","🎨",0,0,"=",3,25,"[""😢 Sedih"",""😡 Marah"",""😀 Senyum""]","Jawaban pilihan [3] adalah yang paling tepat!"
"q_coding_pola_262","coding_pola","Perhatikan pola tepukan: 👏 Tepuk 1x - 👏 Tepuk 2x - 👏 Tepuk 1x - 👏 Tepuk 2x - [...]. Tepukan berikutnya adalah?","shapes","🎨",0,0,"=",3,25,"[""Tepuk 3x"",""Tepuk 2x"",""Tepuk 1x""]","Jawaban pilihan [3] adalah yang paling tepat!"
"q_coding_pola_263","coding_pola","Perhatikan pola warna baju: ⚪ Putih - ⬛ Hitam - ⚪ Putih - ⬛ Hitam - [...]. Warna berikutnya adalah?","shapes","🎨",0,0,"=",1,25,"[""⚪ Putih"",""🟥 Merah"",""⬛ Hitam""]","Jawaban pilihan [1] adalah yang paling tepat!"
"q_coding_pola_264","coding_pola","Perhatikan pola bunga: 🌸 Pink - 🌼 Kuning - 🌸 Pink - 🌼 Kuning - 🌸 Pink - [...]. Bunga berikutnya berwarna?","shapes","🎨",0,0,"=",2,25,"[""🌺 Merah"",""🌼 Kuning"",""🌸 Pink""]","Jawaban pilihan [2] adalah yang paling tepat!"
"q_coding_pola_265","coding_pola","Perhatikan pola bentuk: 🔺 Segitiga - 🟩 Persegi - 🔺 Segitiga - 🟩 Persegi - [...]. Bentuk selanjutnya adalah?","shapes","🎨",0,0,"=",1,25,"[""🔺 Segitiga"",""⚪ Lingkaran"",""🟩 Persegi""]","Jawaban pilihan [1] adalah yang paling tepat!"
"q_coding_pola_266","coding_pola","Perhatikan pola suara hewan: 'Mbeee' - 'Guk guk' - 'Mbeee' - 'Guk guk' - [...]. Suara berikutnya adalah?","shapes","🎨",0,0,"=",1,25,"[""'Mbeee' (Kambing)"",""'Meong' (Kucing)"",""'Guk guk' (Anjing)""]","Jawaban pilihan [1] adalah yang paling tepat!"
"q_coding_pola_267","coding_pola","Perhatikan pola ukuran: Short (Pendek) - Tall (Tinggi) - Short - Tall - [...]. Selanjutnya adalah?","shapes","🎨",0,0,"=",1,25,"[""Short (Pendek)"",""Tall (Tinggi)"",""Sangat Tinggi""]","Jawaban pilihan [1] adalah yang paling tepat!"
"q_coding_pola_268","coding_pola","Perhatikan pola emoji: 🌞 Matahari - 🌙 Bulan - 🌞 Matahari - 🌙 Bulan - [...]. Gambar selanjutnya adalah?","shapes","🎨",0,0,"=",3,25,"[""⭐ Bintang"",""🌙 Bulan"",""🌞 Matahari""]","Jawaban pilihan [3] adalah yang paling tepat!"
"q_coding_pola_269","coding_pola","Perhatikan pola: 1 Bintang ⭐ - 2 Bintang ⭐⭐ - 1 Bintang ⭐ - 2 Bintang ⭐⭐ - [...]. Selanjutnya berapa bintang?","shapes","🎨",0,0,"=",3,25,"[""2 Bintang ⭐⭐"",""3 Bintang ⭐⭐⭐"",""1 Bintang ⭐""]","Jawaban pilihan [3] adalah yang paling tepat!"
"q_coding_pola_270","coding_pola","Perhatikan pola: Besar - Besar - Kecil - Besar - Besar - [...]. Selanjutnya ukuran apa?","shapes","🎨",0,0,"=",3,25,"[""Besar"",""Sedang"",""Kecil""]","Jawaban pilihan [3] adalah yang paling tepat!"
"q_coding_pola_271","coding_pola","Pola nada suara: Tinggi - Rendah - Tinggi - Rendah - [...]. Nada berikutnya adalah?","shapes","🎨",0,0,"=",1,25,"[""Tinggi"",""Rendah"",""Sangat Rendah""]","Jawaban pilihan [1] adalah yang paling tepat!"
"q_coding_pola_272","coding_pola","Perhatikan pola warna balon berikut: 🟡 Kuning - 🟢 Hijau - 🟡 Kuning - 🟢 Hijau - 🟡 Kuning - [...]. Balon berikutnya berwarna?","shapes","🎨",0,0,"=",1,25,"[""🟢 Hijau"",""🟡 Kuning"",""🟡 Kuning""]","Jawaban pilihan [1] adalah yang paling tepat!"
"q_coding_pola_273","coding_pola","Perhatikan pola bentuk berikut: 🟦 Persegi - 🟡 Lingkaran - 🟦 Persegi - 🟡 Lingkaran - [...]. Bentuk selanjutnya adalah?","shapes","🎨",0,0,"=",3,25,"[""🔺 Segitiga"",""🟡 Lingkaran"",""🟦 Persegi""]","Jawaban pilihan [3] adalah yang paling tepat!"
"q_coding_pola_274","coding_pola","Perhatikan pola buah berikut: 🍎 Apel - 🍌 Pisang - 🍎 Apel - 🍌 Pisang - [...]. Buah selanjutnya adalah?","shapes","🎨",0,0,"=",3,25,"[""🍊 Jeruk"",""🍌 Pisang"",""🍎 Apel""]","Jawaban pilihan [3] adalah yang paling tepat!"
"q_coding_pola_275","coding_pola","Perhatikan pola hewan: 🐱 Kucing - 🐶 Anjing - 🐱 Kucing - 🐶 Anjing - [...]. Hewan berikutnya adalah?","shapes","🎨",0,0,"=",1,25,"[""🐱 Kucing"",""🐰 Kelinci"",""🐶 Anjing""]","Jawaban pilihan [1] adalah yang paling tepat!"
"q_coding_pola_276","coding_pola","Perhatikan pola angka: 1 - 2 - 1 - 2 - 1 - [...]. Angka berikutnya adalah?","shapes","🎨",0,0,"=",1,25,"[""2"",""1"",""3""]","Jawaban pilihan [1] adalah yang paling tepat!"
"q_coding_pola_277","coding_pola","Perhatikan pola ukuran bola: ⚽ Besar - ⚽ Kecil - ⚽ Besar - ⚽ Kecil - [...]. Ukuran bola berikutnya adalah?","shapes","🎨",0,0,"=",2,25,"[""⚽ Sedang"",""⚽ Besar"",""⚽ Kecil""]","Jawaban pilihan [2] adalah yang paling tepat!"
"q_coding_pola_278","coding_pola","Perhatikan pola emosi emoji: 😀 Senyum - 😢 Sedih - 😀 Senyum - 😢 Sedih - [...]. Gambar selanjutnya adalah?","shapes","🎨",0,0,"=",2,25,"[""😡 Marah"",""😀 Senyum"",""😢 Sedih""]","Jawaban pilihan [2] adalah yang paling tepat!"
"q_coding_pola_279","coding_pola","Perhatikan pola tepukan: 👏 Tepuk 1x - 👏 Tepuk 2x - 👏 Tepuk 1x - 👏 Tepuk 2x - [...]. Tepukan berikutnya adalah?","shapes","🎨",0,0,"=",1,25,"[""Tepuk 1x"",""Tepuk 2x"",""Tepuk 3x""]","Jawaban pilihan [1] adalah yang paling tepat!"
"q_coding_pola_280","coding_pola","Perhatikan pola warna baju: ⚪ Putih - ⬛ Hitam - ⚪ Putih - ⬛ Hitam - [...]. Warna berikutnya adalah?","shapes","🎨",0,0,"=",3,25,"[""⬛ Hitam"",""🟥 Merah"",""⚪ Putih""]","Jawaban pilihan [3] adalah yang paling tepat!"
"q_coding_pola_281","coding_pola","Perhatikan pola bunga: 🌸 Pink - 🌼 Kuning - 🌸 Pink - 🌼 Kuning - 🌸 Pink - [...]. Bunga berikutnya berwarna?","shapes","🎨",0,0,"=",1,25,"[""🌼 Kuning"",""🌸 Pink"",""🌺 Merah""]","Jawaban pilihan [1] adalah yang paling tepat!"
"q_coding_pola_282","coding_pola","Perhatikan pola bentuk: 🔺 Segitiga - 🟩 Persegi - 🔺 Segitiga - 🟩 Persegi - [...]. Bentuk selanjutnya adalah?","shapes","🎨",0,0,"=",1,25,"[""🔺 Segitiga"",""🟩 Persegi"",""⚪ Lingkaran""]","Jawaban pilihan [1] adalah yang paling tepat!"
"q_coding_pola_283","coding_pola","Perhatikan pola suara hewan: 'Mbeee' - 'Guk guk' - 'Mbeee' - 'Guk guk' - [...]. Suara berikutnya adalah?","shapes","🎨",0,0,"=",3,25,"[""'Guk guk' (Anjing)"",""'Meong' (Kucing)"",""'Mbeee' (Kambing)""]","Jawaban pilihan [3] adalah yang paling tepat!"
"q_coding_pola_284","coding_pola","Perhatikan pola ukuran: Short (Pendek) - Tall (Tinggi) - Short - Tall - [...]. Selanjutnya adalah?","shapes","🎨",0,0,"=",1,25,"[""Short (Pendek)"",""Sangat Tinggi"",""Tall (Tinggi)""]","Jawaban pilihan [1] adalah yang paling tepat!"
"q_coding_pola_285","coding_pola","Perhatikan pola emoji: 🌞 Matahari - 🌙 Bulan - 🌞 Matahari - 🌙 Bulan - [...]. Gambar selanjutnya adalah?","shapes","🎨",0,0,"=",1,25,"[""🌞 Matahari"",""⭐ Bintang"",""🌙 Bulan""]","Jawaban pilihan [1] adalah yang paling tepat!"
"q_coding_pola_286","coding_pola","Perhatikan pola: 1 Bintang ⭐ - 2 Bintang ⭐⭐ - 1 Bintang ⭐ - 2 Bintang ⭐⭐ - [...]. Selanjutnya berapa bintang?","shapes","🎨",0,0,"=",2,25,"[""3 Bintang ⭐⭐⭐"",""1 Bintang ⭐"",""2 Bintang ⭐⭐""]","Jawaban pilihan [2] adalah yang paling tepat!"
"q_coding_pola_287","coding_pola","Perhatikan pola: Besar - Besar - Kecil - Besar - Besar - [...]. Selanjutnya ukuran apa?","shapes","🎨",0,0,"=",2,25,"[""Besar"",""Kecil"",""Sedang""]","Jawaban pilihan [2] adalah yang paling tepat!"
"q_coding_pola_288","coding_pola","Pola nada suara: Tinggi - Rendah - Tinggi - Rendah - [...]. Nada berikutnya adalah?","shapes","🎨",0,0,"=",2,25,"[""Sangat Rendah"",""Tinggi"",""Rendah""]","Jawaban pilihan [2] adalah yang paling tepat!"
"q_coding_pola_289","coding_pola","Perhatikan pola warna balon berikut: 🟡 Kuning - 🟡 Kuning - 🟡 Kuning - 🟡 Kuning - 🟡 Kuning - [...]. Balon berikutnya berwarna?","shapes","🎨",0,0,"=",1,25,"[""🟡 Kuning"",""🟡 Kuning"",""🟡 Kuning""]","Jawaban pilihan [1] adalah yang paling tepat!"
"q_coding_pola_290","coding_pola","Perhatikan pola bentuk berikut: 🟦 Persegi - 🟡 Lingkaran - 🟦 Persegi - 🟡 Lingkaran - [...]. Bentuk selanjutnya adalah?","shapes","🎨",0,0,"=",1,25,"[""🟦 Persegi"",""🟡 Lingkaran"",""🔺 Segitiga""]","Jawaban pilihan [1] adalah yang paling tepat!"
"q_coding_pola_291","coding_pola","Perhatikan pola buah berikut: 🍎 Apel - 🍌 Pisang - 🍎 Apel - 🍌 Pisang - [...]. Buah selanjutnya adalah?","shapes","🎨",0,0,"=",2,25,"[""🍊 Jeruk"",""🍎 Apel"",""🍌 Pisang""]","Jawaban pilihan [2] adalah yang paling tepat!"
"q_coding_pola_292","coding_pola","Perhatikan pola hewan: 🐱 Kucing - 🐶 Anjing - 🐱 Kucing - 🐶 Anjing - [...]. Hewan berikutnya adalah?","shapes","🎨",0,0,"=",3,25,"[""🐰 Kelinci"",""🐶 Anjing"",""🐱 Kucing""]","Jawaban pilihan [3] adalah yang paling tepat!"
"q_coding_pola_293","coding_pola","Perhatikan pola angka: 1 - 2 - 1 - 2 - 1 - [...]. Angka berikutnya adalah?","shapes","🎨",0,0,"=",3,25,"[""1"",""3"",""2""]","Jawaban pilihan [3] adalah yang paling tepat!"
"q_coding_pola_294","coding_pola","Perhatikan pola ukuran bola: ⚽ Besar - ⚽ Kecil - ⚽ Besar - ⚽ Kecil - [...]. Ukuran bola berikutnya adalah?","shapes","🎨",0,0,"=",3,25,"[""⚽ Kecil"",""⚽ Sedang"",""⚽ Besar""]","Jawaban pilihan [3] adalah yang paling tepat!"
"q_coding_pola_295","coding_pola","Perhatikan pola emosi emoji: 😀 Senyum - 😢 Sedih - 😀 Senyum - 😢 Sedih - [...]. Gambar selanjutnya adalah?","shapes","🎨",0,0,"=",2,25,"[""😢 Sedih"",""😀 Senyum"",""😡 Marah""]","Jawaban pilihan [2] adalah yang paling tepat!"
"q_coding_pola_296","coding_pola","Perhatikan pola tepukan: 👏 Tepuk 1x - 👏 Tepuk 2x - 👏 Tepuk 1x - 👏 Tepuk 2x - [...]. Tepukan berikutnya adalah?","shapes","🎨",0,0,"=",1,25,"[""Tepuk 1x"",""Tepuk 2x"",""Tepuk 3x""]","Jawaban pilihan [1] adalah yang paling tepat!"
"q_coding_pola_297","coding_pola","Perhatikan pola warna baju: ⚪ Putih - ⬛ Hitam - ⚪ Putih - ⬛ Hitam - [...]. Warna berikutnya adalah?","shapes","🎨",0,0,"=",2,25,"[""⬛ Hitam"",""⚪ Putih"",""🟥 Merah""]","Jawaban pilihan [2] adalah yang paling tepat!"
"q_coding_pola_298","coding_pola","Perhatikan pola bunga: 🌸 Pink - 🌼 Kuning - 🌸 Pink - 🌼 Kuning - 🌸 Pink - [...]. Bunga berikutnya berwarna?","shapes","🎨",0,0,"=",1,25,"[""🌼 Kuning"",""🌺 Merah"",""🌸 Pink""]","Jawaban pilihan [1] adalah yang paling tepat!"
"q_coding_pola_299","coding_pola","Perhatikan pola bentuk: 🔺 Segitiga - 🟩 Persegi - 🔺 Segitiga - 🟩 Persegi - [...]. Bentuk selanjutnya adalah?","shapes","🎨",0,0,"=",3,25,"[""🟩 Persegi"",""⚪ Lingkaran"",""🔺 Segitiga""]","Jawaban pilihan [3] adalah yang paling tepat!"
"q_coding_pola_300","coding_pola","Perhatikan pola suara hewan: 'Mbeee' - 'Guk guk' - 'Mbeee' - 'Guk guk' - [...]. Suara berikutnya adalah?","shapes","🎨",0,0,"=",2,25,"[""'Guk guk' (Anjing)"",""'Mbeee' (Kambing)"",""'Meong' (Kucing)""]","Jawaban pilihan [2] adalah yang paling tepat!"
"q_coding_navigasi_1","coding_navigasi","Mobil mainan menghadap ke depan. Jika ingin berbelok ke tempat parkir di sebelah kiri, perintahnya adalah...","shapes","🧭",0,0,"=",2,25,"[""Belok kanan"",""Belok kiri"",""Mundur ke belakang""]","Jawaban pilihan [2] adalah yang paling tepat!"
"q_coding_navigasi_2","coding_navigasi","Semut ingin naik ke atas meja. Arah langkah yang benar adalah...","shapes","🧭",0,0,"=",3,25,"[""Mundur ke samping"",""Barjalan turun ke bawah"",""Berjalan naik ke atas""]","Jawaban pilihan [3] adalah yang paling tepat!"
"q_coding_navigasi_3","coding_navigasi","Robot berjalan ke depan 3 langkah, lalu belok kanan 1 langkah. Apa yang dilakukan robot pertama kali?","shapes","🧭",0,0,"=",2,25,"[""Belok kanan 1 langkah"",""Maju ke depan 3 langkah"",""Berhenti di tempat""]","Jawaban pilihan [2] adalah yang paling tepat!"
"q_coding_navigasi_4","coding_navigasi","Kelinci ingin melompati rintangan di depannya. Gerakan yang tepat adalah...","shapes","🧭",0,0,"=",1,25,"[""Lompat ke atas melewati rintangan"",""Mendorong rintangan sampai roboh"",""Mundur dan duduk""]","Jawaban pilihan [1] adalah yang paling tepat!"
"q_coding_navigasi_5","coding_navigasi","Burung terbang di udara menuju sarang di sebelah kanan. Arah burung adalah...","shapes","🧭",0,0,"=",1,25,"[""Ke kanan"",""Ke kiri"",""Ke bawah tanah""]","Jawaban pilihan [1] adalah yang paling tepat!"
"q_coding_navigasi_6","coding_navigasi","Anak panah menunjuk ke atas (⬆️). Itu artinya perintah untuk bergerak ke...","shapes","🧭",0,0,"=",2,25,"[""Samping Kiri"",""Atas / Depan"",""Bawah / Belakang""]","Jawaban pilihan [2] adalah yang paling tepat!"
"q_coding_navigasi_7","coding_navigasi","Anak panah menunjuk ke bawah (⬇️). Artinya kita harus bergerak ke...","shapes","🧭",0,0,"=",2,25,"[""Atas"",""Bawah / Mundur"",""Kanan""]","Jawaban pilihan [2] adalah yang paling tepat!"
"q_coding_navigasi_8","coding_navigasi","Jika ada tembok di depan Robot, apa yang harus dilakukan Robot agar tidak menabrak?","shapes","🧭",0,0,"=",2,25,"[""Tidur di tempat"",""Belok ke kiri atau ke kanan"",""Terus jalan menerobos tembok""]","Jawaban pilihan [2] adalah yang paling tepat!"
"q_coding_navigasi_9","coding_navigasi","Lebah 🐝 ingin menghampiri bunga 🌺 yang ada di belakangnya. Lebah harus...","shapes","🧭",0,0,"=",3,25,"[""Lompat ke langit"",""Maju lurus ke depan"",""Putar balik / mundur ke belakang""]","Jawaban pilihan [3] adalah yang paling tepat!"
"q_coding_navigasi_10","coding_navigasi","Semut berjalan 1 langkah ke depan, lalu 1 langkah ke kanan. Ke mana semut bergerak terakhir?","shapes","🧭",0,0,"=",3,25,"[""Ke depan"",""Ke belakang"",""Ke kanan""]","Jawaban pilihan [3] adalah yang paling tepat!"
"q_coding_navigasi_11","coding_navigasi","Robot ada di titik A. Untuk ke titik B yang ada di depan, Robot harus bergerak...","shapes","🧭",0,0,"=",3,25,"[""Duduk manis"",""Putar balik"",""Maju lurus""]","Jawaban pilihan [3] adalah yang paling tepat!"
"q_coding_navigasi_12","coding_navigasi","Perintah panah (⬅️) menunjukkan gerakan ke arah...","shapes","🧭",0,0,"=",1,25,"[""Kiri"",""Bawah"",""Kanan""]","Jawaban pilihan [1] adalah yang paling tepat!"
"q_coding_navigasi_13","coding_navigasi","Perintah panah (➡️) menunjukkan gerakan ke arah...","shapes","🧭",0,0,"=",2,25,"[""Atas"",""Kanan"",""Kiri""]","Jawaban pilihan [2] adalah yang paling tepat!"
"q_coding_navigasi_14","coding_navigasi","Jika kamu berdiri menghadap ke Utara, lalu kamu berputar penuh ke belakang, kamu sekarang menghadap ke...","shapes","🧭",0,0,"=",2,25,"[""Depan"",""Belakang / Selatan"",""Atas langit""]","Jawaban pilihan [2] adalah yang paling tepat!"
"q_coding_navigasi_15","coding_navigasi","Kucing berada di kotak [1]. Ikan berada di kotak [3] di sebelah kanan. Perintah agar kucing mendapatkan ikan adalah...","shapes","🧭",0,0,"=",1,25,"[""Maju 2 langkah ke kanan"",""Lompat ke kiri"",""Mundur 2 langkah ke belakang""]","Jawaban pilihan [1] adalah yang paling tepat!"
"q_coding_navigasi_16","coding_navigasi","Mobil mainan menghadap ke depan. Jika ingin berbelok ke tempat parkir di sebelah kiri, perintahnya adalah...","shapes","🧭",0,0,"=",1,25,"[""Belok kiri"",""Belok kanan"",""Mundur ke belakang""]","Jawaban pilihan [1] adalah yang paling tepat!"
"q_coding_navigasi_17","coding_navigasi","Semut ingin naik ke atas meja. Arah langkah yang benar adalah...","shapes","🧭",0,0,"=",1,25,"[""Berjalan naik ke atas"",""Mundur ke samping"",""Barjalan turun ke bawah""]","Jawaban pilihan [1] adalah yang paling tepat!"
"q_coding_navigasi_18","coding_navigasi","Robot berjalan ke depan 3 langkah, lalu belok kanan 1 langkah. Apa yang dilakukan robot pertama kali?","shapes","🧭",0,0,"=",1,25,"[""Maju ke depan 3 langkah"",""Berhenti di tempat"",""Belok kanan 1 langkah""]","Jawaban pilihan [1] adalah yang paling tepat!"
"q_coding_navigasi_19","coding_navigasi","Kelinci ingin melompati rintangan di depannya. Gerakan yang tepat adalah...","shapes","🧭",0,0,"=",3,25,"[""Mundur dan duduk"",""Mendorong rintangan sampai roboh"",""Lompat ke atas melewati rintangan""]","Jawaban pilihan [3] adalah yang paling tepat!"
"q_coding_navigasi_20","coding_navigasi","Burung terbang di udara menuju sarang di sebelah kanan. Arah burung adalah...","shapes","🧭",0,0,"=",3,25,"[""Ke bawah tanah"",""Ke kiri"",""Ke kanan""]","Jawaban pilihan [3] adalah yang paling tepat!"
"q_coding_navigasi_21","coding_navigasi","Anak panah menunjuk ke atas (⬆️). Itu artinya perintah untuk bergerak ke...","shapes","🧭",0,0,"=",1,25,"[""Atas / Depan"",""Samping Kiri"",""Bawah / Belakang""]","Jawaban pilihan [1] adalah yang paling tepat!"
"q_coding_navigasi_22","coding_navigasi","Anak panah menunjuk ke bawah (⬇️). Artinya kita harus bergerak ke...","shapes","🧭",0,0,"=",3,25,"[""Atas"",""Kanan"",""Bawah / Mundur""]","Jawaban pilihan [3] adalah yang paling tepat!"
"q_coding_navigasi_23","coding_navigasi","Jika ada tembok di depan Robot, apa yang harus dilakukan Robot agar tidak menabrak?","shapes","🧭",0,0,"=",2,25,"[""Tidur di tempat"",""Belok ke kiri atau ke kanan"",""Terus jalan menerobos tembok""]","Jawaban pilihan [2] adalah yang paling tepat!"
"q_coding_navigasi_24","coding_navigasi","Lebah 🐝 ingin menghampiri bunga 🌺 yang ada di belakangnya. Lebah harus...","shapes","🧭",0,0,"=",1,25,"[""Putar balik / mundur ke belakang"",""Maju lurus ke depan"",""Lompat ke langit""]","Jawaban pilihan [1] adalah yang paling tepat!"
"q_coding_navigasi_25","coding_navigasi","Semut berjalan 1 langkah ke depan, lalu 1 langkah ke kanan. Ke mana semut bergerak terakhir?","shapes","🧭",0,0,"=",3,25,"[""Ke belakang"",""Ke depan"",""Ke kanan""]","Jawaban pilihan [3] adalah yang paling tepat!"
"q_coding_navigasi_26","coding_navigasi","Robot ada di titik A. Untuk ke titik B yang ada di depan, Robot harus bergerak...","shapes","🧭",0,0,"=",3,25,"[""Putar balik"",""Duduk manis"",""Maju lurus""]","Jawaban pilihan [3] adalah yang paling tepat!"
"q_coding_navigasi_27","coding_navigasi","Perintah panah (⬅️) menunjukkan gerakan ke arah...","shapes","🧭",0,0,"=",2,25,"[""Kanan"",""Kiri"",""Bawah""]","Jawaban pilihan [2] adalah yang paling tepat!"
"q_coding_navigasi_28","coding_navigasi","Perintah panah (➡️) menunjukkan gerakan ke arah...","shapes","🧭",0,0,"=",3,25,"[""Atas"",""Kiri"",""Kanan""]","Jawaban pilihan [3] adalah yang paling tepat!"
"q_coding_navigasi_29","coding_navigasi","Jika kamu berdiri menghadap ke Utara, lalu kamu berputar penuh ke belakang, kamu sekarang menghadap ke...","shapes","🧭",0,0,"=",2,25,"[""Atas langit"",""Belakang / Selatan"",""Depan""]","Jawaban pilihan [2] adalah yang paling tepat!"
"q_coding_navigasi_30","coding_navigasi","Kucing berada di kotak [1]. Ikan berada di kotak [3] di sebelah kanan. Perintah agar kucing mendapatkan ikan adalah...","shapes","🧭",0,0,"=",2,25,"[""Mundur 2 langkah ke belakang"",""Maju 2 langkah ke kanan"",""Lompat ke kiri""]","Jawaban pilihan [2] adalah yang paling tepat!"
"q_coding_navigasi_31","coding_navigasi","Mobil mainan menghadap ke depan. Jika ingin berbelok ke tempat parkir di sebelah kiri, perintahnya adalah...","shapes","🧭",0,0,"=",2,25,"[""Mundur ke belakang"",""Belok kiri"",""Belok kanan""]","Jawaban pilihan [2] adalah yang paling tepat!"
"q_coding_navigasi_32","coding_navigasi","Semut ingin naik ke atas meja. Arah langkah yang benar adalah...","shapes","🧭",0,0,"=",2,25,"[""Barjalan turun ke bawah"",""Berjalan naik ke atas"",""Mundur ke samping""]","Jawaban pilihan [2] adalah yang paling tepat!"
"q_coding_navigasi_33","coding_navigasi","Robot berjalan ke depan 3 langkah, lalu belok kanan 1 langkah. Apa yang dilakukan robot pertama kali?","shapes","🧭",0,0,"=",3,25,"[""Belok kanan 1 langkah"",""Berhenti di tempat"",""Maju ke depan 3 langkah""]","Jawaban pilihan [3] adalah yang paling tepat!"
"q_coding_navigasi_34","coding_navigasi","Kelinci ingin melompati rintangan di depannya. Gerakan yang tepat adalah...","shapes","🧭",0,0,"=",3,25,"[""Mundur dan duduk"",""Mendorong rintangan sampai roboh"",""Lompat ke atas melewati rintangan""]","Jawaban pilihan [3] adalah yang paling tepat!"
"q_coding_navigasi_35","coding_navigasi","Burung terbang di udara menuju sarang di sebelah kanan. Arah burung adalah...","shapes","🧭",0,0,"=",1,25,"[""Ke kanan"",""Ke kiri"",""Ke bawah tanah""]","Jawaban pilihan [1] adalah yang paling tepat!"
"q_coding_navigasi_36","coding_navigasi","Anak panah menunjuk ke atas (⬆️). Itu artinya perintah untuk bergerak ke...","shapes","🧭",0,0,"=",1,25,"[""Atas / Depan"",""Samping Kiri"",""Bawah / Belakang""]","Jawaban pilihan [1] adalah yang paling tepat!"
"q_coding_navigasi_37","coding_navigasi","Anak panah menunjuk ke bawah (⬇️). Artinya kita harus bergerak ke...","shapes","🧭",0,0,"=",2,25,"[""Atas"",""Bawah / Mundur"",""Kanan""]","Jawaban pilihan [2] adalah yang paling tepat!"
"q_coding_navigasi_38","coding_navigasi","Jika ada tembok di depan Robot, apa yang harus dilakukan Robot agar tidak menabrak?","shapes","🧭",0,0,"=",3,25,"[""Terus jalan menerobos tembok"",""Tidur di tempat"",""Belok ke kiri atau ke kanan""]","Jawaban pilihan [3] adalah yang paling tepat!"
"q_coding_navigasi_39","coding_navigasi","Lebah 🐝 ingin menghampiri bunga 🌺 yang ada di belakangnya. Lebah harus...","shapes","🧭",0,0,"=",3,25,"[""Maju lurus ke depan"",""Lompat ke langit"",""Putar balik / mundur ke belakang""]","Jawaban pilihan [3] adalah yang paling tepat!"
"q_coding_navigasi_40","coding_navigasi","Semut berjalan 1 langkah ke depan, lalu 1 langkah ke kanan. Ke mana semut bergerak terakhir?","shapes","🧭",0,0,"=",1,25,"[""Ke kanan"",""Ke depan"",""Ke belakang""]","Jawaban pilihan [1] adalah yang paling tepat!"
"q_coding_navigasi_41","coding_navigasi","Robot ada di titik A. Untuk ke titik B yang ada di depan, Robot harus bergerak...","shapes","🧭",0,0,"=",2,25,"[""Putar balik"",""Maju lurus"",""Duduk manis""]","Jawaban pilihan [2] adalah yang paling tepat!"
"q_coding_navigasi_42","coding_navigasi","Perintah panah (⬅️) menunjukkan gerakan ke arah...","shapes","🧭",0,0,"=",2,25,"[""Kanan"",""Kiri"",""Bawah""]","Jawaban pilihan [2] adalah yang paling tepat!"
"q_coding_navigasi_43","coding_navigasi","Perintah panah (➡️) menunjukkan gerakan ke arah...","shapes","🧭",0,0,"=",1,25,"[""Kanan"",""Atas"",""Kiri""]","Jawaban pilihan [1] adalah yang paling tepat!"
"q_coding_navigasi_44","coding_navigasi","Jika kamu berdiri menghadap ke Utara, lalu kamu berputar penuh ke belakang, kamu sekarang menghadap ke...","shapes","🧭",0,0,"=",3,25,"[""Depan"",""Atas langit"",""Belakang / Selatan""]","Jawaban pilihan [3] adalah yang paling tepat!"
"q_coding_navigasi_45","coding_navigasi","Kucing berada di kotak [1]. Ikan berada di kotak [3] di sebelah kanan. Perintah agar kucing mendapatkan ikan adalah...","shapes","🧭",0,0,"=",2,25,"[""Mundur 2 langkah ke belakang"",""Maju 2 langkah ke kanan"",""Lompat ke kiri""]","Jawaban pilihan [2] adalah yang paling tepat!"
"q_coding_navigasi_46","coding_navigasi","Mobil mainan menghadap ke depan. Jika ingin berbelok ke tempat parkir di sebelah kiri, perintahnya adalah...","shapes","🧭",0,0,"=",3,25,"[""Belok kanan"",""Mundur ke belakang"",""Belok kiri""]","Jawaban pilihan [3] adalah yang paling tepat!"
"q_coding_navigasi_47","coding_navigasi","Semut ingin naik ke atas meja. Arah langkah yang benar adalah...","shapes","🧭",0,0,"=",1,25,"[""Berjalan naik ke atas"",""Barjalan turun ke bawah"",""Mundur ke samping""]","Jawaban pilihan [1] adalah yang paling tepat!"
"q_coding_navigasi_48","coding_navigasi","Robot berjalan ke depan 3 langkah, lalu belok kanan 1 langkah. Apa yang dilakukan robot pertama kali?","shapes","🧭",0,0,"=",2,25,"[""Belok kanan 1 langkah"",""Maju ke depan 3 langkah"",""Berhenti di tempat""]","Jawaban pilihan [2] adalah yang paling tepat!"
"q_coding_navigasi_49","coding_navigasi","Kelinci ingin melompati rintangan di depannya. Gerakan yang tepat adalah...","shapes","🧭",0,0,"=",2,25,"[""Mendorong rintangan sampai roboh"",""Lompat ke atas melewati rintangan"",""Mundur dan duduk""]","Jawaban pilihan [2] adalah yang paling tepat!"
"q_coding_navigasi_50","coding_navigasi","Burung terbang di udara menuju sarang di sebelah kanan. Arah burung adalah...","shapes","🧭",0,0,"=",2,25,"[""Ke kiri"",""Ke kanan"",""Ke bawah tanah""]","Jawaban pilihan [2] adalah yang paling tepat!"
"q_coding_navigasi_51","coding_navigasi","Anak panah menunjuk ke atas (⬆️). Itu artinya perintah untuk bergerak ke...","shapes","🧭",0,0,"=",1,25,"[""Atas / Depan"",""Bawah / Belakang"",""Samping Kiri""]","Jawaban pilihan [1] adalah yang paling tepat!"
"q_coding_navigasi_52","coding_navigasi","Anak panah menunjuk ke bawah (⬇️). Artinya kita harus bergerak ke...","shapes","🧭",0,0,"=",1,25,"[""Bawah / Mundur"",""Kanan"",""Atas""]","Jawaban pilihan [1] adalah yang paling tepat!"
"q_coding_navigasi_53","coding_navigasi","Jika ada tembok di depan Robot, apa yang harus dilakukan Robot agar tidak menabrak?","shapes","🧭",0,0,"=",1,25,"[""Belok ke kiri atau ke kanan"",""Tidur di tempat"",""Terus jalan menerobos tembok""]","Jawaban pilihan [1] adalah yang paling tepat!"
"q_coding_navigasi_54","coding_navigasi","Lebah 🐝 ingin menghampiri bunga 🌺 yang ada di belakangnya. Lebah harus...","shapes","🧭",0,0,"=",3,25,"[""Maju lurus ke depan"",""Lompat ke langit"",""Putar balik / mundur ke belakang""]","Jawaban pilihan [3] adalah yang paling tepat!"
"q_coding_navigasi_55","coding_navigasi","Semut berjalan 1 langkah ke depan, lalu 1 langkah ke kanan. Ke mana semut bergerak terakhir?","shapes","🧭",0,0,"=",1,25,"[""Ke kanan"",""Ke belakang"",""Ke depan""]","Jawaban pilihan [1] adalah yang paling tepat!"
"q_coding_navigasi_56","coding_navigasi","Robot ada di titik A. Untuk ke titik B yang ada di depan, Robot harus bergerak...","shapes","🧭",0,0,"=",1,25,"[""Maju lurus"",""Duduk manis"",""Putar balik""]","Jawaban pilihan [1] adalah yang paling tepat!"
"q_coding_navigasi_57","coding_navigasi","Perintah panah (⬅️) menunjukkan gerakan ke arah...","shapes","🧭",0,0,"=",1,25,"[""Kiri"",""Bawah"",""Kanan""]","Jawaban pilihan [1] adalah yang paling tepat!"
"q_coding_navigasi_58","coding_navigasi","Perintah panah (➡️) menunjukkan gerakan ke arah...","shapes","🧭",0,0,"=",1,25,"[""Kanan"",""Kiri"",""Atas""]","Jawaban pilihan [1] adalah yang paling tepat!"
"q_coding_navigasi_59","coding_navigasi","Jika kamu berdiri menghadap ke Utara, lalu kamu berputar penuh ke belakang, kamu sekarang menghadap ke...","shapes","🧭",0,0,"=",2,25,"[""Depan"",""Belakang / Selatan"",""Atas langit""]","Jawaban pilihan [2] adalah yang paling tepat!"
"q_coding_navigasi_60","coding_navigasi","Kucing berada di kotak [1]. Ikan berada di kotak [3] di sebelah kanan. Perintah agar kucing mendapatkan ikan adalah...","shapes","🧭",0,0,"=",1,25,"[""Maju 2 langkah ke kanan"",""Mundur 2 langkah ke belakang"",""Lompat ke kiri""]","Jawaban pilihan [1] adalah yang paling tepat!"
"q_coding_navigasi_61","coding_navigasi","Mobil mainan menghadap ke depan. Jika ingin berbelok ke tempat parkir di sebelah kiri, perintahnya adalah...","shapes","🧭",0,0,"=",3,25,"[""Belok kanan"",""Mundur ke belakang"",""Belok kiri""]","Jawaban pilihan [3] adalah yang paling tepat!"
"q_coding_navigasi_62","coding_navigasi","Semut ingin naik ke atas meja. Arah langkah yang benar adalah...","shapes","🧭",0,0,"=",3,25,"[""Barjalan turun ke bawah"",""Mundur ke samping"",""Berjalan naik ke atas""]","Jawaban pilihan [3] adalah yang paling tepat!"
"q_coding_navigasi_63","coding_navigasi","Robot berjalan ke depan 3 langkah, lalu belok kanan 1 langkah. Apa yang dilakukan robot pertama kali?","shapes","🧭",0,0,"=",2,25,"[""Belok kanan 1 langkah"",""Maju ke depan 3 langkah"",""Berhenti di tempat""]","Jawaban pilihan [2] adalah yang paling tepat!"
"q_coding_navigasi_64","coding_navigasi","Kelinci ingin melompati rintangan di depannya. Gerakan yang tepat adalah...","shapes","🧭",0,0,"=",2,25,"[""Mundur dan duduk"",""Lompat ke atas melewati rintangan"",""Mendorong rintangan sampai roboh""]","Jawaban pilihan [2] adalah yang paling tepat!"
"q_coding_navigasi_65","coding_navigasi","Burung terbang di udara menuju sarang di sebelah kanan. Arah burung adalah...","shapes","🧭",0,0,"=",1,25,"[""Ke kanan"",""Ke kiri"",""Ke bawah tanah""]","Jawaban pilihan [1] adalah yang paling tepat!"
"q_coding_navigasi_66","coding_navigasi","Anak panah menunjuk ke atas (⬆️). Itu artinya perintah untuk bergerak ke...","shapes","🧭",0,0,"=",3,25,"[""Bawah / Belakang"",""Samping Kiri"",""Atas / Depan""]","Jawaban pilihan [3] adalah yang paling tepat!"
"q_coding_navigasi_67","coding_navigasi","Anak panah menunjuk ke bawah (⬇️). Artinya kita harus bergerak ke...","shapes","🧭",0,0,"=",1,25,"[""Bawah / Mundur"",""Kanan"",""Atas""]","Jawaban pilihan [1] adalah yang paling tepat!"
"q_coding_navigasi_68","coding_navigasi","Jika ada tembok di depan Robot, apa yang harus dilakukan Robot agar tidak menabrak?","shapes","🧭",0,0,"=",2,25,"[""Terus jalan menerobos tembok"",""Belok ke kiri atau ke kanan"",""Tidur di tempat""]","Jawaban pilihan [2] adalah yang paling tepat!"
"q_coding_navigasi_69","coding_navigasi","Lebah 🐝 ingin menghampiri bunga 🌺 yang ada di belakangnya. Lebah harus...","shapes","🧭",0,0,"=",1,25,"[""Putar balik / mundur ke belakang"",""Lompat ke langit"",""Maju lurus ke depan""]","Jawaban pilihan [1] adalah yang paling tepat!"
"q_coding_navigasi_70","coding_navigasi","Semut berjalan 1 langkah ke depan, lalu 1 langkah ke kanan. Ke mana semut bergerak terakhir?","shapes","🧭",0,0,"=",1,25,"[""Ke kanan"",""Ke depan"",""Ke belakang""]","Jawaban pilihan [1] adalah yang paling tepat!"
"q_coding_navigasi_71","coding_navigasi","Robot ada di titik A. Untuk ke titik B yang ada di depan, Robot harus bergerak...","shapes","🧭",0,0,"=",2,25,"[""Duduk manis"",""Maju lurus"",""Putar balik""]","Jawaban pilihan [2] adalah yang paling tepat!"
"q_coding_navigasi_72","coding_navigasi","Perintah panah (⬅️) menunjukkan gerakan ke arah...","shapes","🧭",0,0,"=",3,25,"[""Kanan"",""Bawah"",""Kiri""]","Jawaban pilihan [3] adalah yang paling tepat!"
"q_coding_navigasi_73","coding_navigasi","Perintah panah (➡️) menunjukkan gerakan ke arah...","shapes","🧭",0,0,"=",3,25,"[""Kiri"",""Atas"",""Kanan""]","Jawaban pilihan [3] adalah yang paling tepat!"
"q_coding_navigasi_74","coding_navigasi","Jika kamu berdiri menghadap ke Utara, lalu kamu berputar penuh ke belakang, kamu sekarang menghadap ke...","shapes","🧭",0,0,"=",1,25,"[""Belakang / Selatan"",""Atas langit"",""Depan""]","Jawaban pilihan [1] adalah yang paling tepat!"
"q_coding_navigasi_75","coding_navigasi","Kucing berada di kotak [1]. Ikan berada di kotak [3] di sebelah kanan. Perintah agar kucing mendapatkan ikan adalah...","shapes","🧭",0,0,"=",3,25,"[""Lompat ke kiri"",""Mundur 2 langkah ke belakang"",""Maju 2 langkah ke kanan""]","Jawaban pilihan [3] adalah yang paling tepat!"
"q_coding_navigasi_76","coding_navigasi","Mobil mainan menghadap ke depan. Jika ingin berbelok ke tempat parkir di sebelah kiri, perintahnya adalah...","shapes","🧭",0,0,"=",2,25,"[""Mundur ke belakang"",""Belok kiri"",""Belok kanan""]","Jawaban pilihan [2] adalah yang paling tepat!"
"q_coding_navigasi_77","coding_navigasi","Semut ingin naik ke atas meja. Arah langkah yang benar adalah...","shapes","🧭",0,0,"=",2,25,"[""Mundur ke samping"",""Berjalan naik ke atas"",""Barjalan turun ke bawah""]","Jawaban pilihan [2] adalah yang paling tepat!"
"q_coding_navigasi_78","coding_navigasi","Robot berjalan ke depan 3 langkah, lalu belok kanan 1 langkah. Apa yang dilakukan robot pertama kali?","shapes","🧭",0,0,"=",2,25,"[""Berhenti di tempat"",""Maju ke depan 3 langkah"",""Belok kanan 1 langkah""]","Jawaban pilihan [2] adalah yang paling tepat!"
"q_coding_navigasi_79","coding_navigasi","Kelinci ingin melompati rintangan di depannya. Gerakan yang tepat adalah...","shapes","🧭",0,0,"=",3,25,"[""Mundur dan duduk"",""Mendorong rintangan sampai roboh"",""Lompat ke atas melewati rintangan""]","Jawaban pilihan [3] adalah yang paling tepat!"
"q_coding_navigasi_80","coding_navigasi","Burung terbang di udara menuju sarang di sebelah kanan. Arah burung adalah...","shapes","🧭",0,0,"=",1,25,"[""Ke kanan"",""Ke kiri"",""Ke bawah tanah""]","Jawaban pilihan [1] adalah yang paling tepat!"
"q_coding_navigasi_81","coding_navigasi","Anak panah menunjuk ke atas (⬆️). Itu artinya perintah untuk bergerak ke...","shapes","🧭",0,0,"=",3,25,"[""Samping Kiri"",""Bawah / Belakang"",""Atas / Depan""]","Jawaban pilihan [3] adalah yang paling tepat!"
"q_coding_navigasi_82","coding_navigasi","Anak panah menunjuk ke bawah (⬇️). Artinya kita harus bergerak ke...","shapes","🧭",0,0,"=",3,25,"[""Kanan"",""Atas"",""Bawah / Mundur""]","Jawaban pilihan [3] adalah yang paling tepat!"
"q_coding_navigasi_83","coding_navigasi","Jika ada tembok di depan Robot, apa yang harus dilakukan Robot agar tidak menabrak?","shapes","🧭",0,0,"=",2,25,"[""Terus jalan menerobos tembok"",""Belok ke kiri atau ke kanan"",""Tidur di tempat""]","Jawaban pilihan [2] adalah yang paling tepat!"
"q_coding_navigasi_84","coding_navigasi","Lebah 🐝 ingin menghampiri bunga 🌺 yang ada di belakangnya. Lebah harus...","shapes","🧭",0,0,"=",1,25,"[""Putar balik / mundur ke belakang"",""Maju lurus ke depan"",""Lompat ke langit""]","Jawaban pilihan [1] adalah yang paling tepat!"
"q_coding_navigasi_85","coding_navigasi","Semut berjalan 1 langkah ke depan, lalu 1 langkah ke kanan. Ke mana semut bergerak terakhir?","shapes","🧭",0,0,"=",2,25,"[""Ke belakang"",""Ke kanan"",""Ke depan""]","Jawaban pilihan [2] adalah yang paling tepat!"
"q_coding_navigasi_86","coding_navigasi","Robot ada di titik A. Untuk ke titik B yang ada di depan, Robot harus bergerak...","shapes","🧭",0,0,"=",2,25,"[""Putar balik"",""Maju lurus"",""Duduk manis""]","Jawaban pilihan [2] adalah yang paling tepat!"
"q_coding_navigasi_87","coding_navigasi","Perintah panah (⬅️) menunjukkan gerakan ke arah...","shapes","🧭",0,0,"=",3,25,"[""Kanan"",""Bawah"",""Kiri""]","Jawaban pilihan [3] adalah yang paling tepat!"
"q_coding_navigasi_88","coding_navigasi","Perintah panah (➡️) menunjukkan gerakan ke arah...","shapes","🧭",0,0,"=",1,25,"[""Kanan"",""Kiri"",""Atas""]","Jawaban pilihan [1] adalah yang paling tepat!"
"q_coding_navigasi_89","coding_navigasi","Jika kamu berdiri menghadap ke Utara, lalu kamu berputar penuh ke belakang, kamu sekarang menghadap ke...","shapes","🧭",0,0,"=",2,25,"[""Atas langit"",""Belakang / Selatan"",""Depan""]","Jawaban pilihan [2] adalah yang paling tepat!"
"q_coding_navigasi_90","coding_navigasi","Kucing berada di kotak [1]. Ikan berada di kotak [3] di sebelah kanan. Perintah agar kucing mendapatkan ikan adalah...","shapes","🧭",0,0,"=",2,25,"[""Lompat ke kiri"",""Maju 2 langkah ke kanan"",""Mundur 2 langkah ke belakang""]","Jawaban pilihan [2] adalah yang paling tepat!"
"q_coding_navigasi_91","coding_navigasi","Mobil mainan menghadap ke depan. Jika ingin berbelok ke tempat parkir di sebelah kiri, perintahnya adalah...","shapes","🧭",0,0,"=",2,25,"[""Belok kanan"",""Belok kiri"",""Mundur ke belakang""]","Jawaban pilihan [2] adalah yang paling tepat!"
"q_coding_navigasi_92","coding_navigasi","Semut ingin naik ke atas meja. Arah langkah yang benar adalah...","shapes","🧭",0,0,"=",1,25,"[""Berjalan naik ke atas"",""Mundur ke samping"",""Barjalan turun ke bawah""]","Jawaban pilihan [1] adalah yang paling tepat!"
"q_coding_navigasi_93","coding_navigasi","Robot berjalan ke depan 3 langkah, lalu belok kanan 1 langkah. Apa yang dilakukan robot pertama kali?","shapes","🧭",0,0,"=",1,25,"[""Maju ke depan 3 langkah"",""Belok kanan 1 langkah"",""Berhenti di tempat""]","Jawaban pilihan [1] adalah yang paling tepat!"
"q_coding_navigasi_94","coding_navigasi","Kelinci ingin melompati rintangan di depannya. Gerakan yang tepat adalah...","shapes","🧭",0,0,"=",2,25,"[""Mendorong rintangan sampai roboh"",""Lompat ke atas melewati rintangan"",""Mundur dan duduk""]","Jawaban pilihan [2] adalah yang paling tepat!"
"q_coding_navigasi_95","coding_navigasi","Burung terbang di udara menuju sarang di sebelah kanan. Arah burung adalah...","shapes","🧭",0,0,"=",3,25,"[""Ke bawah tanah"",""Ke kiri"",""Ke kanan""]","Jawaban pilihan [3] adalah yang paling tepat!"
"q_coding_navigasi_96","coding_navigasi","Anak panah menunjuk ke atas (⬆️). Itu artinya perintah untuk bergerak ke...","shapes","🧭",0,0,"=",3,25,"[""Bawah / Belakang"",""Samping Kiri"",""Atas / Depan""]","Jawaban pilihan [3] adalah yang paling tepat!"
"q_coding_navigasi_97","coding_navigasi","Anak panah menunjuk ke bawah (⬇️). Artinya kita harus bergerak ke...","shapes","🧭",0,0,"=",3,25,"[""Atas"",""Kanan"",""Bawah / Mundur""]","Jawaban pilihan [3] adalah yang paling tepat!"
"q_coding_navigasi_98","coding_navigasi","Jika ada tembok di depan Robot, apa yang harus dilakukan Robot agar tidak menabrak?","shapes","🧭",0,0,"=",3,25,"[""Terus jalan menerobos tembok"",""Tidur di tempat"",""Belok ke kiri atau ke kanan""]","Jawaban pilihan [3] adalah yang paling tepat!"
"q_coding_navigasi_99","coding_navigasi","Lebah 🐝 ingin menghampiri bunga 🌺 yang ada di belakangnya. Lebah harus...","shapes","🧭",0,0,"=",3,25,"[""Maju lurus ke depan"",""Lompat ke langit"",""Putar balik / mundur ke belakang""]","Jawaban pilihan [3] adalah yang paling tepat!"
"q_coding_navigasi_100","coding_navigasi","Semut berjalan 1 langkah ke depan, lalu 1 langkah ke kanan. Ke mana semut bergerak terakhir?","shapes","🧭",0,0,"=",2,25,"[""Ke belakang"",""Ke kanan"",""Ke depan""]","Jawaban pilihan [2] adalah yang paling tepat!"
"q_coding_navigasi_101","coding_navigasi","Robot ada di titik A. Untuk ke titik B yang ada di depan, Robot harus bergerak...","shapes","🧭",0,0,"=",2,25,"[""Duduk manis"",""Maju lurus"",""Putar balik""]","Jawaban pilihan [2] adalah yang paling tepat!"
"q_coding_navigasi_102","coding_navigasi","Perintah panah (⬅️) menunjukkan gerakan ke arah...","shapes","🧭",0,0,"=",1,25,"[""Kiri"",""Bawah"",""Kanan""]","Jawaban pilihan [1] adalah yang paling tepat!"
"q_coding_navigasi_103","coding_navigasi","Perintah panah (➡️) menunjukkan gerakan ke arah...","shapes","🧭",0,0,"=",2,25,"[""Kiri"",""Kanan"",""Atas""]","Jawaban pilihan [2] adalah yang paling tepat!"
"q_coding_navigasi_104","coding_navigasi","Jika kamu berdiri menghadap ke Utara, lalu kamu berputar penuh ke belakang, kamu sekarang menghadap ke...","shapes","🧭",0,0,"=",2,25,"[""Depan"",""Belakang / Selatan"",""Atas langit""]","Jawaban pilihan [2] adalah yang paling tepat!"
"q_coding_navigasi_105","coding_navigasi","Kucing berada di kotak [1]. Ikan berada di kotak [3] di sebelah kanan. Perintah agar kucing mendapatkan ikan adalah...","shapes","🧭",0,0,"=",3,25,"[""Mundur 2 langkah ke belakang"",""Lompat ke kiri"",""Maju 2 langkah ke kanan""]","Jawaban pilihan [3] adalah yang paling tepat!"
"q_coding_navigasi_106","coding_navigasi","Mobil mainan menghadap ke depan. Jika ingin berbelok ke tempat parkir di sebelah kiri, perintahnya adalah...","shapes","🧭",0,0,"=",2,25,"[""Belok kanan"",""Belok kiri"",""Mundur ke belakang""]","Jawaban pilihan [2] adalah yang paling tepat!"
"q_coding_navigasi_107","coding_navigasi","Semut ingin naik ke atas meja. Arah langkah yang benar adalah...","shapes","🧭",0,0,"=",2,25,"[""Barjalan turun ke bawah"",""Berjalan naik ke atas"",""Mundur ke samping""]","Jawaban pilihan [2] adalah yang paling tepat!"
"q_coding_navigasi_108","coding_navigasi","Robot berjalan ke depan 3 langkah, lalu belok kanan 1 langkah. Apa yang dilakukan robot pertama kali?","shapes","🧭",0,0,"=",1,25,"[""Maju ke depan 3 langkah"",""Berhenti di tempat"",""Belok kanan 1 langkah""]","Jawaban pilihan [1] adalah yang paling tepat!"
"q_coding_navigasi_109","coding_navigasi","Kelinci ingin melompati rintangan di depannya. Gerakan yang tepat adalah...","shapes","🧭",0,0,"=",2,25,"[""Mendorong rintangan sampai roboh"",""Lompat ke atas melewati rintangan"",""Mundur dan duduk""]","Jawaban pilihan [2] adalah yang paling tepat!"
"q_coding_navigasi_110","coding_navigasi","Burung terbang di udara menuju sarang di sebelah kanan. Arah burung adalah...","shapes","🧭",0,0,"=",1,25,"[""Ke kanan"",""Ke bawah tanah"",""Ke kiri""]","Jawaban pilihan [1] adalah yang paling tepat!"
"q_coding_navigasi_111","coding_navigasi","Anak panah menunjuk ke atas (⬆️). Itu artinya perintah untuk bergerak ke...","shapes","🧭",0,0,"=",1,25,"[""Atas / Depan"",""Bawah / Belakang"",""Samping Kiri""]","Jawaban pilihan [1] adalah yang paling tepat!"
"q_coding_navigasi_112","coding_navigasi","Anak panah menunjuk ke bawah (⬇️). Artinya kita harus bergerak ke...","shapes","🧭",0,0,"=",3,25,"[""Kanan"",""Atas"",""Bawah / Mundur""]","Jawaban pilihan [3] adalah yang paling tepat!"
"q_coding_navigasi_113","coding_navigasi","Jika ada tembok di depan Robot, apa yang harus dilakukan Robot agar tidak menabrak?","shapes","🧭",0,0,"=",2,25,"[""Terus jalan menerobos tembok"",""Belok ke kiri atau ke kanan"",""Tidur di tempat""]","Jawaban pilihan [2] adalah yang paling tepat!"
"q_coding_navigasi_114","coding_navigasi","Lebah 🐝 ingin menghampiri bunga 🌺 yang ada di belakangnya. Lebah harus...","shapes","🧭",0,0,"=",1,25,"[""Putar balik / mundur ke belakang"",""Lompat ke langit"",""Maju lurus ke depan""]","Jawaban pilihan [1] adalah yang paling tepat!"
"q_coding_navigasi_115","coding_navigasi","Semut berjalan 1 langkah ke depan, lalu 1 langkah ke kanan. Ke mana semut bergerak terakhir?","shapes","🧭",0,0,"=",2,25,"[""Ke belakang"",""Ke kanan"",""Ke depan""]","Jawaban pilihan [2] adalah yang paling tepat!"
"q_coding_navigasi_116","coding_navigasi","Robot ada di titik A. Untuk ke titik B yang ada di depan, Robot harus bergerak...","shapes","🧭",0,0,"=",3,25,"[""Duduk manis"",""Putar balik"",""Maju lurus""]","Jawaban pilihan [3] adalah yang paling tepat!"
"q_coding_navigasi_117","coding_navigasi","Perintah panah (⬅️) menunjukkan gerakan ke arah...","shapes","🧭",0,0,"=",3,25,"[""Kanan"",""Bawah"",""Kiri""]","Jawaban pilihan [3] adalah yang paling tepat!"
"q_coding_navigasi_118","coding_navigasi","Perintah panah (➡️) menunjukkan gerakan ke arah...","shapes","🧭",0,0,"=",3,25,"[""Atas"",""Kiri"",""Kanan""]","Jawaban pilihan [3] adalah yang paling tepat!"
"q_coding_navigasi_119","coding_navigasi","Jika kamu berdiri menghadap ke Utara, lalu kamu berputar penuh ke belakang, kamu sekarang menghadap ke...","shapes","🧭",0,0,"=",3,25,"[""Depan"",""Atas langit"",""Belakang / Selatan""]","Jawaban pilihan [3] adalah yang paling tepat!"
"q_coding_navigasi_120","coding_navigasi","Kucing berada di kotak [1]. Ikan berada di kotak [3] di sebelah kanan. Perintah agar kucing mendapatkan ikan adalah...","shapes","🧭",0,0,"=",3,25,"[""Mundur 2 langkah ke belakang"",""Lompat ke kiri"",""Maju 2 langkah ke kanan""]","Jawaban pilihan [3] adalah yang paling tepat!"
"q_coding_navigasi_121","coding_navigasi","Mobil mainan menghadap ke depan. Jika ingin berbelok ke tempat parkir di sebelah kiri, perintahnya adalah...","shapes","🧭",0,0,"=",1,25,"[""Belok kiri"",""Mundur ke belakang"",""Belok kanan""]","Jawaban pilihan [1] adalah yang paling tepat!"
"q_coding_navigasi_122","coding_navigasi","Semut ingin naik ke atas meja. Arah langkah yang benar adalah...","shapes","🧭",0,0,"=",1,25,"[""Berjalan naik ke atas"",""Mundur ke samping"",""Barjalan turun ke bawah""]","Jawaban pilihan [1] adalah yang paling tepat!"
"q_coding_navigasi_123","coding_navigasi","Robot berjalan ke depan 3 langkah, lalu belok kanan 1 langkah. Apa yang dilakukan robot pertama kali?","shapes","🧭",0,0,"=",2,25,"[""Berhenti di tempat"",""Maju ke depan 3 langkah"",""Belok kanan 1 langkah""]","Jawaban pilihan [2] adalah yang paling tepat!"
"q_coding_navigasi_124","coding_navigasi","Kelinci ingin melompati rintangan di depannya. Gerakan yang tepat adalah...","shapes","🧭",0,0,"=",1,25,"[""Lompat ke atas melewati rintangan"",""Mundur dan duduk"",""Mendorong rintangan sampai roboh""]","Jawaban pilihan [1] adalah yang paling tepat!"
"q_coding_navigasi_125","coding_navigasi","Burung terbang di udara menuju sarang di sebelah kanan. Arah burung adalah...","shapes","🧭",0,0,"=",3,25,"[""Ke kiri"",""Ke bawah tanah"",""Ke kanan""]","Jawaban pilihan [3] adalah yang paling tepat!"
"q_coding_navigasi_126","coding_navigasi","Anak panah menunjuk ke atas (⬆️). Itu artinya perintah untuk bergerak ke...","shapes","🧭",0,0,"=",2,25,"[""Samping Kiri"",""Atas / Depan"",""Bawah / Belakang""]","Jawaban pilihan [2] adalah yang paling tepat!"
"q_coding_navigasi_127","coding_navigasi","Anak panah menunjuk ke bawah (⬇️). Artinya kita harus bergerak ke...","shapes","🧭",0,0,"=",3,25,"[""Atas"",""Kanan"",""Bawah / Mundur""]","Jawaban pilihan [3] adalah yang paling tepat!"
"q_coding_navigasi_128","coding_navigasi","Jika ada tembok di depan Robot, apa yang harus dilakukan Robot agar tidak menabrak?","shapes","🧭",0,0,"=",3,25,"[""Terus jalan menerobos tembok"",""Tidur di tempat"",""Belok ke kiri atau ke kanan""]","Jawaban pilihan [3] adalah yang paling tepat!"
"q_coding_navigasi_129","coding_navigasi","Lebah 🐝 ingin menghampiri bunga 🌺 yang ada di belakangnya. Lebah harus...","shapes","🧭",0,0,"=",1,25,"[""Putar balik / mundur ke belakang"",""Maju lurus ke depan"",""Lompat ke langit""]","Jawaban pilihan [1] adalah yang paling tepat!"
"q_coding_navigasi_130","coding_navigasi","Semut berjalan 1 langkah ke depan, lalu 1 langkah ke kanan. Ke mana semut bergerak terakhir?","shapes","🧭",0,0,"=",3,25,"[""Ke depan"",""Ke belakang"",""Ke kanan""]","Jawaban pilihan [3] adalah yang paling tepat!"
"q_coding_navigasi_131","coding_navigasi","Robot ada di titik A. Untuk ke titik B yang ada di depan, Robot harus bergerak...","shapes","🧭",0,0,"=",2,25,"[""Duduk manis"",""Maju lurus"",""Putar balik""]","Jawaban pilihan [2] adalah yang paling tepat!"
"q_coding_navigasi_132","coding_navigasi","Perintah panah (⬅️) menunjukkan gerakan ke arah...","shapes","🧭",0,0,"=",2,25,"[""Bawah"",""Kiri"",""Kanan""]","Jawaban pilihan [2] adalah yang paling tepat!"
"q_coding_navigasi_133","coding_navigasi","Perintah panah (➡️) menunjukkan gerakan ke arah...","shapes","🧭",0,0,"=",2,25,"[""Kiri"",""Kanan"",""Atas""]","Jawaban pilihan [2] adalah yang paling tepat!"
"q_coding_navigasi_134","coding_navigasi","Jika kamu berdiri menghadap ke Utara, lalu kamu berputar penuh ke belakang, kamu sekarang menghadap ke...","shapes","🧭",0,0,"=",1,25,"[""Belakang / Selatan"",""Depan"",""Atas langit""]","Jawaban pilihan [1] adalah yang paling tepat!"
"q_coding_navigasi_135","coding_navigasi","Kucing berada di kotak [1]. Ikan berada di kotak [3] di sebelah kanan. Perintah agar kucing mendapatkan ikan adalah...","shapes","🧭",0,0,"=",3,25,"[""Lompat ke kiri"",""Mundur 2 langkah ke belakang"",""Maju 2 langkah ke kanan""]","Jawaban pilihan [3] adalah yang paling tepat!"
"q_coding_navigasi_136","coding_navigasi","Mobil mainan menghadap ke depan. Jika ingin berbelok ke tempat parkir di sebelah kiri, perintahnya adalah...","shapes","🧭",0,0,"=",2,25,"[""Belok kanan"",""Belok kiri"",""Mundur ke belakang""]","Jawaban pilihan [2] adalah yang paling tepat!"
"q_coding_navigasi_137","coding_navigasi","Semut ingin naik ke atas meja. Arah langkah yang benar adalah...","shapes","🧭",0,0,"=",3,25,"[""Mundur ke samping"",""Barjalan turun ke bawah"",""Berjalan naik ke atas""]","Jawaban pilihan [3] adalah yang paling tepat!"
"q_coding_navigasi_138","coding_navigasi","Robot berjalan ke depan 3 langkah, lalu belok kanan 1 langkah. Apa yang dilakukan robot pertama kali?","shapes","🧭",0,0,"=",1,25,"[""Maju ke depan 3 langkah"",""Berhenti di tempat"",""Belok kanan 1 langkah""]","Jawaban pilihan [1] adalah yang paling tepat!"
"q_coding_navigasi_139","coding_navigasi","Kelinci ingin melompati rintangan di depannya. Gerakan yang tepat adalah...","shapes","🧭",0,0,"=",1,25,"[""Lompat ke atas melewati rintangan"",""Mendorong rintangan sampai roboh"",""Mundur dan duduk""]","Jawaban pilihan [1] adalah yang paling tepat!"
"q_coding_navigasi_140","coding_navigasi","Burung terbang di udara menuju sarang di sebelah kanan. Arah burung adalah...","shapes","🧭",0,0,"=",3,25,"[""Ke bawah tanah"",""Ke kiri"",""Ke kanan""]","Jawaban pilihan [3] adalah yang paling tepat!"
"q_coding_navigasi_141","coding_navigasi","Anak panah menunjuk ke atas (⬆️). Itu artinya perintah untuk bergerak ke...","shapes","🧭",0,0,"=",2,25,"[""Samping Kiri"",""Atas / Depan"",""Bawah / Belakang""]","Jawaban pilihan [2] adalah yang paling tepat!"
"q_coding_navigasi_142","coding_navigasi","Anak panah menunjuk ke bawah (⬇️). Artinya kita harus bergerak ke...","shapes","🧭",0,0,"=",3,25,"[""Kanan"",""Atas"",""Bawah / Mundur""]","Jawaban pilihan [3] adalah yang paling tepat!"
"q_coding_navigasi_143","coding_navigasi","Jika ada tembok di depan Robot, apa yang harus dilakukan Robot agar tidak menabrak?","shapes","🧭",0,0,"=",3,25,"[""Tidur di tempat"",""Terus jalan menerobos tembok"",""Belok ke kiri atau ke kanan""]","Jawaban pilihan [3] adalah yang paling tepat!"
"q_coding_navigasi_144","coding_navigasi","Lebah 🐝 ingin menghampiri bunga 🌺 yang ada di belakangnya. Lebah harus...","shapes","🧭",0,0,"=",2,25,"[""Lompat ke langit"",""Putar balik / mundur ke belakang"",""Maju lurus ke depan""]","Jawaban pilihan [2] adalah yang paling tepat!"
"q_coding_navigasi_145","coding_navigasi","Semut berjalan 1 langkah ke depan, lalu 1 langkah ke kanan. Ke mana semut bergerak terakhir?","shapes","🧭",0,0,"=",3,25,"[""Ke belakang"",""Ke depan"",""Ke kanan""]","Jawaban pilihan [3] adalah yang paling tepat!"
"q_coding_navigasi_146","coding_navigasi","Robot ada di titik A. Untuk ke titik B yang ada di depan, Robot harus bergerak...","shapes","🧭",0,0,"=",2,25,"[""Duduk manis"",""Maju lurus"",""Putar balik""]","Jawaban pilihan [2] adalah yang paling tepat!"
"q_coding_navigasi_147","coding_navigasi","Perintah panah (⬅️) menunjukkan gerakan ke arah...","shapes","🧭",0,0,"=",2,25,"[""Bawah"",""Kiri"",""Kanan""]","Jawaban pilihan [2] adalah yang paling tepat!"
"q_coding_navigasi_148","coding_navigasi","Perintah panah (➡️) menunjukkan gerakan ke arah...","shapes","🧭",0,0,"=",3,25,"[""Kiri"",""Atas"",""Kanan""]","Jawaban pilihan [3] adalah yang paling tepat!"
"q_coding_navigasi_149","coding_navigasi","Jika kamu berdiri menghadap ke Utara, lalu kamu berputar penuh ke belakang, kamu sekarang menghadap ke...","shapes","🧭",0,0,"=",2,25,"[""Depan"",""Belakang / Selatan"",""Atas langit""]","Jawaban pilihan [2] adalah yang paling tepat!"
"q_coding_navigasi_150","coding_navigasi","Kucing berada di kotak [1]. Ikan berada di kotak [3] di sebelah kanan. Perintah agar kucing mendapatkan ikan adalah...","shapes","🧭",0,0,"=",2,25,"[""Mundur 2 langkah ke belakang"",""Maju 2 langkah ke kanan"",""Lompat ke kiri""]","Jawaban pilihan [2] adalah yang paling tepat!"
"q_coding_navigasi_151","coding_navigasi","Mobil mainan menghadap ke depan. Jika ingin berbelok ke tempat parkir di sebelah kiri, perintahnya adalah...","shapes","🧭",0,0,"=",1,25,"[""Belok kiri"",""Mundur ke belakang"",""Belok kanan""]","Jawaban pilihan [1] adalah yang paling tepat!"
"q_coding_navigasi_152","coding_navigasi","Semut ingin naik ke atas meja. Arah langkah yang benar adalah...","shapes","🧭",0,0,"=",3,25,"[""Mundur ke samping"",""Barjalan turun ke bawah"",""Berjalan naik ke atas""]","Jawaban pilihan [3] adalah yang paling tepat!"
"q_coding_navigasi_153","coding_navigasi","Robot berjalan ke depan 3 langkah, lalu belok kanan 1 langkah. Apa yang dilakukan robot pertama kali?","shapes","🧭",0,0,"=",2,25,"[""Berhenti di tempat"",""Maju ke depan 3 langkah"",""Belok kanan 1 langkah""]","Jawaban pilihan [2] adalah yang paling tepat!"
"q_coding_navigasi_154","coding_navigasi","Kelinci ingin melompati rintangan di depannya. Gerakan yang tepat adalah...","shapes","🧭",0,0,"=",2,25,"[""Mendorong rintangan sampai roboh"",""Lompat ke atas melewati rintangan"",""Mundur dan duduk""]","Jawaban pilihan [2] adalah yang paling tepat!"
"q_coding_navigasi_155","coding_navigasi","Burung terbang di udara menuju sarang di sebelah kanan. Arah burung adalah...","shapes","🧭",0,0,"=",2,25,"[""Ke kiri"",""Ke kanan"",""Ke bawah tanah""]","Jawaban pilihan [2] adalah yang paling tepat!"
"q_coding_navigasi_156","coding_navigasi","Anak panah menunjuk ke atas (⬆️). Itu artinya perintah untuk bergerak ke...","shapes","🧭",0,0,"=",3,25,"[""Samping Kiri"",""Bawah / Belakang"",""Atas / Depan""]","Jawaban pilihan [3] adalah yang paling tepat!"
"q_coding_navigasi_157","coding_navigasi","Anak panah menunjuk ke bawah (⬇️). Artinya kita harus bergerak ke...","shapes","🧭",0,0,"=",3,25,"[""Kanan"",""Atas"",""Bawah / Mundur""]","Jawaban pilihan [3] adalah yang paling tepat!"
"q_coding_navigasi_158","coding_navigasi","Jika ada tembok di depan Robot, apa yang harus dilakukan Robot agar tidak menabrak?","shapes","🧭",0,0,"=",1,25,"[""Belok ke kiri atau ke kanan"",""Tidur di tempat"",""Terus jalan menerobos tembok""]","Jawaban pilihan [1] adalah yang paling tepat!"
"q_coding_navigasi_159","coding_navigasi","Lebah 🐝 ingin menghampiri bunga 🌺 yang ada di belakangnya. Lebah harus...","shapes","🧭",0,0,"=",2,25,"[""Lompat ke langit"",""Putar balik / mundur ke belakang"",""Maju lurus ke depan""]","Jawaban pilihan [2] adalah yang paling tepat!"
"q_coding_navigasi_160","coding_navigasi","Semut berjalan 1 langkah ke depan, lalu 1 langkah ke kanan. Ke mana semut bergerak terakhir?","shapes","🧭",0,0,"=",3,25,"[""Ke depan"",""Ke belakang"",""Ke kanan""]","Jawaban pilihan [3] adalah yang paling tepat!"
"q_coding_navigasi_161","coding_navigasi","Robot ada di titik A. Untuk ke titik B yang ada di depan, Robot harus bergerak...","shapes","🧭",0,0,"=",3,25,"[""Putar balik"",""Duduk manis"",""Maju lurus""]","Jawaban pilihan [3] adalah yang paling tepat!"
"q_coding_navigasi_162","coding_navigasi","Perintah panah (⬅️) menunjukkan gerakan ke arah...","shapes","🧭",0,0,"=",2,25,"[""Bawah"",""Kiri"",""Kanan""]","Jawaban pilihan [2] adalah yang paling tepat!"
"q_coding_navigasi_163","coding_navigasi","Perintah panah (➡️) menunjukkan gerakan ke arah...","shapes","🧭",0,0,"=",2,25,"[""Kiri"",""Kanan"",""Atas""]","Jawaban pilihan [2] adalah yang paling tepat!"
"q_coding_navigasi_164","coding_navigasi","Jika kamu berdiri menghadap ke Utara, lalu kamu berputar penuh ke belakang, kamu sekarang menghadap ke...","shapes","🧭",0,0,"=",2,25,"[""Atas langit"",""Belakang / Selatan"",""Depan""]","Jawaban pilihan [2] adalah yang paling tepat!"
"q_coding_navigasi_165","coding_navigasi","Kucing berada di kotak [1]. Ikan berada di kotak [3] di sebelah kanan. Perintah agar kucing mendapatkan ikan adalah...","shapes","🧭",0,0,"=",3,25,"[""Lompat ke kiri"",""Mundur 2 langkah ke belakang"",""Maju 2 langkah ke kanan""]","Jawaban pilihan [3] adalah yang paling tepat!"
"q_coding_navigasi_166","coding_navigasi","Mobil mainan menghadap ke depan. Jika ingin berbelok ke tempat parkir di sebelah kiri, perintahnya adalah...","shapes","🧭",0,0,"=",3,25,"[""Belok kanan"",""Mundur ke belakang"",""Belok kiri""]","Jawaban pilihan [3] adalah yang paling tepat!"
"q_coding_navigasi_167","coding_navigasi","Semut ingin naik ke atas meja. Arah langkah yang benar adalah...","shapes","🧭",0,0,"=",1,25,"[""Berjalan naik ke atas"",""Barjalan turun ke bawah"",""Mundur ke samping""]","Jawaban pilihan [1] adalah yang paling tepat!"
"q_coding_navigasi_168","coding_navigasi","Robot berjalan ke depan 3 langkah, lalu belok kanan 1 langkah. Apa yang dilakukan robot pertama kali?","shapes","🧭",0,0,"=",2,25,"[""Berhenti di tempat"",""Maju ke depan 3 langkah"",""Belok kanan 1 langkah""]","Jawaban pilihan [2] adalah yang paling tepat!"
"q_coding_navigasi_169","coding_navigasi","Kelinci ingin melompati rintangan di depannya. Gerakan yang tepat adalah...","shapes","🧭",0,0,"=",3,25,"[""Mundur dan duduk"",""Mendorong rintangan sampai roboh"",""Lompat ke atas melewati rintangan""]","Jawaban pilihan [3] adalah yang paling tepat!"
"q_coding_navigasi_170","coding_navigasi","Burung terbang di udara menuju sarang di sebelah kanan. Arah burung adalah...","shapes","🧭",0,0,"=",2,25,"[""Ke bawah tanah"",""Ke kanan"",""Ke kiri""]","Jawaban pilihan [2] adalah yang paling tepat!"
"q_coding_navigasi_171","coding_navigasi","Anak panah menunjuk ke atas (⬆️). Itu artinya perintah untuk bergerak ke...","shapes","🧭",0,0,"=",1,25,"[""Atas / Depan"",""Samping Kiri"",""Bawah / Belakang""]","Jawaban pilihan [1] adalah yang paling tepat!"
"q_coding_navigasi_172","coding_navigasi","Anak panah menunjuk ke bawah (⬇️). Artinya kita harus bergerak ke...","shapes","🧭",0,0,"=",1,25,"[""Bawah / Mundur"",""Kanan"",""Atas""]","Jawaban pilihan [1] adalah yang paling tepat!"
"q_coding_navigasi_173","coding_navigasi","Jika ada tembok di depan Robot, apa yang harus dilakukan Robot agar tidak menabrak?","shapes","🧭",0,0,"=",1,25,"[""Belok ke kiri atau ke kanan"",""Terus jalan menerobos tembok"",""Tidur di tempat""]","Jawaban pilihan [1] adalah yang paling tepat!"
"q_coding_navigasi_174","coding_navigasi","Lebah 🐝 ingin menghampiri bunga 🌺 yang ada di belakangnya. Lebah harus...","shapes","🧭",0,0,"=",3,25,"[""Lompat ke langit"",""Maju lurus ke depan"",""Putar balik / mundur ke belakang""]","Jawaban pilihan [3] adalah yang paling tepat!"
"q_coding_navigasi_175","coding_navigasi","Semut berjalan 1 langkah ke depan, lalu 1 langkah ke kanan. Ke mana semut bergerak terakhir?","shapes","🧭",0,0,"=",2,25,"[""Ke depan"",""Ke kanan"",""Ke belakang""]","Jawaban pilihan [2] adalah yang paling tepat!"
"q_coding_navigasi_176","coding_navigasi","Robot ada di titik A. Untuk ke titik B yang ada di depan, Robot harus bergerak...","shapes","🧭",0,0,"=",2,25,"[""Putar balik"",""Maju lurus"",""Duduk manis""]","Jawaban pilihan [2] adalah yang paling tepat!"
"q_coding_navigasi_177","coding_navigasi","Perintah panah (⬅️) menunjukkan gerakan ke arah...","shapes","🧭",0,0,"=",2,25,"[""Bawah"",""Kiri"",""Kanan""]","Jawaban pilihan [2] adalah yang paling tepat!"
"q_coding_navigasi_178","coding_navigasi","Perintah panah (➡️) menunjukkan gerakan ke arah...","shapes","🧭",0,0,"=",3,25,"[""Kiri"",""Atas"",""Kanan""]","Jawaban pilihan [3] adalah yang paling tepat!"
"q_coding_navigasi_179","coding_navigasi","Jika kamu berdiri menghadap ke Utara, lalu kamu berputar penuh ke belakang, kamu sekarang menghadap ke...","shapes","🧭",0,0,"=",3,25,"[""Atas langit"",""Depan"",""Belakang / Selatan""]","Jawaban pilihan [3] adalah yang paling tepat!"
"q_coding_navigasi_180","coding_navigasi","Kucing berada di kotak [1]. Ikan berada di kotak [3] di sebelah kanan. Perintah agar kucing mendapatkan ikan adalah...","shapes","🧭",0,0,"=",2,25,"[""Lompat ke kiri"",""Maju 2 langkah ke kanan"",""Mundur 2 langkah ke belakang""]","Jawaban pilihan [2] adalah yang paling tepat!"
"q_coding_navigasi_181","coding_navigasi","Mobil mainan menghadap ke depan. Jika ingin berbelok ke tempat parkir di sebelah kiri, perintahnya adalah...","shapes","🧭",0,0,"=",1,25,"[""Belok kiri"",""Belok kanan"",""Mundur ke belakang""]","Jawaban pilihan [1] adalah yang paling tepat!"
"q_coding_navigasi_182","coding_navigasi","Semut ingin naik ke atas meja. Arah langkah yang benar adalah...","shapes","🧭",0,0,"=",1,25,"[""Berjalan naik ke atas"",""Barjalan turun ke bawah"",""Mundur ke samping""]","Jawaban pilihan [1] adalah yang paling tepat!"
"q_coding_navigasi_183","coding_navigasi","Robot berjalan ke depan 3 langkah, lalu belok kanan 1 langkah. Apa yang dilakukan robot pertama kali?","shapes","🧭",0,0,"=",2,25,"[""Berhenti di tempat"",""Maju ke depan 3 langkah"",""Belok kanan 1 langkah""]","Jawaban pilihan [2] adalah yang paling tepat!"
"q_coding_navigasi_184","coding_navigasi","Kelinci ingin melompati rintangan di depannya. Gerakan yang tepat adalah...","shapes","🧭",0,0,"=",2,25,"[""Mundur dan duduk"",""Lompat ke atas melewati rintangan"",""Mendorong rintangan sampai roboh""]","Jawaban pilihan [2] adalah yang paling tepat!"
"q_coding_navigasi_185","coding_navigasi","Burung terbang di udara menuju sarang di sebelah kanan. Arah burung adalah...","shapes","🧭",0,0,"=",3,25,"[""Ke kiri"",""Ke bawah tanah"",""Ke kanan""]","Jawaban pilihan [3] adalah yang paling tepat!"
"q_coding_navigasi_186","coding_navigasi","Anak panah menunjuk ke atas (⬆️). Itu artinya perintah untuk bergerak ke...","shapes","🧭",0,0,"=",2,25,"[""Samping Kiri"",""Atas / Depan"",""Bawah / Belakang""]","Jawaban pilihan [2] adalah yang paling tepat!"
"q_coding_navigasi_187","coding_navigasi","Anak panah menunjuk ke bawah (⬇️). Artinya kita harus bergerak ke...","shapes","🧭",0,0,"=",1,25,"[""Bawah / Mundur"",""Kanan"",""Atas""]","Jawaban pilihan [1] adalah yang paling tepat!"
"q_coding_navigasi_188","coding_navigasi","Jika ada tembok di depan Robot, apa yang harus dilakukan Robot agar tidak menabrak?","shapes","🧭",0,0,"=",2,25,"[""Tidur di tempat"",""Belok ke kiri atau ke kanan"",""Terus jalan menerobos tembok""]","Jawaban pilihan [2] adalah yang paling tepat!"
"q_coding_navigasi_189","coding_navigasi","Lebah 🐝 ingin menghampiri bunga 🌺 yang ada di belakangnya. Lebah harus...","shapes","🧭",0,0,"=",1,25,"[""Putar balik / mundur ke belakang"",""Maju lurus ke depan"",""Lompat ke langit""]","Jawaban pilihan [1] adalah yang paling tepat!"
"q_coding_navigasi_190","coding_navigasi","Semut berjalan 1 langkah ke depan, lalu 1 langkah ke kanan. Ke mana semut bergerak terakhir?","shapes","🧭",0,0,"=",2,25,"[""Ke depan"",""Ke kanan"",""Ke belakang""]","Jawaban pilihan [2] adalah yang paling tepat!"
"q_coding_navigasi_191","coding_navigasi","Robot ada di titik A. Untuk ke titik B yang ada di depan, Robot harus bergerak...","shapes","🧭",0,0,"=",1,25,"[""Maju lurus"",""Duduk manis"",""Putar balik""]","Jawaban pilihan [1] adalah yang paling tepat!"
"q_coding_navigasi_192","coding_navigasi","Perintah panah (⬅️) menunjukkan gerakan ke arah...","shapes","🧭",0,0,"=",1,25,"[""Kiri"",""Kanan"",""Bawah""]","Jawaban pilihan [1] adalah yang paling tepat!"
"q_coding_navigasi_193","coding_navigasi","Perintah panah (➡️) menunjukkan gerakan ke arah...","shapes","🧭",0,0,"=",3,25,"[""Kiri"",""Atas"",""Kanan""]","Jawaban pilihan [3] adalah yang paling tepat!"
"q_coding_navigasi_194","coding_navigasi","Jika kamu berdiri menghadap ke Utara, lalu kamu berputar penuh ke belakang, kamu sekarang menghadap ke...","shapes","🧭",0,0,"=",1,25,"[""Belakang / Selatan"",""Depan"",""Atas langit""]","Jawaban pilihan [1] adalah yang paling tepat!"
"q_coding_navigasi_195","coding_navigasi","Kucing berada di kotak [1]. Ikan berada di kotak [3] di sebelah kanan. Perintah agar kucing mendapatkan ikan adalah...","shapes","🧭",0,0,"=",3,25,"[""Mundur 2 langkah ke belakang"",""Lompat ke kiri"",""Maju 2 langkah ke kanan""]","Jawaban pilihan [3] adalah yang paling tepat!"
"q_coding_navigasi_196","coding_navigasi","Mobil mainan menghadap ke depan. Jika ingin berbelok ke tempat parkir di sebelah kiri, perintahnya adalah...","shapes","🧭",0,0,"=",2,25,"[""Mundur ke belakang"",""Belok kiri"",""Belok kanan""]","Jawaban pilihan [2] adalah yang paling tepat!"
"q_coding_navigasi_197","coding_navigasi","Semut ingin naik ke atas meja. Arah langkah yang benar adalah...","shapes","🧭",0,0,"=",2,25,"[""Mundur ke samping"",""Berjalan naik ke atas"",""Barjalan turun ke bawah""]","Jawaban pilihan [2] adalah yang paling tepat!"
"q_coding_navigasi_198","coding_navigasi","Robot berjalan ke depan 3 langkah, lalu belok kanan 1 langkah. Apa yang dilakukan robot pertama kali?","shapes","🧭",0,0,"=",1,25,"[""Maju ke depan 3 langkah"",""Berhenti di tempat"",""Belok kanan 1 langkah""]","Jawaban pilihan [1] adalah yang paling tepat!"
"q_coding_navigasi_199","coding_navigasi","Kelinci ingin melompati rintangan di depannya. Gerakan yang tepat adalah...","shapes","🧭",0,0,"=",1,25,"[""Lompat ke atas melewati rintangan"",""Mundur dan duduk"",""Mendorong rintangan sampai roboh""]","Jawaban pilihan [1] adalah yang paling tepat!"
"q_coding_navigasi_200","coding_navigasi","Burung terbang di udara menuju sarang di sebelah kanan. Arah burung adalah...","shapes","🧭",0,0,"=",3,25,"[""Ke bawah tanah"",""Ke kiri"",""Ke kanan""]","Jawaban pilihan [3] adalah yang paling tepat!"
"q_coding_navigasi_201","coding_navigasi","Anak panah menunjuk ke atas (⬆️). Itu artinya perintah untuk bergerak ke...","shapes","🧭",0,0,"=",2,25,"[""Bawah / Belakang"",""Atas / Depan"",""Samping Kiri""]","Jawaban pilihan [2] adalah yang paling tepat!"
"q_coding_navigasi_202","coding_navigasi","Anak panah menunjuk ke bawah (⬇️). Artinya kita harus bergerak ke...","shapes","🧭",0,0,"=",2,25,"[""Atas"",""Bawah / Mundur"",""Kanan""]","Jawaban pilihan [2] adalah yang paling tepat!"
"q_coding_navigasi_203","coding_navigasi","Jika ada tembok di depan Robot, apa yang harus dilakukan Robot agar tidak menabrak?","shapes","🧭",0,0,"=",2,25,"[""Terus jalan menerobos tembok"",""Belok ke kiri atau ke kanan"",""Tidur di tempat""]","Jawaban pilihan [2] adalah yang paling tepat!"
"q_coding_navigasi_204","coding_navigasi","Lebah 🐝 ingin menghampiri bunga 🌺 yang ada di belakangnya. Lebah harus...","shapes","🧭",0,0,"=",1,25,"[""Putar balik / mundur ke belakang"",""Lompat ke langit"",""Maju lurus ke depan""]","Jawaban pilihan [1] adalah yang paling tepat!"
"q_coding_navigasi_205","coding_navigasi","Semut berjalan 1 langkah ke depan, lalu 1 langkah ke kanan. Ke mana semut bergerak terakhir?","shapes","🧭",0,0,"=",1,25,"[""Ke kanan"",""Ke depan"",""Ke belakang""]","Jawaban pilihan [1] adalah yang paling tepat!"
"q_coding_navigasi_206","coding_navigasi","Robot ada di titik A. Untuk ke titik B yang ada di depan, Robot harus bergerak...","shapes","🧭",0,0,"=",3,25,"[""Putar balik"",""Duduk manis"",""Maju lurus""]","Jawaban pilihan [3] adalah yang paling tepat!"
"q_coding_navigasi_207","coding_navigasi","Perintah panah (⬅️) menunjukkan gerakan ke arah...","shapes","🧭",0,0,"=",1,25,"[""Kiri"",""Bawah"",""Kanan""]","Jawaban pilihan [1] adalah yang paling tepat!"
"q_coding_navigasi_208","coding_navigasi","Perintah panah (➡️) menunjukkan gerakan ke arah...","shapes","🧭",0,0,"=",2,25,"[""Atas"",""Kanan"",""Kiri""]","Jawaban pilihan [2] adalah yang paling tepat!"
"q_coding_navigasi_209","coding_navigasi","Jika kamu berdiri menghadap ke Utara, lalu kamu berputar penuh ke belakang, kamu sekarang menghadap ke...","shapes","🧭",0,0,"=",2,25,"[""Depan"",""Belakang / Selatan"",""Atas langit""]","Jawaban pilihan [2] adalah yang paling tepat!"
"q_coding_navigasi_210","coding_navigasi","Kucing berada di kotak [1]. Ikan berada di kotak [3] di sebelah kanan. Perintah agar kucing mendapatkan ikan adalah...","shapes","🧭",0,0,"=",2,25,"[""Lompat ke kiri"",""Maju 2 langkah ke kanan"",""Mundur 2 langkah ke belakang""]","Jawaban pilihan [2] adalah yang paling tepat!"
"q_coding_navigasi_211","coding_navigasi","Mobil mainan menghadap ke depan. Jika ingin berbelok ke tempat parkir di sebelah kiri, perintahnya adalah...","shapes","🧭",0,0,"=",2,25,"[""Belok kanan"",""Belok kiri"",""Mundur ke belakang""]","Jawaban pilihan [2] adalah yang paling tepat!"
"q_coding_navigasi_212","coding_navigasi","Semut ingin naik ke atas meja. Arah langkah yang benar adalah...","shapes","🧭",0,0,"=",1,25,"[""Berjalan naik ke atas"",""Mundur ke samping"",""Barjalan turun ke bawah""]","Jawaban pilihan [1] adalah yang paling tepat!"
"q_coding_navigasi_213","coding_navigasi","Robot berjalan ke depan 3 langkah, lalu belok kanan 1 langkah. Apa yang dilakukan robot pertama kali?","shapes","🧭",0,0,"=",2,25,"[""Belok kanan 1 langkah"",""Maju ke depan 3 langkah"",""Berhenti di tempat""]","Jawaban pilihan [2] adalah yang paling tepat!"
"q_coding_navigasi_214","coding_navigasi","Kelinci ingin melompati rintangan di depannya. Gerakan yang tepat adalah...","shapes","🧭",0,0,"=",1,25,"[""Lompat ke atas melewati rintangan"",""Mundur dan duduk"",""Mendorong rintangan sampai roboh""]","Jawaban pilihan [1] adalah yang paling tepat!"
"q_coding_navigasi_215","coding_navigasi","Burung terbang di udara menuju sarang di sebelah kanan. Arah burung adalah...","shapes","🧭",0,0,"=",3,25,"[""Ke kiri"",""Ke bawah tanah"",""Ke kanan""]","Jawaban pilihan [3] adalah yang paling tepat!"
"q_coding_navigasi_216","coding_navigasi","Anak panah menunjuk ke atas (⬆️). Itu artinya perintah untuk bergerak ke...","shapes","🧭",0,0,"=",3,25,"[""Bawah / Belakang"",""Samping Kiri"",""Atas / Depan""]","Jawaban pilihan [3] adalah yang paling tepat!"
"q_coding_navigasi_217","coding_navigasi","Anak panah menunjuk ke bawah (⬇️). Artinya kita harus bergerak ke...","shapes","🧭",0,0,"=",1,25,"[""Bawah / Mundur"",""Kanan"",""Atas""]","Jawaban pilihan [1] adalah yang paling tepat!"
"q_coding_navigasi_218","coding_navigasi","Jika ada tembok di depan Robot, apa yang harus dilakukan Robot agar tidak menabrak?","shapes","🧭",0,0,"=",2,25,"[""Terus jalan menerobos tembok"",""Belok ke kiri atau ke kanan"",""Tidur di tempat""]","Jawaban pilihan [2] adalah yang paling tepat!"
"q_coding_navigasi_219","coding_navigasi","Lebah 🐝 ingin menghampiri bunga 🌺 yang ada di belakangnya. Lebah harus...","shapes","🧭",0,0,"=",3,25,"[""Maju lurus ke depan"",""Lompat ke langit"",""Putar balik / mundur ke belakang""]","Jawaban pilihan [3] adalah yang paling tepat!"
"q_coding_navigasi_220","coding_navigasi","Semut berjalan 1 langkah ke depan, lalu 1 langkah ke kanan. Ke mana semut bergerak terakhir?","shapes","🧭",0,0,"=",3,25,"[""Ke belakang"",""Ke depan"",""Ke kanan""]","Jawaban pilihan [3] adalah yang paling tepat!"
"q_coding_navigasi_221","coding_navigasi","Robot ada di titik A. Untuk ke titik B yang ada di depan, Robot harus bergerak...","shapes","🧭",0,0,"=",3,25,"[""Duduk manis"",""Putar balik"",""Maju lurus""]","Jawaban pilihan [3] adalah yang paling tepat!"
"q_coding_navigasi_222","coding_navigasi","Perintah panah (⬅️) menunjukkan gerakan ke arah...","shapes","🧭",0,0,"=",3,25,"[""Bawah"",""Kanan"",""Kiri""]","Jawaban pilihan [3] adalah yang paling tepat!"
"q_coding_navigasi_223","coding_navigasi","Perintah panah (➡️) menunjukkan gerakan ke arah...","shapes","🧭",0,0,"=",2,25,"[""Atas"",""Kanan"",""Kiri""]","Jawaban pilihan [2] adalah yang paling tepat!"
"q_coding_navigasi_224","coding_navigasi","Jika kamu berdiri menghadap ke Utara, lalu kamu berputar penuh ke belakang, kamu sekarang menghadap ke...","shapes","🧭",0,0,"=",3,25,"[""Atas langit"",""Depan"",""Belakang / Selatan""]","Jawaban pilihan [3] adalah yang paling tepat!"
"q_coding_navigasi_225","coding_navigasi","Kucing berada di kotak [1]. Ikan berada di kotak [3] di sebelah kanan. Perintah agar kucing mendapatkan ikan adalah...","shapes","🧭",0,0,"=",1,25,"[""Maju 2 langkah ke kanan"",""Mundur 2 langkah ke belakang"",""Lompat ke kiri""]","Jawaban pilihan [1] adalah yang paling tepat!"
"q_coding_navigasi_226","coding_navigasi","Mobil mainan menghadap ke depan. Jika ingin berbelok ke tempat parkir di sebelah kiri, perintahnya adalah...","shapes","🧭",0,0,"=",3,25,"[""Belok kanan"",""Mundur ke belakang"",""Belok kiri""]","Jawaban pilihan [3] adalah yang paling tepat!"
"q_coding_navigasi_227","coding_navigasi","Semut ingin naik ke atas meja. Arah langkah yang benar adalah...","shapes","🧭",0,0,"=",2,25,"[""Mundur ke samping"",""Berjalan naik ke atas"",""Barjalan turun ke bawah""]","Jawaban pilihan [2] adalah yang paling tepat!"
"q_coding_navigasi_228","coding_navigasi","Robot berjalan ke depan 3 langkah, lalu belok kanan 1 langkah. Apa yang dilakukan robot pertama kali?","shapes","🧭",0,0,"=",1,25,"[""Maju ke depan 3 langkah"",""Belok kanan 1 langkah"",""Berhenti di tempat""]","Jawaban pilihan [1] adalah yang paling tepat!"
"q_coding_navigasi_229","coding_navigasi","Kelinci ingin melompati rintangan di depannya. Gerakan yang tepat adalah...","shapes","🧭",0,0,"=",3,25,"[""Mendorong rintangan sampai roboh"",""Mundur dan duduk"",""Lompat ke atas melewati rintangan""]","Jawaban pilihan [3] adalah yang paling tepat!"
"q_coding_navigasi_230","coding_navigasi","Burung terbang di udara menuju sarang di sebelah kanan. Arah burung adalah...","shapes","🧭",0,0,"=",1,25,"[""Ke kanan"",""Ke bawah tanah"",""Ke kiri""]","Jawaban pilihan [1] adalah yang paling tepat!"
"q_coding_navigasi_231","coding_navigasi","Anak panah menunjuk ke atas (⬆️). Itu artinya perintah untuk bergerak ke...","shapes","🧭",0,0,"=",2,25,"[""Samping Kiri"",""Atas / Depan"",""Bawah / Belakang""]","Jawaban pilihan [2] adalah yang paling tepat!"
"q_coding_navigasi_232","coding_navigasi","Anak panah menunjuk ke bawah (⬇️). Artinya kita harus bergerak ke...","shapes","🧭",0,0,"=",3,25,"[""Atas"",""Kanan"",""Bawah / Mundur""]","Jawaban pilihan [3] adalah yang paling tepat!"
"q_coding_navigasi_233","coding_navigasi","Jika ada tembok di depan Robot, apa yang harus dilakukan Robot agar tidak menabrak?","shapes","🧭",0,0,"=",3,25,"[""Terus jalan menerobos tembok"",""Tidur di tempat"",""Belok ke kiri atau ke kanan""]","Jawaban pilihan [3] adalah yang paling tepat!"
"q_coding_navigasi_234","coding_navigasi","Lebah 🐝 ingin menghampiri bunga 🌺 yang ada di belakangnya. Lebah harus...","shapes","🧭",0,0,"=",1,25,"[""Putar balik / mundur ke belakang"",""Maju lurus ke depan"",""Lompat ke langit""]","Jawaban pilihan [1] adalah yang paling tepat!"
"q_coding_navigasi_235","coding_navigasi","Semut berjalan 1 langkah ke depan, lalu 1 langkah ke kanan. Ke mana semut bergerak terakhir?","shapes","🧭",0,0,"=",1,25,"[""Ke kanan"",""Ke belakang"",""Ke depan""]","Jawaban pilihan [1] adalah yang paling tepat!"
"q_coding_navigasi_236","coding_navigasi","Robot ada di titik A. Untuk ke titik B yang ada di depan, Robot harus bergerak...","shapes","🧭",0,0,"=",1,25,"[""Maju lurus"",""Duduk manis"",""Putar balik""]","Jawaban pilihan [1] adalah yang paling tepat!"
"q_coding_navigasi_237","coding_navigasi","Perintah panah (⬅️) menunjukkan gerakan ke arah...","shapes","🧭",0,0,"=",3,25,"[""Bawah"",""Kanan"",""Kiri""]","Jawaban pilihan [3] adalah yang paling tepat!"
"q_coding_navigasi_238","coding_navigasi","Perintah panah (➡️) menunjukkan gerakan ke arah...","shapes","🧭",0,0,"=",3,25,"[""Kiri"",""Atas"",""Kanan""]","Jawaban pilihan [3] adalah yang paling tepat!"
"q_coding_navigasi_239","coding_navigasi","Jika kamu berdiri menghadap ke Utara, lalu kamu berputar penuh ke belakang, kamu sekarang menghadap ke...","shapes","🧭",0,0,"=",3,25,"[""Atas langit"",""Depan"",""Belakang / Selatan""]","Jawaban pilihan [3] adalah yang paling tepat!"
"q_coding_navigasi_240","coding_navigasi","Kucing berada di kotak [1]. Ikan berada di kotak [3] di sebelah kanan. Perintah agar kucing mendapatkan ikan adalah...","shapes","🧭",0,0,"=",2,25,"[""Mundur 2 langkah ke belakang"",""Maju 2 langkah ke kanan"",""Lompat ke kiri""]","Jawaban pilihan [2] adalah yang paling tepat!"
"q_coding_navigasi_241","coding_navigasi","Mobil mainan menghadap ke depan. Jika ingin berbelok ke tempat parkir di sebelah kiri, perintahnya adalah...","shapes","🧭",0,0,"=",1,25,"[""Belok kiri"",""Belok kanan"",""Mundur ke belakang""]","Jawaban pilihan [1] adalah yang paling tepat!"
"q_coding_navigasi_242","coding_navigasi","Semut ingin naik ke atas meja. Arah langkah yang benar adalah...","shapes","🧭",0,0,"=",2,25,"[""Barjalan turun ke bawah"",""Berjalan naik ke atas"",""Mundur ke samping""]","Jawaban pilihan [2] adalah yang paling tepat!"
"q_coding_navigasi_243","coding_navigasi","Robot berjalan ke depan 3 langkah, lalu belok kanan 1 langkah. Apa yang dilakukan robot pertama kali?","shapes","🧭",0,0,"=",1,25,"[""Maju ke depan 3 langkah"",""Belok kanan 1 langkah"",""Berhenti di tempat""]","Jawaban pilihan [1] adalah yang paling tepat!"
"q_coding_navigasi_244","coding_navigasi","Kelinci ingin melompati rintangan di depannya. Gerakan yang tepat adalah...","shapes","🧭",0,0,"=",1,25,"[""Lompat ke atas melewati rintangan"",""Mundur dan duduk"",""Mendorong rintangan sampai roboh""]","Jawaban pilihan [1] adalah yang paling tepat!"
"q_coding_navigasi_245","coding_navigasi","Burung terbang di udara menuju sarang di sebelah kanan. Arah burung adalah...","shapes","🧭",0,0,"=",1,25,"[""Ke kanan"",""Ke bawah tanah"",""Ke kiri""]","Jawaban pilihan [1] adalah yang paling tepat!"
"q_coding_navigasi_246","coding_navigasi","Anak panah menunjuk ke atas (⬆️). Itu artinya perintah untuk bergerak ke...","shapes","🧭",0,0,"=",2,25,"[""Samping Kiri"",""Atas / Depan"",""Bawah / Belakang""]","Jawaban pilihan [2] adalah yang paling tepat!"
"q_coding_navigasi_247","coding_navigasi","Anak panah menunjuk ke bawah (⬇️). Artinya kita harus bergerak ke...","shapes","🧭",0,0,"=",3,25,"[""Kanan"",""Atas"",""Bawah / Mundur""]","Jawaban pilihan [3] adalah yang paling tepat!"
"q_coding_navigasi_248","coding_navigasi","Jika ada tembok di depan Robot, apa yang harus dilakukan Robot agar tidak menabrak?","shapes","🧭",0,0,"=",1,25,"[""Belok ke kiri atau ke kanan"",""Terus jalan menerobos tembok"",""Tidur di tempat""]","Jawaban pilihan [1] adalah yang paling tepat!"
"q_coding_navigasi_249","coding_navigasi","Lebah 🐝 ingin menghampiri bunga 🌺 yang ada di belakangnya. Lebah harus...","shapes","🧭",0,0,"=",1,25,"[""Putar balik / mundur ke belakang"",""Lompat ke langit"",""Maju lurus ke depan""]","Jawaban pilihan [1] adalah yang paling tepat!"
"q_coding_navigasi_250","coding_navigasi","Semut berjalan 1 langkah ke depan, lalu 1 langkah ke kanan. Ke mana semut bergerak terakhir?","shapes","🧭",0,0,"=",1,25,"[""Ke kanan"",""Ke depan"",""Ke belakang""]","Jawaban pilihan [1] adalah yang paling tepat!"
"q_coding_navigasi_251","coding_navigasi","Robot ada di titik A. Untuk ke titik B yang ada di depan, Robot harus bergerak...","shapes","🧭",0,0,"=",3,25,"[""Putar balik"",""Duduk manis"",""Maju lurus""]","Jawaban pilihan [3] adalah yang paling tepat!"
"q_coding_navigasi_252","coding_navigasi","Perintah panah (⬅️) menunjukkan gerakan ke arah...","shapes","🧭",0,0,"=",3,25,"[""Kanan"",""Bawah"",""Kiri""]","Jawaban pilihan [3] adalah yang paling tepat!"
"q_coding_navigasi_253","coding_navigasi","Perintah panah (➡️) menunjukkan gerakan ke arah...","shapes","🧭",0,0,"=",1,25,"[""Kanan"",""Atas"",""Kiri""]","Jawaban pilihan [1] adalah yang paling tepat!"
"q_coding_navigasi_254","coding_navigasi","Jika kamu berdiri menghadap ke Utara, lalu kamu berputar penuh ke belakang, kamu sekarang menghadap ke...","shapes","🧭",0,0,"=",2,25,"[""Depan"",""Belakang / Selatan"",""Atas langit""]","Jawaban pilihan [2] adalah yang paling tepat!"
"q_coding_navigasi_255","coding_navigasi","Kucing berada di kotak [1]. Ikan berada di kotak [3] di sebelah kanan. Perintah agar kucing mendapatkan ikan adalah...","shapes","🧭",0,0,"=",3,25,"[""Mundur 2 langkah ke belakang"",""Lompat ke kiri"",""Maju 2 langkah ke kanan""]","Jawaban pilihan [3] adalah yang paling tepat!"
"q_coding_navigasi_256","coding_navigasi","Mobil mainan menghadap ke depan. Jika ingin berbelok ke tempat parkir di sebelah kiri, perintahnya adalah...","shapes","🧭",0,0,"=",3,25,"[""Mundur ke belakang"",""Belok kanan"",""Belok kiri""]","Jawaban pilihan [3] adalah yang paling tepat!"
"q_coding_navigasi_257","coding_navigasi","Semut ingin naik ke atas meja. Arah langkah yang benar adalah...","shapes","🧭",0,0,"=",1,25,"[""Berjalan naik ke atas"",""Mundur ke samping"",""Barjalan turun ke bawah""]","Jawaban pilihan [1] adalah yang paling tepat!"
"q_coding_navigasi_258","coding_navigasi","Robot berjalan ke depan 3 langkah, lalu belok kanan 1 langkah. Apa yang dilakukan robot pertama kali?","shapes","🧭",0,0,"=",1,25,"[""Maju ke depan 3 langkah"",""Belok kanan 1 langkah"",""Berhenti di tempat""]","Jawaban pilihan [1] adalah yang paling tepat!"
"q_coding_navigasi_259","coding_navigasi","Kelinci ingin melompati rintangan di depannya. Gerakan yang tepat adalah...","shapes","🧭",0,0,"=",1,25,"[""Lompat ke atas melewati rintangan"",""Mundur dan duduk"",""Mendorong rintangan sampai roboh""]","Jawaban pilihan [1] adalah yang paling tepat!"
"q_coding_navigasi_260","coding_navigasi","Burung terbang di udara menuju sarang di sebelah kanan. Arah burung adalah...","shapes","🧭",0,0,"=",2,25,"[""Ke bawah tanah"",""Ke kanan"",""Ke kiri""]","Jawaban pilihan [2] adalah yang paling tepat!"
"q_coding_navigasi_261","coding_navigasi","Anak panah menunjuk ke atas (⬆️). Itu artinya perintah untuk bergerak ke...","shapes","🧭",0,0,"=",3,25,"[""Samping Kiri"",""Bawah / Belakang"",""Atas / Depan""]","Jawaban pilihan [3] adalah yang paling tepat!"
"q_coding_navigasi_262","coding_navigasi","Anak panah menunjuk ke bawah (⬇️). Artinya kita harus bergerak ke...","shapes","🧭",0,0,"=",1,25,"[""Bawah / Mundur"",""Kanan"",""Atas""]","Jawaban pilihan [1] adalah yang paling tepat!"
"q_coding_navigasi_263","coding_navigasi","Jika ada tembok di depan Robot, apa yang harus dilakukan Robot agar tidak menabrak?","shapes","🧭",0,0,"=",2,25,"[""Terus jalan menerobos tembok"",""Belok ke kiri atau ke kanan"",""Tidur di tempat""]","Jawaban pilihan [2] adalah yang paling tepat!"
"q_coding_navigasi_264","coding_navigasi","Lebah 🐝 ingin menghampiri bunga 🌺 yang ada di belakangnya. Lebah harus...","shapes","🧭",0,0,"=",1,25,"[""Putar balik / mundur ke belakang"",""Lompat ke langit"",""Maju lurus ke depan""]","Jawaban pilihan [1] adalah yang paling tepat!"
"q_coding_navigasi_265","coding_navigasi","Semut berjalan 1 langkah ke depan, lalu 1 langkah ke kanan. Ke mana semut bergerak terakhir?","shapes","🧭",0,0,"=",3,25,"[""Ke belakang"",""Ke depan"",""Ke kanan""]","Jawaban pilihan [3] adalah yang paling tepat!"
"q_coding_navigasi_266","coding_navigasi","Robot ada di titik A. Untuk ke titik B yang ada di depan, Robot harus bergerak...","shapes","🧭",0,0,"=",1,25,"[""Maju lurus"",""Putar balik"",""Duduk manis""]","Jawaban pilihan [1] adalah yang paling tepat!"
"q_coding_navigasi_267","coding_navigasi","Perintah panah (⬅️) menunjukkan gerakan ke arah...","shapes","🧭",0,0,"=",1,25,"[""Kiri"",""Kanan"",""Bawah""]","Jawaban pilihan [1] adalah yang paling tepat!"
"q_coding_navigasi_268","coding_navigasi","Perintah panah (➡️) menunjukkan gerakan ke arah...","shapes","🧭",0,0,"=",3,25,"[""Atas"",""Kiri"",""Kanan""]","Jawaban pilihan [3] adalah yang paling tepat!"
"q_coding_navigasi_269","coding_navigasi","Jika kamu berdiri menghadap ke Utara, lalu kamu berputar penuh ke belakang, kamu sekarang menghadap ke...","shapes","🧭",0,0,"=",3,25,"[""Depan"",""Atas langit"",""Belakang / Selatan""]","Jawaban pilihan [3] adalah yang paling tepat!"
"q_coding_navigasi_270","coding_navigasi","Kucing berada di kotak [1]. Ikan berada di kotak [3] di sebelah kanan. Perintah agar kucing mendapatkan ikan adalah...","shapes","🧭",0,0,"=",3,25,"[""Lompat ke kiri"",""Mundur 2 langkah ke belakang"",""Maju 2 langkah ke kanan""]","Jawaban pilihan [3] adalah yang paling tepat!"
"q_coding_navigasi_271","coding_navigasi","Mobil mainan menghadap ke depan. Jika ingin berbelok ke tempat parkir di sebelah kiri, perintahnya adalah...","shapes","🧭",0,0,"=",1,25,"[""Belok kiri"",""Mundur ke belakang"",""Belok kanan""]","Jawaban pilihan [1] adalah yang paling tepat!"
"q_coding_navigasi_272","coding_navigasi","Semut ingin naik ke atas meja. Arah langkah yang benar adalah...","shapes","🧭",0,0,"=",2,25,"[""Barjalan turun ke bawah"",""Berjalan naik ke atas"",""Mundur ke samping""]","Jawaban pilihan [2] adalah yang paling tepat!"
"q_coding_navigasi_273","coding_navigasi","Robot berjalan ke depan 3 langkah, lalu belok kanan 1 langkah. Apa yang dilakukan robot pertama kali?","shapes","🧭",0,0,"=",2,25,"[""Belok kanan 1 langkah"",""Maju ke depan 3 langkah"",""Berhenti di tempat""]","Jawaban pilihan [2] adalah yang paling tepat!"
"q_coding_navigasi_274","coding_navigasi","Kelinci ingin melompati rintangan di depannya. Gerakan yang tepat adalah...","shapes","🧭",0,0,"=",1,25,"[""Lompat ke atas melewati rintangan"",""Mundur dan duduk"",""Mendorong rintangan sampai roboh""]","Jawaban pilihan [1] adalah yang paling tepat!"
"q_coding_navigasi_275","coding_navigasi","Burung terbang di udara menuju sarang di sebelah kanan. Arah burung adalah...","shapes","🧭",0,0,"=",3,25,"[""Ke bawah tanah"",""Ke kiri"",""Ke kanan""]","Jawaban pilihan [3] adalah yang paling tepat!"
"q_coding_navigasi_276","coding_navigasi","Anak panah menunjuk ke atas (⬆️). Itu artinya perintah untuk bergerak ke...","shapes","🧭",0,0,"=",1,25,"[""Atas / Depan"",""Samping Kiri"",""Bawah / Belakang""]","Jawaban pilihan [1] adalah yang paling tepat!"
"q_coding_navigasi_277","coding_navigasi","Anak panah menunjuk ke bawah (⬇️). Artinya kita harus bergerak ke...","shapes","🧭",0,0,"=",3,25,"[""Atas"",""Kanan"",""Bawah / Mundur""]","Jawaban pilihan [3] adalah yang paling tepat!"
"q_coding_navigasi_278","coding_navigasi","Jika ada tembok di depan Robot, apa yang harus dilakukan Robot agar tidak menabrak?","shapes","🧭",0,0,"=",2,25,"[""Terus jalan menerobos tembok"",""Belok ke kiri atau ke kanan"",""Tidur di tempat""]","Jawaban pilihan [2] adalah yang paling tepat!"
"q_coding_navigasi_279","coding_navigasi","Lebah 🐝 ingin menghampiri bunga 🌺 yang ada di belakangnya. Lebah harus...","shapes","🧭",0,0,"=",3,25,"[""Lompat ke langit"",""Maju lurus ke depan"",""Putar balik / mundur ke belakang""]","Jawaban pilihan [3] adalah yang paling tepat!"
"q_coding_navigasi_280","coding_navigasi","Semut berjalan 1 langkah ke depan, lalu 1 langkah ke kanan. Ke mana semut bergerak terakhir?","shapes","🧭",0,0,"=",1,25,"[""Ke kanan"",""Ke belakang"",""Ke depan""]","Jawaban pilihan [1] adalah yang paling tepat!"
"q_coding_navigasi_281","coding_navigasi","Robot ada di titik A. Untuk ke titik B yang ada di depan, Robot harus bergerak...","shapes","🧭",0,0,"=",1,25,"[""Maju lurus"",""Putar balik"",""Duduk manis""]","Jawaban pilihan [1] adalah yang paling tepat!"
"q_coding_navigasi_282","coding_navigasi","Perintah panah (⬅️) menunjukkan gerakan ke arah...","shapes","🧭",0,0,"=",1,25,"[""Kiri"",""Kanan"",""Bawah""]","Jawaban pilihan [1] adalah yang paling tepat!"
"q_coding_navigasi_283","coding_navigasi","Perintah panah (➡️) menunjukkan gerakan ke arah...","shapes","🧭",0,0,"=",3,25,"[""Kiri"",""Atas"",""Kanan""]","Jawaban pilihan [3] adalah yang paling tepat!"
"q_coding_navigasi_284","coding_navigasi","Jika kamu berdiri menghadap ke Utara, lalu kamu berputar penuh ke belakang, kamu sekarang menghadap ke...","shapes","🧭",0,0,"=",2,25,"[""Depan"",""Belakang / Selatan"",""Atas langit""]","Jawaban pilihan [2] adalah yang paling tepat!"
"q_coding_navigasi_285","coding_navigasi","Kucing berada di kotak [1]. Ikan berada di kotak [3] di sebelah kanan. Perintah agar kucing mendapatkan ikan adalah...","shapes","🧭",0,0,"=",2,25,"[""Lompat ke kiri"",""Maju 2 langkah ke kanan"",""Mundur 2 langkah ke belakang""]","Jawaban pilihan [2] adalah yang paling tepat!"
"q_coding_navigasi_286","coding_navigasi","Mobil mainan menghadap ke depan. Jika ingin berbelok ke tempat parkir di sebelah kiri, perintahnya adalah...","shapes","🧭",0,0,"=",2,25,"[""Mundur ke belakang"",""Belok kiri"",""Belok kanan""]","Jawaban pilihan [2] adalah yang paling tepat!"
"q_coding_navigasi_287","coding_navigasi","Semut ingin naik ke atas meja. Arah langkah yang benar adalah...","shapes","🧭",0,0,"=",3,25,"[""Mundur ke samping"",""Barjalan turun ke bawah"",""Berjalan naik ke atas""]","Jawaban pilihan [3] adalah yang paling tepat!"
"q_coding_navigasi_288","coding_navigasi","Robot berjalan ke depan 3 langkah, lalu belok kanan 1 langkah. Apa yang dilakukan robot pertama kali?","shapes","🧭",0,0,"=",2,25,"[""Belok kanan 1 langkah"",""Maju ke depan 3 langkah"",""Berhenti di tempat""]","Jawaban pilihan [2] adalah yang paling tepat!"
"q_coding_navigasi_289","coding_navigasi","Kelinci ingin melompati rintangan di depannya. Gerakan yang tepat adalah...","shapes","🧭",0,0,"=",1,25,"[""Lompat ke atas melewati rintangan"",""Mundur dan duduk"",""Mendorong rintangan sampai roboh""]","Jawaban pilihan [1] adalah yang paling tepat!"
"q_coding_navigasi_290","coding_navigasi","Burung terbang di udara menuju sarang di sebelah kanan. Arah burung adalah...","shapes","🧭",0,0,"=",2,25,"[""Ke bawah tanah"",""Ke kanan"",""Ke kiri""]","Jawaban pilihan [2] adalah yang paling tepat!"
"q_coding_navigasi_291","coding_navigasi","Anak panah menunjuk ke atas (⬆️). Itu artinya perintah untuk bergerak ke...","shapes","🧭",0,0,"=",2,25,"[""Bawah / Belakang"",""Atas / Depan"",""Samping Kiri""]","Jawaban pilihan [2] adalah yang paling tepat!"
"q_coding_navigasi_292","coding_navigasi","Anak panah menunjuk ke bawah (⬇️). Artinya kita harus bergerak ke...","shapes","🧭",0,0,"=",3,25,"[""Atas"",""Kanan"",""Bawah / Mundur""]","Jawaban pilihan [3] adalah yang paling tepat!"
"q_coding_navigasi_293","coding_navigasi","Jika ada tembok di depan Robot, apa yang harus dilakukan Robot agar tidak menabrak?","shapes","🧭",0,0,"=",3,25,"[""Tidur di tempat"",""Terus jalan menerobos tembok"",""Belok ke kiri atau ke kanan""]","Jawaban pilihan [3] adalah yang paling tepat!"
"q_coding_navigasi_294","coding_navigasi","Lebah 🐝 ingin menghampiri bunga 🌺 yang ada di belakangnya. Lebah harus...","shapes","🧭",0,0,"=",3,25,"[""Lompat ke langit"",""Maju lurus ke depan"",""Putar balik / mundur ke belakang""]","Jawaban pilihan [3] adalah yang paling tepat!"
"q_coding_navigasi_295","coding_navigasi","Semut berjalan 1 langkah ke depan, lalu 1 langkah ke kanan. Ke mana semut bergerak terakhir?","shapes","🧭",0,0,"=",1,25,"[""Ke kanan"",""Ke belakang"",""Ke depan""]","Jawaban pilihan [1] adalah yang paling tepat!"
"q_coding_navigasi_296","coding_navigasi","Robot ada di titik A. Untuk ke titik B yang ada di depan, Robot harus bergerak...","shapes","🧭",0,0,"=",3,25,"[""Putar balik"",""Duduk manis"",""Maju lurus""]","Jawaban pilihan [3] adalah yang paling tepat!"
"q_coding_navigasi_297","coding_navigasi","Perintah panah (⬅️) menunjukkan gerakan ke arah...","shapes","🧭",0,0,"=",2,25,"[""Bawah"",""Kiri"",""Kanan""]","Jawaban pilihan [2] adalah yang paling tepat!"
"q_coding_navigasi_298","coding_navigasi","Perintah panah (➡️) menunjukkan gerakan ke arah...","shapes","🧭",0,0,"=",1,25,"[""Kanan"",""Atas"",""Kiri""]","Jawaban pilihan [1] adalah yang paling tepat!"
"q_coding_navigasi_299","coding_navigasi","Jika kamu berdiri menghadap ke Utara, lalu kamu berputar penuh ke belakang, kamu sekarang menghadap ke...","shapes","🧭",0,0,"=",3,25,"[""Depan"",""Atas langit"",""Belakang / Selatan""]","Jawaban pilihan [3] adalah yang paling tepat!"
"q_coding_navigasi_300","coding_navigasi","Kucing berada di kotak [1]. Ikan berada di kotak [3] di sebelah kanan. Perintah agar kucing mendapatkan ikan adalah...","shapes","🧭",0,0,"=",1,25,"[""Maju 2 langkah ke kanan"",""Lompat ke kiri"",""Mundur 2 langkah ke belakang""]","Jawaban pilihan [1] adalah yang paling tepat!"
"q_coding_kondisional_1","coding_kondisional","JIKA lampu lalu lintas berwarna HIJAU, MAKA kendaraan boleh...","shapes","💡",0,0,"=",3,25,"[""Berhenti"",""Mundur"",""Berjalan / Maju""]","Jawaban pilihan [3] adalah yang paling tepat!"
"q_coding_kondisional_2","coding_kondisional","JIKA hari hujan deras, MAKA Rani harus menggunakan...","shapes","💡",0,0,"=",1,25,"[""Payung atau jas hujan"",""Kacamata hitam"",""Kipas angin""]","Jawaban pilihan [1] adalah yang paling tepat!"
"q_coding_kondisional_3","coding_kondisional","JIKA perut merasa lapar, MAKA tindakan yang benar adalah...","shapes","💡",0,0,"=",2,25,"[""Mandi air dingin"",""Makan makanan yang sehat"",""Membaca buku""]","Jawaban pilihan [2] adalah yang paling tepat!"
"q_coding_kondisional_4","coding_kondisional","JIKA tangan kotor setelah bermain pasir, MAKA kita harus...","shapes","💡",0,0,"=",1,25,"[""Mencuci tangan dengan sabun"",""Mengusap tangan ke baju"",""Langsung makan kue""]","Jawaban pilihan [1] adalah yang paling tepat!"
"q_coding_kondisional_5","coding_kondisional","JIKA merasa mengantuk di malam hari, MAKA kita sebaiknya...","shapes","💡",0,0,"=",1,25,"[""Tidur istirahat"",""Bermain sepeda"",""Lari-lari di halaman""]","Jawaban pilihan [1] adalah yang paling tepat!"
"q_coding_kondisional_6","coding_kondisional","JIKA lampu kamar dimatikan, MAKA suasana kamar menjadi...","shapes","💡",0,0,"=",1,25,"[""Gelap"",""Terang benderang"",""Silau""]","Jawaban pilihan [1] adalah yang paling tepat!"
"q_coding_kondisional_7","coding_kondisional","JIKA es batu dibiarkan di tempat panas, MAKA es akan...","shapes","💡",0,0,"=",2,25,"[""Berubah jadi balon"",""Mencair menjadi air"",""Membeku jadi batu""]","Jawaban pilihan [2] adalah yang paling tepat!"
"q_coding_kondisional_8","coding_kondisional","JIKA kita tersenyum pada teman, MAKA teman akan merasa...","shapes","💡",0,0,"=",2,25,"[""Sedih menangis"",""Senang dan gembira"",""Marah dan takut""]","Jawaban pilihan [2] adalah yang paling tepat!"
"q_coding_kondisional_9","coding_kondisional","JIKA tanaman tidak pernah disiram air, MAKA tanaman akan...","shapes","💡",0,0,"=",2,25,"[""Tumbuh makin besar"",""Layu dan kering"",""Berbuah banyak""]","Jawaban pilihan [2] adalah yang paling tepat!"
"q_coding_kondisional_10","coding_kondisional","JIKA kita rajin menggosok gigi, MAKA gigi kita akan...","shapes","💡",0,0,"=",1,25,"[""Sehat dan bersih"",""Berlubang dan sakit"",""Patah semua""]","Jawaban pilihan [1] adalah yang paling tepat!"
"q_coding_kondisional_11","coding_kondisional","JIKA balon ditiup terlalu besar terus-menerus, MAKA balon akan...","shapes","💡",0,0,"=",2,25,"[""Mengecil sendiri"",""Meletus 'POP!'"",""Berubah jadi batu""]","Jawaban pilihan [2] adalah yang paling tepat!"
"q_coding_kondisional_12","coding_kondisional","JIKA baju terkena tumpahan cokelat, MAKA baju menjadi...","shapes","💡",0,0,"=",2,25,"[""Makin baru"",""Kotor dan berbercak"",""Harum bunga""]","Jawaban pilihan [2] adalah yang paling tepat!"
"q_coding_kondisional_13","coding_kondisional","JIKA tanaman rajin disiram dan diberi sinar matahari, MAKA tanaman akan...","shapes","💡",0,0,"=",2,25,"[""Hilang sendiri"",""Tumbuh subur dan segar"",""Mati dan kering""]","Jawaban pilihan [2] adalah yang paling tepat!"
"q_coding_kondisional_14","coding_kondisional","JIKA mainan dirapikan kembali ke kotaknya setelah bermain, MAKA rumah akan...","shapes","💡",0,0,"=",1,25,"[""Rapi dan bersih"",""Sangat berantakan"",""Banyak debu""]","Jawaban pilihan [1] adalah yang paling tepat!"
"q_coding_kondisional_15","coding_kondisional","JIKA adik bayi menangis karena haus, MAKA ibu akan memberi...","shapes","💡",0,0,"=",2,25,"[""Batu"",""Susu"",""Mainan rusak""]","Jawaban pilihan [2] adalah yang paling tepat!"
"q_coding_kondisional_16","coding_kondisional","JIKA lampu lalu lintas berwarna MERAH, MAKA kendaraan harus...","shapes","💡",0,0,"=",1,25,"[""Berhenti"",""Klakson terus"",""Maju kencang""]","Jawaban pilihan [1] adalah yang paling tepat!"
"q_coding_kondisional_17","coding_kondisional","JIKA lampu lalu lintas berwarna HIJAU, MAKA kendaraan boleh...","shapes","💡",0,0,"=",1,25,"[""Berjalan / Maju"",""Berhenti"",""Mundur""]","Jawaban pilihan [1] adalah yang paling tepat!"
"q_coding_kondisional_18","coding_kondisional","JIKA hari hujan deras, MAKA Zaid harus menggunakan...","shapes","💡",0,0,"=",3,25,"[""Kacamata hitam"",""Kipas angin"",""Payung atau jas hujan""]","Jawaban pilihan [3] adalah yang paling tepat!"
"q_coding_kondisional_19","coding_kondisional","JIKA perut merasa lapar, MAKA tindakan yang benar adalah...","shapes","💡",0,0,"=",3,25,"[""Mandi air dingin"",""Membaca buku"",""Makan makanan yang sehat""]","Jawaban pilihan [3] adalah yang paling tepat!"
"q_coding_kondisional_20","coding_kondisional","JIKA tangan kotor setelah bermain pasir, MAKA kita harus...","shapes","💡",0,0,"=",2,25,"[""Mengusap tangan ke baju"",""Mencuci tangan dengan sabun"",""Langsung makan kue""]","Jawaban pilihan [2] adalah yang paling tepat!"
"q_coding_kondisional_21","coding_kondisional","JIKA merasa mengantuk di malam hari, MAKA kita sebaiknya...","shapes","💡",0,0,"=",3,25,"[""Bermain sepeda"",""Lari-lari di halaman"",""Tidur istirahat""]","Jawaban pilihan [3] adalah yang paling tepat!"
"q_coding_kondisional_22","coding_kondisional","JIKA lampu kamar dimatikan, MAKA suasana kamar menjadi...","shapes","💡",0,0,"=",1,25,"[""Gelap"",""Terang benderang"",""Silau""]","Jawaban pilihan [1] adalah yang paling tepat!"
"q_coding_kondisional_23","coding_kondisional","JIKA es batu dibiarkan di tempat panas, MAKA es akan...","shapes","💡",0,0,"=",3,25,"[""Berubah jadi balon"",""Membeku jadi batu"",""Mencair menjadi air""]","Jawaban pilihan [3] adalah yang paling tepat!"
"q_coding_kondisional_24","coding_kondisional","JIKA kita tersenyum pada teman, MAKA teman akan merasa...","shapes","💡",0,0,"=",3,25,"[""Sedih menangis"",""Marah dan takut"",""Senang dan gembira""]","Jawaban pilihan [3] adalah yang paling tepat!"
"q_coding_kondisional_25","coding_kondisional","JIKA tanaman tidak pernah disiram air, MAKA tanaman akan...","shapes","💡",0,0,"=",1,25,"[""Layu dan kering"",""Tumbuh makin besar"",""Berbuah banyak""]","Jawaban pilihan [1] adalah yang paling tepat!"
"q_coding_kondisional_26","coding_kondisional","JIKA kita rajin menggosok gigi, MAKA gigi kita akan...","shapes","💡",0,0,"=",3,25,"[""Patah semua"",""Berlubang dan sakit"",""Sehat dan bersih""]","Jawaban pilihan [3] adalah yang paling tepat!"
"q_coding_kondisional_27","coding_kondisional","JIKA balon ditiup terlalu besar terus-menerus, MAKA balon akan...","shapes","💡",0,0,"=",3,25,"[""Mengecil sendiri"",""Berubah jadi batu"",""Meletus 'POP!'""]","Jawaban pilihan [3] adalah yang paling tepat!"
"q_coding_kondisional_28","coding_kondisional","JIKA baju terkena tumpahan cokelat, MAKA baju menjadi...","shapes","💡",0,0,"=",3,25,"[""Harum bunga"",""Makin baru"",""Kotor dan berbercak""]","Jawaban pilihan [3] adalah yang paling tepat!"
"q_coding_kondisional_29","coding_kondisional","JIKA tanaman rajin disiram dan diberi sinar matahari, MAKA tanaman akan...","shapes","💡",0,0,"=",3,25,"[""Mati dan kering"",""Hilang sendiri"",""Tumbuh subur dan segar""]","Jawaban pilihan [3] adalah yang paling tepat!"
"q_coding_kondisional_30","coding_kondisional","JIKA mainan dirapikan kembali ke kotaknya setelah bermain, MAKA rumah akan...","shapes","💡",0,0,"=",1,25,"[""Rapi dan bersih"",""Sangat berantakan"",""Banyak debu""]","Jawaban pilihan [1] adalah yang paling tepat!"
"q_coding_kondisional_31","coding_kondisional","JIKA adik bayi menangis karena haus, MAKA ibu akan memberi...","shapes","💡",0,0,"=",1,25,"[""Susu"",""Mainan rusak"",""Batu""]","Jawaban pilihan [1] adalah yang paling tepat!"
"q_coding_kondisional_32","coding_kondisional","JIKA lampu lalu lintas berwarna MERAH, MAKA kendaraan harus...","shapes","💡",0,0,"=",1,25,"[""Berhenti"",""Maju kencang"",""Klakson terus""]","Jawaban pilihan [1] adalah yang paling tepat!"
"q_coding_kondisional_33","coding_kondisional","JIKA lampu lalu lintas berwarna HIJAU, MAKA kendaraan boleh...","shapes","💡",0,0,"=",1,25,"[""Berjalan / Maju"",""Berhenti"",""Mundur""]","Jawaban pilihan [1] adalah yang paling tepat!"
"q_coding_kondisional_34","coding_kondisional","JIKA hari hujan deras, MAKA Myesha harus menggunakan...","shapes","💡",0,0,"=",3,25,"[""Kipas angin"",""Kacamata hitam"",""Payung atau jas hujan""]","Jawaban pilihan [3] adalah yang paling tepat!"
"q_coding_kondisional_35","coding_kondisional","JIKA perut merasa lapar, MAKA tindakan yang benar adalah...","shapes","💡",0,0,"=",1,25,"[""Makan makanan yang sehat"",""Membaca buku"",""Mandi air dingin""]","Jawaban pilihan [1] adalah yang paling tepat!"
"q_coding_kondisional_36","coding_kondisional","JIKA tangan kotor setelah bermain pasir, MAKA kita harus...","shapes","💡",0,0,"=",1,25,"[""Mencuci tangan dengan sabun"",""Mengusap tangan ke baju"",""Langsung makan kue""]","Jawaban pilihan [1] adalah yang paling tepat!"
"q_coding_kondisional_37","coding_kondisional","JIKA merasa mengantuk di malam hari, MAKA kita sebaiknya...","shapes","💡",0,0,"=",3,25,"[""Bermain sepeda"",""Lari-lari di halaman"",""Tidur istirahat""]","Jawaban pilihan [3] adalah yang paling tepat!"
"q_coding_kondisional_38","coding_kondisional","JIKA lampu kamar dimatikan, MAKA suasana kamar menjadi...","shapes","💡",0,0,"=",1,25,"[""Gelap"",""Terang benderang"",""Silau""]","Jawaban pilihan [1] adalah yang paling tepat!"
"q_coding_kondisional_39","coding_kondisional","JIKA es batu dibiarkan di tempat panas, MAKA es akan...","shapes","💡",0,0,"=",2,25,"[""Membeku jadi batu"",""Mencair menjadi air"",""Berubah jadi balon""]","Jawaban pilihan [2] adalah yang paling tepat!"
"q_coding_kondisional_40","coding_kondisional","JIKA kita tersenyum pada teman, MAKA teman akan merasa...","shapes","💡",0,0,"=",2,25,"[""Marah dan takut"",""Senang dan gembira"",""Sedih menangis""]","Jawaban pilihan [2] adalah yang paling tepat!"
"q_coding_kondisional_41","coding_kondisional","JIKA tanaman tidak pernah disiram air, MAKA tanaman akan...","shapes","💡",0,0,"=",3,25,"[""Berbuah banyak"",""Tumbuh makin besar"",""Layu dan kering""]","Jawaban pilihan [3] adalah yang paling tepat!"
"q_coding_kondisional_42","coding_kondisional","JIKA kita rajin menggosok gigi, MAKA gigi kita akan...","shapes","💡",0,0,"=",3,25,"[""Berlubang dan sakit"",""Patah semua"",""Sehat dan bersih""]","Jawaban pilihan [3] adalah yang paling tepat!"
"q_coding_kondisional_43","coding_kondisional","JIKA balon ditiup terlalu besar terus-menerus, MAKA balon akan...","shapes","💡",0,0,"=",3,25,"[""Mengecil sendiri"",""Berubah jadi batu"",""Meletus 'POP!'""]","Jawaban pilihan [3] adalah yang paling tepat!"
"q_coding_kondisional_44","coding_kondisional","JIKA baju terkena tumpahan cokelat, MAKA baju menjadi...","shapes","💡",0,0,"=",3,25,"[""Harum bunga"",""Makin baru"",""Kotor dan berbercak""]","Jawaban pilihan [3] adalah yang paling tepat!"
"q_coding_kondisional_45","coding_kondisional","JIKA tanaman rajin disiram dan diberi sinar matahari, MAKA tanaman akan...","shapes","💡",0,0,"=",3,25,"[""Mati dan kering"",""Hilang sendiri"",""Tumbuh subur dan segar""]","Jawaban pilihan [3] adalah yang paling tepat!"
"q_coding_kondisional_46","coding_kondisional","JIKA mainan dirapikan kembali ke kotaknya setelah bermain, MAKA rumah akan...","shapes","💡",0,0,"=",1,25,"[""Rapi dan bersih"",""Banyak debu"",""Sangat berantakan""]","Jawaban pilihan [1] adalah yang paling tepat!"
"q_coding_kondisional_47","coding_kondisional","JIKA adik bayi menangis karena haus, MAKA ibu akan memberi...","shapes","💡",0,0,"=",2,25,"[""Batu"",""Susu"",""Mainan rusak""]","Jawaban pilihan [2] adalah yang paling tepat!"
"q_coding_kondisional_48","coding_kondisional","JIKA lampu lalu lintas berwarna MERAH, MAKA kendaraan harus...","shapes","💡",0,0,"=",2,25,"[""Klakson terus"",""Berhenti"",""Maju kencang""]","Jawaban pilihan [2] adalah yang paling tepat!"
"q_coding_kondisional_49","coding_kondisional","JIKA lampu lalu lintas berwarna HIJAU, MAKA kendaraan boleh...","shapes","💡",0,0,"=",2,25,"[""Mundur"",""Berjalan / Maju"",""Berhenti""]","Jawaban pilihan [2] adalah yang paling tepat!"
"q_coding_kondisional_50","coding_kondisional","JIKA hari hujan deras, MAKA Budi harus menggunakan...","shapes","💡",0,0,"=",2,25,"[""Kipas angin"",""Payung atau jas hujan"",""Kacamata hitam""]","Jawaban pilihan [2] adalah yang paling tepat!"
"q_coding_kondisional_51","coding_kondisional","JIKA perut merasa lapar, MAKA tindakan yang benar adalah...","shapes","💡",0,0,"=",1,25,"[""Makan makanan yang sehat"",""Mandi air dingin"",""Membaca buku""]","Jawaban pilihan [1] adalah yang paling tepat!"
"q_coding_kondisional_52","coding_kondisional","JIKA tangan kotor setelah bermain pasir, MAKA kita harus...","shapes","💡",0,0,"=",2,25,"[""Langsung makan kue"",""Mencuci tangan dengan sabun"",""Mengusap tangan ke baju""]","Jawaban pilihan [2] adalah yang paling tepat!"
"q_coding_kondisional_53","coding_kondisional","JIKA merasa mengantuk di malam hari, MAKA kita sebaiknya...","shapes","💡",0,0,"=",2,25,"[""Bermain sepeda"",""Tidur istirahat"",""Lari-lari di halaman""]","Jawaban pilihan [2] adalah yang paling tepat!"
"q_coding_kondisional_54","coding_kondisional","JIKA lampu kamar dimatikan, MAKA suasana kamar menjadi...","shapes","💡",0,0,"=",3,25,"[""Terang benderang"",""Silau"",""Gelap""]","Jawaban pilihan [3] adalah yang paling tepat!"
"q_coding_kondisional_55","coding_kondisional","JIKA es batu dibiarkan di tempat panas, MAKA es akan...","shapes","💡",0,0,"=",3,25,"[""Berubah jadi balon"",""Membeku jadi batu"",""Mencair menjadi air""]","Jawaban pilihan [3] adalah yang paling tepat!"
"q_coding_kondisional_56","coding_kondisional","JIKA kita tersenyum pada teman, MAKA teman akan merasa...","shapes","💡",0,0,"=",3,25,"[""Sedih menangis"",""Marah dan takut"",""Senang dan gembira""]","Jawaban pilihan [3] adalah yang paling tepat!"
"q_coding_kondisional_57","coding_kondisional","JIKA tanaman tidak pernah disiram air, MAKA tanaman akan...","shapes","💡",0,0,"=",3,25,"[""Berbuah banyak"",""Tumbuh makin besar"",""Layu dan kering""]","Jawaban pilihan [3] adalah yang paling tepat!"
"q_coding_kondisional_58","coding_kondisional","JIKA kita rajin menggosok gigi, MAKA gigi kita akan...","shapes","💡",0,0,"=",3,25,"[""Patah semua"",""Berlubang dan sakit"",""Sehat dan bersih""]","Jawaban pilihan [3] adalah yang paling tepat!"
"q_coding_kondisional_59","coding_kondisional","JIKA balon ditiup terlalu besar terus-menerus, MAKA balon akan...","shapes","💡",0,0,"=",1,25,"[""Meletus 'POP!'"",""Berubah jadi batu"",""Mengecil sendiri""]","Jawaban pilihan [1] adalah yang paling tepat!"
"q_coding_kondisional_60","coding_kondisional","JIKA baju terkena tumpahan cokelat, MAKA baju menjadi...","shapes","💡",0,0,"=",1,25,"[""Kotor dan berbercak"",""Makin baru"",""Harum bunga""]","Jawaban pilihan [1] adalah yang paling tepat!"
"q_coding_kondisional_61","coding_kondisional","JIKA tanaman rajin disiram dan diberi sinar matahari, MAKA tanaman akan...","shapes","💡",0,0,"=",3,25,"[""Hilang sendiri"",""Mati dan kering"",""Tumbuh subur dan segar""]","Jawaban pilihan [3] adalah yang paling tepat!"
"q_coding_kondisional_62","coding_kondisional","JIKA mainan dirapikan kembali ke kotaknya setelah bermain, MAKA rumah akan...","shapes","💡",0,0,"=",2,25,"[""Banyak debu"",""Rapi dan bersih"",""Sangat berantakan""]","Jawaban pilihan [2] adalah yang paling tepat!"
"q_coding_kondisional_63","coding_kondisional","JIKA adik bayi menangis karena haus, MAKA ibu akan memberi...","shapes","💡",0,0,"=",1,25,"[""Susu"",""Batu"",""Mainan rusak""]","Jawaban pilihan [1] adalah yang paling tepat!"
"q_coding_kondisional_64","coding_kondisional","JIKA lampu lalu lintas berwarna MERAH, MAKA kendaraan harus...","shapes","💡",0,0,"=",1,25,"[""Berhenti"",""Maju kencang"",""Klakson terus""]","Jawaban pilihan [1] adalah yang paling tepat!"
"q_coding_kondisional_65","coding_kondisional","JIKA lampu lalu lintas berwarna HIJAU, MAKA kendaraan boleh...","shapes","💡",0,0,"=",2,25,"[""Mundur"",""Berjalan / Maju"",""Berhenti""]","Jawaban pilihan [2] adalah yang paling tepat!"
"q_coding_kondisional_66","coding_kondisional","JIKA hari hujan deras, MAKA Alif harus menggunakan...","shapes","💡",0,0,"=",3,25,"[""Kacamata hitam"",""Kipas angin"",""Payung atau jas hujan""]","Jawaban pilihan [3] adalah yang paling tepat!"
"q_coding_kondisional_67","coding_kondisional","JIKA perut merasa lapar, MAKA tindakan yang benar adalah...","shapes","💡",0,0,"=",2,25,"[""Mandi air dingin"",""Makan makanan yang sehat"",""Membaca buku""]","Jawaban pilihan [2] adalah yang paling tepat!"
"q_coding_kondisional_68","coding_kondisional","JIKA tangan kotor setelah bermain pasir, MAKA kita harus...","shapes","💡",0,0,"=",2,25,"[""Langsung makan kue"",""Mencuci tangan dengan sabun"",""Mengusap tangan ke baju""]","Jawaban pilihan [2] adalah yang paling tepat!"
"q_coding_kondisional_69","coding_kondisional","JIKA merasa mengantuk di malam hari, MAKA kita sebaiknya...","shapes","💡",0,0,"=",1,25,"[""Tidur istirahat"",""Lari-lari di halaman"",""Bermain sepeda""]","Jawaban pilihan [1] adalah yang paling tepat!"
"q_coding_kondisional_70","coding_kondisional","JIKA lampu kamar dimatikan, MAKA suasana kamar menjadi...","shapes","💡",0,0,"=",1,25,"[""Gelap"",""Terang benderang"",""Silau""]","Jawaban pilihan [1] adalah yang paling tepat!"
"q_coding_kondisional_71","coding_kondisional","JIKA es batu dibiarkan di tempat panas, MAKA es akan...","shapes","💡",0,0,"=",1,25,"[""Mencair menjadi air"",""Berubah jadi balon"",""Membeku jadi batu""]","Jawaban pilihan [1] adalah yang paling tepat!"
"q_coding_kondisional_72","coding_kondisional","JIKA kita tersenyum pada teman, MAKA teman akan merasa...","shapes","💡",0,0,"=",2,25,"[""Marah dan takut"",""Senang dan gembira"",""Sedih menangis""]","Jawaban pilihan [2] adalah yang paling tepat!"
"q_coding_kondisional_73","coding_kondisional","JIKA tanaman tidak pernah disiram air, MAKA tanaman akan...","shapes","💡",0,0,"=",1,25,"[""Layu dan kering"",""Berbuah banyak"",""Tumbuh makin besar""]","Jawaban pilihan [1] adalah yang paling tepat!"
"q_coding_kondisional_74","coding_kondisional","JIKA kita rajin menggosok gigi, MAKA gigi kita akan...","shapes","💡",0,0,"=",1,25,"[""Sehat dan bersih"",""Patah semua"",""Berlubang dan sakit""]","Jawaban pilihan [1] adalah yang paling tepat!"
"q_coding_kondisional_75","coding_kondisional","JIKA balon ditiup terlalu besar terus-menerus, MAKA balon akan...","shapes","💡",0,0,"=",2,25,"[""Berubah jadi batu"",""Meletus 'POP!'"",""Mengecil sendiri""]","Jawaban pilihan [2] adalah yang paling tepat!"
"q_coding_kondisional_76","coding_kondisional","JIKA baju terkena tumpahan cokelat, MAKA baju menjadi...","shapes","💡",0,0,"=",2,25,"[""Makin baru"",""Kotor dan berbercak"",""Harum bunga""]","Jawaban pilihan [2] adalah yang paling tepat!"
"q_coding_kondisional_77","coding_kondisional","JIKA tanaman rajin disiram dan diberi sinar matahari, MAKA tanaman akan...","shapes","💡",0,0,"=",2,25,"[""Hilang sendiri"",""Tumbuh subur dan segar"",""Mati dan kering""]","Jawaban pilihan [2] adalah yang paling tepat!"
"q_coding_kondisional_78","coding_kondisional","JIKA mainan dirapikan kembali ke kotaknya setelah bermain, MAKA rumah akan...","shapes","💡",0,0,"=",2,25,"[""Sangat berantakan"",""Rapi dan bersih"",""Banyak debu""]","Jawaban pilihan [2] adalah yang paling tepat!"
"q_coding_kondisional_79","coding_kondisional","JIKA adik bayi menangis karena haus, MAKA ibu akan memberi...","shapes","💡",0,0,"=",3,25,"[""Batu"",""Mainan rusak"",""Susu""]","Jawaban pilihan [3] adalah yang paling tepat!"
"q_coding_kondisional_80","coding_kondisional","JIKA lampu lalu lintas berwarna MERAH, MAKA kendaraan harus...","shapes","💡",0,0,"=",1,25,"[""Berhenti"",""Klakson terus"",""Maju kencang""]","Jawaban pilihan [1] adalah yang paling tepat!"
"q_coding_kondisional_81","coding_kondisional","JIKA lampu lalu lintas berwarna HIJAU, MAKA kendaraan boleh...","shapes","💡",0,0,"=",1,25,"[""Berjalan / Maju"",""Berhenti"",""Mundur""]","Jawaban pilihan [1] adalah yang paling tepat!"
"q_coding_kondisional_82","coding_kondisional","JIKA hari hujan deras, MAKA Rani harus menggunakan...","shapes","💡",0,0,"=",1,25,"[""Payung atau jas hujan"",""Kipas angin"",""Kacamata hitam""]","Jawaban pilihan [1] adalah yang paling tepat!"
"q_coding_kondisional_83","coding_kondisional","JIKA perut merasa lapar, MAKA tindakan yang benar adalah...","shapes","💡",0,0,"=",2,25,"[""Mandi air dingin"",""Makan makanan yang sehat"",""Membaca buku""]","Jawaban pilihan [2] adalah yang paling tepat!"
"q_coding_kondisional_84","coding_kondisional","JIKA tangan kotor setelah bermain pasir, MAKA kita harus...","shapes","💡",0,0,"=",1,25,"[""Mencuci tangan dengan sabun"",""Langsung makan kue"",""Mengusap tangan ke baju""]","Jawaban pilihan [1] adalah yang paling tepat!"
"q_coding_kondisional_85","coding_kondisional","JIKA merasa mengantuk di malam hari, MAKA kita sebaiknya...","shapes","💡",0,0,"=",1,25,"[""Tidur istirahat"",""Bermain sepeda"",""Lari-lari di halaman""]","Jawaban pilihan [1] adalah yang paling tepat!"
"q_coding_kondisional_86","coding_kondisional","JIKA lampu kamar dimatikan, MAKA suasana kamar menjadi...","shapes","💡",0,0,"=",1,25,"[""Gelap"",""Silau"",""Terang benderang""]","Jawaban pilihan [1] adalah yang paling tepat!"
"q_coding_kondisional_87","coding_kondisional","JIKA es batu dibiarkan di tempat panas, MAKA es akan...","shapes","💡",0,0,"=",2,25,"[""Berubah jadi balon"",""Mencair menjadi air"",""Membeku jadi batu""]","Jawaban pilihan [2] adalah yang paling tepat!"
"q_coding_kondisional_88","coding_kondisional","JIKA kita tersenyum pada teman, MAKA teman akan merasa...","shapes","💡",0,0,"=",1,25,"[""Senang dan gembira"",""Marah dan takut"",""Sedih menangis""]","Jawaban pilihan [1] adalah yang paling tepat!"
"q_coding_kondisional_89","coding_kondisional","JIKA tanaman tidak pernah disiram air, MAKA tanaman akan...","shapes","💡",0,0,"=",1,25,"[""Layu dan kering"",""Berbuah banyak"",""Tumbuh makin besar""]","Jawaban pilihan [1] adalah yang paling tepat!"
"q_coding_kondisional_90","coding_kondisional","JIKA kita rajin menggosok gigi, MAKA gigi kita akan...","shapes","💡",0,0,"=",2,25,"[""Patah semua"",""Sehat dan bersih"",""Berlubang dan sakit""]","Jawaban pilihan [2] adalah yang paling tepat!"
"q_coding_kondisional_91","coding_kondisional","JIKA balon ditiup terlalu besar terus-menerus, MAKA balon akan...","shapes","💡",0,0,"=",2,25,"[""Mengecil sendiri"",""Meletus 'POP!'"",""Berubah jadi batu""]","Jawaban pilihan [2] adalah yang paling tepat!"
"q_coding_kondisional_92","coding_kondisional","JIKA baju terkena tumpahan cokelat, MAKA baju menjadi...","shapes","💡",0,0,"=",1,25,"[""Kotor dan berbercak"",""Harum bunga"",""Makin baru""]","Jawaban pilihan [1] adalah yang paling tepat!"
"q_coding_kondisional_93","coding_kondisional","JIKA tanaman rajin disiram dan diberi sinar matahari, MAKA tanaman akan...","shapes","💡",0,0,"=",3,25,"[""Mati dan kering"",""Hilang sendiri"",""Tumbuh subur dan segar""]","Jawaban pilihan [3] adalah yang paling tepat!"
"q_coding_kondisional_94","coding_kondisional","JIKA mainan dirapikan kembali ke kotaknya setelah bermain, MAKA rumah akan...","shapes","💡",0,0,"=",3,25,"[""Banyak debu"",""Sangat berantakan"",""Rapi dan bersih""]","Jawaban pilihan [3] adalah yang paling tepat!"
"q_coding_kondisional_95","coding_kondisional","JIKA adik bayi menangis karena haus, MAKA ibu akan memberi...","shapes","💡",0,0,"=",2,25,"[""Batu"",""Susu"",""Mainan rusak""]","Jawaban pilihan [2] adalah yang paling tepat!"
"q_coding_kondisional_96","coding_kondisional","JIKA lampu lalu lintas berwarna MERAH, MAKA kendaraan harus...","shapes","💡",0,0,"=",1,25,"[""Berhenti"",""Maju kencang"",""Klakson terus""]","Jawaban pilihan [1] adalah yang paling tepat!"
"q_coding_kondisional_97","coding_kondisional","JIKA lampu lalu lintas berwarna HIJAU, MAKA kendaraan boleh...","shapes","💡",0,0,"=",2,25,"[""Mundur"",""Berjalan / Maju"",""Berhenti""]","Jawaban pilihan [2] adalah yang paling tepat!"
"q_coding_kondisional_98","coding_kondisional","JIKA hari hujan deras, MAKA Zaid harus menggunakan...","shapes","💡",0,0,"=",1,25,"[""Payung atau jas hujan"",""Kacamata hitam"",""Kipas angin""]","Jawaban pilihan [1] adalah yang paling tepat!"
"q_coding_kondisional_99","coding_kondisional","JIKA perut merasa lapar, MAKA tindakan yang benar adalah...","shapes","💡",0,0,"=",2,25,"[""Membaca buku"",""Makan makanan yang sehat"",""Mandi air dingin""]","Jawaban pilihan [2] adalah yang paling tepat!"
"q_coding_kondisional_100","coding_kondisional","JIKA tangan kotor setelah bermain pasir, MAKA kita harus...","shapes","💡",0,0,"=",2,25,"[""Mengusap tangan ke baju"",""Mencuci tangan dengan sabun"",""Langsung makan kue""]","Jawaban pilihan [2] adalah yang paling tepat!"
"q_coding_kondisional_101","coding_kondisional","JIKA merasa mengantuk di malam hari, MAKA kita sebaiknya...","shapes","💡",0,0,"=",1,25,"[""Tidur istirahat"",""Bermain sepeda"",""Lari-lari di halaman""]","Jawaban pilihan [1] adalah yang paling tepat!"
"q_coding_kondisional_102","coding_kondisional","JIKA lampu kamar dimatikan, MAKA suasana kamar menjadi...","shapes","💡",0,0,"=",3,25,"[""Silau"",""Terang benderang"",""Gelap""]","Jawaban pilihan [3] adalah yang paling tepat!"
"q_coding_kondisional_103","coding_kondisional","JIKA es batu dibiarkan di tempat panas, MAKA es akan...","shapes","💡",0,0,"=",1,25,"[""Mencair menjadi air"",""Membeku jadi batu"",""Berubah jadi balon""]","Jawaban pilihan [1] adalah yang paling tepat!"
"q_coding_kondisional_104","coding_kondisional","JIKA kita tersenyum pada teman, MAKA teman akan merasa...","shapes","💡",0,0,"=",1,25,"[""Senang dan gembira"",""Marah dan takut"",""Sedih menangis""]","Jawaban pilihan [1] adalah yang paling tepat!"
"q_coding_kondisional_105","coding_kondisional","JIKA tanaman tidak pernah disiram air, MAKA tanaman akan...","shapes","💡",0,0,"=",3,25,"[""Tumbuh makin besar"",""Berbuah banyak"",""Layu dan kering""]","Jawaban pilihan [3] adalah yang paling tepat!"
"q_coding_kondisional_106","coding_kondisional","JIKA kita rajin menggosok gigi, MAKA gigi kita akan...","shapes","💡",0,0,"=",3,25,"[""Berlubang dan sakit"",""Patah semua"",""Sehat dan bersih""]","Jawaban pilihan [3] adalah yang paling tepat!"
"q_coding_kondisional_107","coding_kondisional","JIKA balon ditiup terlalu besar terus-menerus, MAKA balon akan...","shapes","💡",0,0,"=",3,25,"[""Berubah jadi batu"",""Mengecil sendiri"",""Meletus 'POP!'""]","Jawaban pilihan [3] adalah yang paling tepat!"
"q_coding_kondisional_108","coding_kondisional","JIKA baju terkena tumpahan cokelat, MAKA baju menjadi...","shapes","💡",0,0,"=",3,25,"[""Makin baru"",""Harum bunga"",""Kotor dan berbercak""]","Jawaban pilihan [3] adalah yang paling tepat!"
"q_coding_kondisional_109","coding_kondisional","JIKA tanaman rajin disiram dan diberi sinar matahari, MAKA tanaman akan...","shapes","💡",0,0,"=",1,25,"[""Tumbuh subur dan segar"",""Hilang sendiri"",""Mati dan kering""]","Jawaban pilihan [1] adalah yang paling tepat!"
"q_coding_kondisional_110","coding_kondisional","JIKA mainan dirapikan kembali ke kotaknya setelah bermain, MAKA rumah akan...","shapes","💡",0,0,"=",2,25,"[""Banyak debu"",""Rapi dan bersih"",""Sangat berantakan""]","Jawaban pilihan [2] adalah yang paling tepat!"
"q_coding_kondisional_111","coding_kondisional","JIKA adik bayi menangis karena haus, MAKA ibu akan memberi...","shapes","💡",0,0,"=",2,25,"[""Mainan rusak"",""Susu"",""Batu""]","Jawaban pilihan [2] adalah yang paling tepat!"
"q_coding_kondisional_112","coding_kondisional","JIKA lampu lalu lintas berwarna MERAH, MAKA kendaraan harus...","shapes","💡",0,0,"=",2,25,"[""Maju kencang"",""Berhenti"",""Klakson terus""]","Jawaban pilihan [2] adalah yang paling tepat!"
"q_coding_kondisional_113","coding_kondisional","JIKA lampu lalu lintas berwarna HIJAU, MAKA kendaraan boleh...","shapes","💡",0,0,"=",2,25,"[""Mundur"",""Berjalan / Maju"",""Berhenti""]","Jawaban pilihan [2] adalah yang paling tepat!"
"q_coding_kondisional_114","coding_kondisional","JIKA hari hujan deras, MAKA Myesha harus menggunakan...","shapes","💡",0,0,"=",2,25,"[""Kacamata hitam"",""Payung atau jas hujan"",""Kipas angin""]","Jawaban pilihan [2] adalah yang paling tepat!"
"q_coding_kondisional_115","coding_kondisional","JIKA perut merasa lapar, MAKA tindakan yang benar adalah...","shapes","💡",0,0,"=",3,25,"[""Mandi air dingin"",""Membaca buku"",""Makan makanan yang sehat""]","Jawaban pilihan [3] adalah yang paling tepat!"
"q_coding_kondisional_116","coding_kondisional","JIKA tangan kotor setelah bermain pasir, MAKA kita harus...","shapes","💡",0,0,"=",1,25,"[""Mencuci tangan dengan sabun"",""Mengusap tangan ke baju"",""Langsung makan kue""]","Jawaban pilihan [1] adalah yang paling tepat!"
"q_coding_kondisional_117","coding_kondisional","JIKA merasa mengantuk di malam hari, MAKA kita sebaiknya...","shapes","💡",0,0,"=",1,25,"[""Tidur istirahat"",""Bermain sepeda"",""Lari-lari di halaman""]","Jawaban pilihan [1] adalah yang paling tepat!"
"q_coding_kondisional_118","coding_kondisional","JIKA lampu kamar dimatikan, MAKA suasana kamar menjadi...","shapes","💡",0,0,"=",1,25,"[""Gelap"",""Silau"",""Terang benderang""]","Jawaban pilihan [1] adalah yang paling tepat!"
"q_coding_kondisional_119","coding_kondisional","JIKA es batu dibiarkan di tempat panas, MAKA es akan...","shapes","💡",0,0,"=",1,25,"[""Mencair menjadi air"",""Berubah jadi balon"",""Membeku jadi batu""]","Jawaban pilihan [1] adalah yang paling tepat!"
"q_coding_kondisional_120","coding_kondisional","JIKA kita tersenyum pada teman, MAKA teman akan merasa...","shapes","💡",0,0,"=",2,25,"[""Sedih menangis"",""Senang dan gembira"",""Marah dan takut""]","Jawaban pilihan [2] adalah yang paling tepat!"
"q_coding_kondisional_121","coding_kondisional","JIKA tanaman tidak pernah disiram air, MAKA tanaman akan...","shapes","💡",0,0,"=",3,25,"[""Berbuah banyak"",""Tumbuh makin besar"",""Layu dan kering""]","Jawaban pilihan [3] adalah yang paling tepat!"
"q_coding_kondisional_122","coding_kondisional","JIKA kita rajin menggosok gigi, MAKA gigi kita akan...","shapes","💡",0,0,"=",2,25,"[""Patah semua"",""Sehat dan bersih"",""Berlubang dan sakit""]","Jawaban pilihan [2] adalah yang paling tepat!"
"q_coding_kondisional_123","coding_kondisional","JIKA balon ditiup terlalu besar terus-menerus, MAKA balon akan...","shapes","💡",0,0,"=",2,25,"[""Mengecil sendiri"",""Meletus 'POP!'"",""Berubah jadi batu""]","Jawaban pilihan [2] adalah yang paling tepat!"
"q_coding_kondisional_124","coding_kondisional","JIKA baju terkena tumpahan cokelat, MAKA baju menjadi...","shapes","💡",0,0,"=",3,25,"[""Harum bunga"",""Makin baru"",""Kotor dan berbercak""]","Jawaban pilihan [3] adalah yang paling tepat!"
"q_coding_kondisional_125","coding_kondisional","JIKA tanaman rajin disiram dan diberi sinar matahari, MAKA tanaman akan...","shapes","💡",0,0,"=",2,25,"[""Mati dan kering"",""Tumbuh subur dan segar"",""Hilang sendiri""]","Jawaban pilihan [2] adalah yang paling tepat!"
"q_coding_kondisional_126","coding_kondisional","JIKA mainan dirapikan kembali ke kotaknya setelah bermain, MAKA rumah akan...","shapes","💡",0,0,"=",2,25,"[""Banyak debu"",""Rapi dan bersih"",""Sangat berantakan""]","Jawaban pilihan [2] adalah yang paling tepat!"
"q_coding_kondisional_127","coding_kondisional","JIKA adik bayi menangis karena haus, MAKA ibu akan memberi...","shapes","💡",0,0,"=",1,25,"[""Susu"",""Batu"",""Mainan rusak""]","Jawaban pilihan [1] adalah yang paling tepat!"
"q_coding_kondisional_128","coding_kondisional","JIKA lampu lalu lintas berwarna MERAH, MAKA kendaraan harus...","shapes","💡",0,0,"=",3,25,"[""Maju kencang"",""Klakson terus"",""Berhenti""]","Jawaban pilihan [3] adalah yang paling tepat!"
"q_coding_kondisional_129","coding_kondisional","JIKA lampu lalu lintas berwarna HIJAU, MAKA kendaraan boleh...","shapes","💡",0,0,"=",2,25,"[""Mundur"",""Berjalan / Maju"",""Berhenti""]","Jawaban pilihan [2] adalah yang paling tepat!"
"q_coding_kondisional_130","coding_kondisional","JIKA hari hujan deras, MAKA Budi harus menggunakan...","shapes","💡",0,0,"=",1,25,"[""Payung atau jas hujan"",""Kipas angin"",""Kacamata hitam""]","Jawaban pilihan [1] adalah yang paling tepat!"
"q_coding_kondisional_131","coding_kondisional","JIKA perut merasa lapar, MAKA tindakan yang benar adalah...","shapes","💡",0,0,"=",3,25,"[""Mandi air dingin"",""Membaca buku"",""Makan makanan yang sehat""]","Jawaban pilihan [3] adalah yang paling tepat!"
"q_coding_kondisional_132","coding_kondisional","JIKA tangan kotor setelah bermain pasir, MAKA kita harus...","shapes","💡",0,0,"=",3,25,"[""Mengusap tangan ke baju"",""Langsung makan kue"",""Mencuci tangan dengan sabun""]","Jawaban pilihan [3] adalah yang paling tepat!"
"q_coding_kondisional_133","coding_kondisional","JIKA merasa mengantuk di malam hari, MAKA kita sebaiknya...","shapes","💡",0,0,"=",2,25,"[""Lari-lari di halaman"",""Tidur istirahat"",""Bermain sepeda""]","Jawaban pilihan [2] adalah yang paling tepat!"
"q_coding_kondisional_134","coding_kondisional","JIKA lampu kamar dimatikan, MAKA suasana kamar menjadi...","shapes","💡",0,0,"=",1,25,"[""Gelap"",""Terang benderang"",""Silau""]","Jawaban pilihan [1] adalah yang paling tepat!"
"q_coding_kondisional_135","coding_kondisional","JIKA es batu dibiarkan di tempat panas, MAKA es akan...","shapes","💡",0,0,"=",3,25,"[""Membeku jadi batu"",""Berubah jadi balon"",""Mencair menjadi air""]","Jawaban pilihan [3] adalah yang paling tepat!"
"q_coding_kondisional_136","coding_kondisional","JIKA kita tersenyum pada teman, MAKA teman akan merasa...","shapes","💡",0,0,"=",1,25,"[""Senang dan gembira"",""Marah dan takut"",""Sedih menangis""]","Jawaban pilihan [1] adalah yang paling tepat!"
"q_coding_kondisional_137","coding_kondisional","JIKA tanaman tidak pernah disiram air, MAKA tanaman akan...","shapes","💡",0,0,"=",1,25,"[""Layu dan kering"",""Berbuah banyak"",""Tumbuh makin besar""]","Jawaban pilihan [1] adalah yang paling tepat!"
"q_coding_kondisional_138","coding_kondisional","JIKA kita rajin menggosok gigi, MAKA gigi kita akan...","shapes","💡",0,0,"=",3,25,"[""Berlubang dan sakit"",""Patah semua"",""Sehat dan bersih""]","Jawaban pilihan [3] adalah yang paling tepat!"
"q_coding_kondisional_139","coding_kondisional","JIKA balon ditiup terlalu besar terus-menerus, MAKA balon akan...","shapes","💡",0,0,"=",2,25,"[""Berubah jadi batu"",""Meletus 'POP!'"",""Mengecil sendiri""]","Jawaban pilihan [2] adalah yang paling tepat!"
"q_coding_kondisional_140","coding_kondisional","JIKA baju terkena tumpahan cokelat, MAKA baju menjadi...","shapes","💡",0,0,"=",2,25,"[""Harum bunga"",""Kotor dan berbercak"",""Makin baru""]","Jawaban pilihan [2] adalah yang paling tepat!"
"q_coding_kondisional_141","coding_kondisional","JIKA tanaman rajin disiram dan diberi sinar matahari, MAKA tanaman akan...","shapes","💡",0,0,"=",1,25,"[""Tumbuh subur dan segar"",""Hilang sendiri"",""Mati dan kering""]","Jawaban pilihan [1] adalah yang paling tepat!"
"q_coding_kondisional_142","coding_kondisional","JIKA mainan dirapikan kembali ke kotaknya setelah bermain, MAKA rumah akan...","shapes","💡",0,0,"=",2,25,"[""Banyak debu"",""Rapi dan bersih"",""Sangat berantakan""]","Jawaban pilihan [2] adalah yang paling tepat!"
"q_coding_kondisional_143","coding_kondisional","JIKA adik bayi menangis karena haus, MAKA ibu akan memberi...","shapes","💡",0,0,"=",2,25,"[""Mainan rusak"",""Susu"",""Batu""]","Jawaban pilihan [2] adalah yang paling tepat!"
"q_coding_kondisional_144","coding_kondisional","JIKA lampu lalu lintas berwarna MERAH, MAKA kendaraan harus...","shapes","💡",0,0,"=",2,25,"[""Maju kencang"",""Berhenti"",""Klakson terus""]","Jawaban pilihan [2] adalah yang paling tepat!"
"q_coding_kondisional_145","coding_kondisional","JIKA lampu lalu lintas berwarna HIJAU, MAKA kendaraan boleh...","shapes","💡",0,0,"=",2,25,"[""Berhenti"",""Berjalan / Maju"",""Mundur""]","Jawaban pilihan [2] adalah yang paling tepat!"
"q_coding_kondisional_146","coding_kondisional","JIKA hari hujan deras, MAKA Alif harus menggunakan...","shapes","💡",0,0,"=",3,25,"[""Kacamata hitam"",""Kipas angin"",""Payung atau jas hujan""]","Jawaban pilihan [3] adalah yang paling tepat!"
"q_coding_kondisional_147","coding_kondisional","JIKA perut merasa lapar, MAKA tindakan yang benar adalah...","shapes","💡",0,0,"=",2,25,"[""Membaca buku"",""Makan makanan yang sehat"",""Mandi air dingin""]","Jawaban pilihan [2] adalah yang paling tepat!"
"q_coding_kondisional_148","coding_kondisional","JIKA tangan kotor setelah bermain pasir, MAKA kita harus...","shapes","💡",0,0,"=",1,25,"[""Mencuci tangan dengan sabun"",""Langsung makan kue"",""Mengusap tangan ke baju""]","Jawaban pilihan [1] adalah yang paling tepat!"
"q_coding_kondisional_149","coding_kondisional","JIKA merasa mengantuk di malam hari, MAKA kita sebaiknya...","shapes","💡",0,0,"=",1,25,"[""Tidur istirahat"",""Lari-lari di halaman"",""Bermain sepeda""]","Jawaban pilihan [1] adalah yang paling tepat!"
"q_coding_kondisional_150","coding_kondisional","JIKA lampu kamar dimatikan, MAKA suasana kamar menjadi...","shapes","💡",0,0,"=",2,25,"[""Silau"",""Gelap"",""Terang benderang""]","Jawaban pilihan [2] adalah yang paling tepat!"
"q_coding_kondisional_151","coding_kondisional","JIKA es batu dibiarkan di tempat panas, MAKA es akan...","shapes","💡",0,0,"=",3,25,"[""Berubah jadi balon"",""Membeku jadi batu"",""Mencair menjadi air""]","Jawaban pilihan [3] adalah yang paling tepat!"
"q_coding_kondisional_152","coding_kondisional","JIKA kita tersenyum pada teman, MAKA teman akan merasa...","shapes","💡",0,0,"=",1,25,"[""Senang dan gembira"",""Marah dan takut"",""Sedih menangis""]","Jawaban pilihan [1] adalah yang paling tepat!"
"q_coding_kondisional_153","coding_kondisional","JIKA tanaman tidak pernah disiram air, MAKA tanaman akan...","shapes","💡",0,0,"=",3,25,"[""Berbuah banyak"",""Tumbuh makin besar"",""Layu dan kering""]","Jawaban pilihan [3] adalah yang paling tepat!"
"q_coding_kondisional_154","coding_kondisional","JIKA kita rajin menggosok gigi, MAKA gigi kita akan...","shapes","💡",0,0,"=",2,25,"[""Patah semua"",""Sehat dan bersih"",""Berlubang dan sakit""]","Jawaban pilihan [2] adalah yang paling tepat!"
"q_coding_kondisional_155","coding_kondisional","JIKA balon ditiup terlalu besar terus-menerus, MAKA balon akan...","shapes","💡",0,0,"=",1,25,"[""Meletus 'POP!'"",""Berubah jadi batu"",""Mengecil sendiri""]","Jawaban pilihan [1] adalah yang paling tepat!"
"q_coding_kondisional_156","coding_kondisional","JIKA baju terkena tumpahan cokelat, MAKA baju menjadi...","shapes","💡",0,0,"=",1,25,"[""Kotor dan berbercak"",""Makin baru"",""Harum bunga""]","Jawaban pilihan [1] adalah yang paling tepat!"
"q_coding_kondisional_157","coding_kondisional","JIKA tanaman rajin disiram dan diberi sinar matahari, MAKA tanaman akan...","shapes","💡",0,0,"=",2,25,"[""Mati dan kering"",""Tumbuh subur dan segar"",""Hilang sendiri""]","Jawaban pilihan [2] adalah yang paling tepat!"
"q_coding_kondisional_158","coding_kondisional","JIKA mainan dirapikan kembali ke kotaknya setelah bermain, MAKA rumah akan...","shapes","💡",0,0,"=",3,25,"[""Banyak debu"",""Sangat berantakan"",""Rapi dan bersih""]","Jawaban pilihan [3] adalah yang paling tepat!"
"q_coding_kondisional_159","coding_kondisional","JIKA adik bayi menangis karena haus, MAKA ibu akan memberi...","shapes","💡",0,0,"=",1,25,"[""Susu"",""Mainan rusak"",""Batu""]","Jawaban pilihan [1] adalah yang paling tepat!"
"q_coding_kondisional_160","coding_kondisional","JIKA lampu lalu lintas berwarna MERAH, MAKA kendaraan harus...","shapes","💡",0,0,"=",1,25,"[""Berhenti"",""Klakson terus"",""Maju kencang""]","Jawaban pilihan [1] adalah yang paling tepat!"
"q_coding_kondisional_161","coding_kondisional","JIKA lampu lalu lintas berwarna HIJAU, MAKA kendaraan boleh...","shapes","💡",0,0,"=",3,25,"[""Berhenti"",""Mundur"",""Berjalan / Maju""]","Jawaban pilihan [3] adalah yang paling tepat!"
"q_coding_kondisional_162","coding_kondisional","JIKA hari hujan deras, MAKA Rani harus menggunakan...","shapes","💡",0,0,"=",2,25,"[""Kipas angin"",""Payung atau jas hujan"",""Kacamata hitam""]","Jawaban pilihan [2] adalah yang paling tepat!"
"q_coding_kondisional_163","coding_kondisional","JIKA perut merasa lapar, MAKA tindakan yang benar adalah...","shapes","💡",0,0,"=",3,25,"[""Membaca buku"",""Mandi air dingin"",""Makan makanan yang sehat""]","Jawaban pilihan [3] adalah yang paling tepat!"
"q_coding_kondisional_164","coding_kondisional","JIKA tangan kotor setelah bermain pasir, MAKA kita harus...","shapes","💡",0,0,"=",3,25,"[""Mengusap tangan ke baju"",""Langsung makan kue"",""Mencuci tangan dengan sabun""]","Jawaban pilihan [3] adalah yang paling tepat!"
"q_coding_kondisional_165","coding_kondisional","JIKA merasa mengantuk di malam hari, MAKA kita sebaiknya...","shapes","💡",0,0,"=",1,25,"[""Tidur istirahat"",""Lari-lari di halaman"",""Bermain sepeda""]","Jawaban pilihan [1] adalah yang paling tepat!"
"q_coding_kondisional_166","coding_kondisional","JIKA lampu kamar dimatikan, MAKA suasana kamar menjadi...","shapes","💡",0,0,"=",2,25,"[""Silau"",""Gelap"",""Terang benderang""]","Jawaban pilihan [2] adalah yang paling tepat!"
"q_coding_kondisional_167","coding_kondisional","JIKA es batu dibiarkan di tempat panas, MAKA es akan...","shapes","💡",0,0,"=",3,25,"[""Berubah jadi balon"",""Membeku jadi batu"",""Mencair menjadi air""]","Jawaban pilihan [3] adalah yang paling tepat!"
"q_coding_kondisional_168","coding_kondisional","JIKA kita tersenyum pada teman, MAKA teman akan merasa...","shapes","💡",0,0,"=",3,25,"[""Marah dan takut"",""Sedih menangis"",""Senang dan gembira""]","Jawaban pilihan [3] adalah yang paling tepat!"
"q_coding_kondisional_169","coding_kondisional","JIKA tanaman tidak pernah disiram air, MAKA tanaman akan...","shapes","💡",0,0,"=",1,25,"[""Layu dan kering"",""Berbuah banyak"",""Tumbuh makin besar""]","Jawaban pilihan [1] adalah yang paling tepat!"
"q_coding_kondisional_170","coding_kondisional","JIKA kita rajin menggosok gigi, MAKA gigi kita akan...","shapes","💡",0,0,"=",2,25,"[""Patah semua"",""Sehat dan bersih"",""Berlubang dan sakit""]","Jawaban pilihan [2] adalah yang paling tepat!"
"q_coding_kondisional_171","coding_kondisional","JIKA balon ditiup terlalu besar terus-menerus, MAKA balon akan...","shapes","💡",0,0,"=",3,25,"[""Mengecil sendiri"",""Berubah jadi batu"",""Meletus 'POP!'""]","Jawaban pilihan [3] adalah yang paling tepat!"
"q_coding_kondisional_172","coding_kondisional","JIKA baju terkena tumpahan cokelat, MAKA baju menjadi...","shapes","💡",0,0,"=",3,25,"[""Makin baru"",""Harum bunga"",""Kotor dan berbercak""]","Jawaban pilihan [3] adalah yang paling tepat!"
"q_coding_kondisional_173","coding_kondisional","JIKA tanaman rajin disiram dan diberi sinar matahari, MAKA tanaman akan...","shapes","💡",0,0,"=",3,25,"[""Mati dan kering"",""Hilang sendiri"",""Tumbuh subur dan segar""]","Jawaban pilihan [3] adalah yang paling tepat!"
"q_coding_kondisional_174","coding_kondisional","JIKA mainan dirapikan kembali ke kotaknya setelah bermain, MAKA rumah akan...","shapes","💡",0,0,"=",1,25,"[""Rapi dan bersih"",""Sangat berantakan"",""Banyak debu""]","Jawaban pilihan [1] adalah yang paling tepat!"
"q_coding_kondisional_175","coding_kondisional","JIKA adik bayi menangis karena haus, MAKA ibu akan memberi...","shapes","💡",0,0,"=",1,25,"[""Susu"",""Batu"",""Mainan rusak""]","Jawaban pilihan [1] adalah yang paling tepat!"
"q_coding_kondisional_176","coding_kondisional","JIKA lampu lalu lintas berwarna MERAH, MAKA kendaraan harus...","shapes","💡",0,0,"=",1,25,"[""Berhenti"",""Maju kencang"",""Klakson terus""]","Jawaban pilihan [1] adalah yang paling tepat!"
"q_coding_kondisional_177","coding_kondisional","JIKA lampu lalu lintas berwarna HIJAU, MAKA kendaraan boleh...","shapes","💡",0,0,"=",2,25,"[""Mundur"",""Berjalan / Maju"",""Berhenti""]","Jawaban pilihan [2] adalah yang paling tepat!"
"q_coding_kondisional_178","coding_kondisional","JIKA hari hujan deras, MAKA Zaid harus menggunakan...","shapes","💡",0,0,"=",1,25,"[""Payung atau jas hujan"",""Kacamata hitam"",""Kipas angin""]","Jawaban pilihan [1] adalah yang paling tepat!"
"q_coding_kondisional_179","coding_kondisional","JIKA perut merasa lapar, MAKA tindakan yang benar adalah...","shapes","💡",0,0,"=",3,25,"[""Membaca buku"",""Mandi air dingin"",""Makan makanan yang sehat""]","Jawaban pilihan [3] adalah yang paling tepat!"
"q_coding_kondisional_180","coding_kondisional","JIKA tangan kotor setelah bermain pasir, MAKA kita harus...","shapes","💡",0,0,"=",3,25,"[""Mengusap tangan ke baju"",""Langsung makan kue"",""Mencuci tangan dengan sabun""]","Jawaban pilihan [3] adalah yang paling tepat!"
"q_coding_kondisional_181","coding_kondisional","JIKA merasa mengantuk di malam hari, MAKA kita sebaiknya...","shapes","💡",0,0,"=",3,25,"[""Bermain sepeda"",""Lari-lari di halaman"",""Tidur istirahat""]","Jawaban pilihan [3] adalah yang paling tepat!"
"q_coding_kondisional_182","coding_kondisional","JIKA lampu kamar dimatikan, MAKA suasana kamar menjadi...","shapes","💡",0,0,"=",1,25,"[""Gelap"",""Silau"",""Terang benderang""]","Jawaban pilihan [1] adalah yang paling tepat!"
"q_coding_kondisional_183","coding_kondisional","JIKA es batu dibiarkan di tempat panas, MAKA es akan...","shapes","💡",0,0,"=",1,25,"[""Mencair menjadi air"",""Membeku jadi batu"",""Berubah jadi balon""]","Jawaban pilihan [1] adalah yang paling tepat!"
"q_coding_kondisional_184","coding_kondisional","JIKA kita tersenyum pada teman, MAKA teman akan merasa...","shapes","💡",0,0,"=",1,25,"[""Senang dan gembira"",""Sedih menangis"",""Marah dan takut""]","Jawaban pilihan [1] adalah yang paling tepat!"
"q_coding_kondisional_185","coding_kondisional","JIKA tanaman tidak pernah disiram air, MAKA tanaman akan...","shapes","💡",0,0,"=",2,25,"[""Berbuah banyak"",""Layu dan kering"",""Tumbuh makin besar""]","Jawaban pilihan [2] adalah yang paling tepat!"
"q_coding_kondisional_186","coding_kondisional","JIKA kita rajin menggosok gigi, MAKA gigi kita akan...","shapes","💡",0,0,"=",2,25,"[""Berlubang dan sakit"",""Sehat dan bersih"",""Patah semua""]","Jawaban pilihan [2] adalah yang paling tepat!"
"q_coding_kondisional_187","coding_kondisional","JIKA balon ditiup terlalu besar terus-menerus, MAKA balon akan...","shapes","💡",0,0,"=",3,25,"[""Mengecil sendiri"",""Berubah jadi batu"",""Meletus 'POP!'""]","Jawaban pilihan [3] adalah yang paling tepat!"
"q_coding_kondisional_188","coding_kondisional","JIKA baju terkena tumpahan cokelat, MAKA baju menjadi...","shapes","💡",0,0,"=",2,25,"[""Harum bunga"",""Kotor dan berbercak"",""Makin baru""]","Jawaban pilihan [2] adalah yang paling tepat!"
"q_coding_kondisional_189","coding_kondisional","JIKA tanaman rajin disiram dan diberi sinar matahari, MAKA tanaman akan...","shapes","💡",0,0,"=",2,25,"[""Mati dan kering"",""Tumbuh subur dan segar"",""Hilang sendiri""]","Jawaban pilihan [2] adalah yang paling tepat!"
"q_coding_kondisional_190","coding_kondisional","JIKA mainan dirapikan kembali ke kotaknya setelah bermain, MAKA rumah akan...","shapes","💡",0,0,"=",1,25,"[""Rapi dan bersih"",""Banyak debu"",""Sangat berantakan""]","Jawaban pilihan [1] adalah yang paling tepat!"
"q_coding_kondisional_191","coding_kondisional","JIKA adik bayi menangis karena haus, MAKA ibu akan memberi...","shapes","💡",0,0,"=",3,25,"[""Batu"",""Mainan rusak"",""Susu""]","Jawaban pilihan [3] adalah yang paling tepat!"
"q_coding_kondisional_192","coding_kondisional","JIKA lampu lalu lintas berwarna MERAH, MAKA kendaraan harus...","shapes","💡",0,0,"=",1,25,"[""Berhenti"",""Maju kencang"",""Klakson terus""]","Jawaban pilihan [1] adalah yang paling tepat!"
"q_coding_kondisional_193","coding_kondisional","JIKA lampu lalu lintas berwarna HIJAU, MAKA kendaraan boleh...","shapes","💡",0,0,"=",2,25,"[""Berhenti"",""Berjalan / Maju"",""Mundur""]","Jawaban pilihan [2] adalah yang paling tepat!"
"q_coding_kondisional_194","coding_kondisional","JIKA hari hujan deras, MAKA Myesha harus menggunakan...","shapes","💡",0,0,"=",1,25,"[""Payung atau jas hujan"",""Kacamata hitam"",""Kipas angin""]","Jawaban pilihan [1] adalah yang paling tepat!"
"q_coding_kondisional_195","coding_kondisional","JIKA perut merasa lapar, MAKA tindakan yang benar adalah...","shapes","💡",0,0,"=",3,25,"[""Membaca buku"",""Mandi air dingin"",""Makan makanan yang sehat""]","Jawaban pilihan [3] adalah yang paling tepat!"
"q_coding_kondisional_196","coding_kondisional","JIKA tangan kotor setelah bermain pasir, MAKA kita harus...","shapes","💡",0,0,"=",2,25,"[""Langsung makan kue"",""Mencuci tangan dengan sabun"",""Mengusap tangan ke baju""]","Jawaban pilihan [2] adalah yang paling tepat!"
"q_coding_kondisional_197","coding_kondisional","JIKA merasa mengantuk di malam hari, MAKA kita sebaiknya...","shapes","💡",0,0,"=",2,25,"[""Lari-lari di halaman"",""Tidur istirahat"",""Bermain sepeda""]","Jawaban pilihan [2] adalah yang paling tepat!"
"q_coding_kondisional_198","coding_kondisional","JIKA lampu kamar dimatikan, MAKA suasana kamar menjadi...","shapes","💡",0,0,"=",3,25,"[""Silau"",""Terang benderang"",""Gelap""]","Jawaban pilihan [3] adalah yang paling tepat!"
"q_coding_kondisional_199","coding_kondisional","JIKA es batu dibiarkan di tempat panas, MAKA es akan...","shapes","💡",0,0,"=",1,25,"[""Mencair menjadi air"",""Membeku jadi batu"",""Berubah jadi balon""]","Jawaban pilihan [1] adalah yang paling tepat!"
"q_coding_kondisional_200","coding_kondisional","JIKA kita tersenyum pada teman, MAKA teman akan merasa...","shapes","💡",0,0,"=",2,25,"[""Sedih menangis"",""Senang dan gembira"",""Marah dan takut""]","Jawaban pilihan [2] adalah yang paling tepat!"
"q_coding_kondisional_201","coding_kondisional","JIKA tanaman tidak pernah disiram air, MAKA tanaman akan...","shapes","💡",0,0,"=",3,25,"[""Tumbuh makin besar"",""Berbuah banyak"",""Layu dan kering""]","Jawaban pilihan [3] adalah yang paling tepat!"
"q_coding_kondisional_202","coding_kondisional","JIKA kita rajin menggosok gigi, MAKA gigi kita akan...","shapes","💡",0,0,"=",1,25,"[""Sehat dan bersih"",""Berlubang dan sakit"",""Patah semua""]","Jawaban pilihan [1] adalah yang paling tepat!"
"q_coding_kondisional_203","coding_kondisional","JIKA balon ditiup terlalu besar terus-menerus, MAKA balon akan...","shapes","💡",0,0,"=",1,25,"[""Meletus 'POP!'"",""Berubah jadi batu"",""Mengecil sendiri""]","Jawaban pilihan [1] adalah yang paling tepat!"
"q_coding_kondisional_204","coding_kondisional","JIKA baju terkena tumpahan cokelat, MAKA baju menjadi...","shapes","💡",0,0,"=",1,25,"[""Kotor dan berbercak"",""Makin baru"",""Harum bunga""]","Jawaban pilihan [1] adalah yang paling tepat!"
"q_coding_kondisional_205","coding_kondisional","JIKA tanaman rajin disiram dan diberi sinar matahari, MAKA tanaman akan...","shapes","💡",0,0,"=",2,25,"[""Mati dan kering"",""Tumbuh subur dan segar"",""Hilang sendiri""]","Jawaban pilihan [2] adalah yang paling tepat!"
"q_coding_kondisional_206","coding_kondisional","JIKA mainan dirapikan kembali ke kotaknya setelah bermain, MAKA rumah akan...","shapes","💡",0,0,"=",1,25,"[""Rapi dan bersih"",""Banyak debu"",""Sangat berantakan""]","Jawaban pilihan [1] adalah yang paling tepat!"
"q_coding_kondisional_207","coding_kondisional","JIKA adik bayi menangis karena haus, MAKA ibu akan memberi...","shapes","💡",0,0,"=",2,25,"[""Batu"",""Susu"",""Mainan rusak""]","Jawaban pilihan [2] adalah yang paling tepat!"
"q_coding_kondisional_208","coding_kondisional","JIKA lampu lalu lintas berwarna MERAH, MAKA kendaraan harus...","shapes","💡",0,0,"=",2,25,"[""Klakson terus"",""Berhenti"",""Maju kencang""]","Jawaban pilihan [2] adalah yang paling tepat!"
"q_coding_kondisional_209","coding_kondisional","JIKA lampu lalu lintas berwarna HIJAU, MAKA kendaraan boleh...","shapes","💡",0,0,"=",2,25,"[""Mundur"",""Berjalan / Maju"",""Berhenti""]","Jawaban pilihan [2] adalah yang paling tepat!"
"q_coding_kondisional_210","coding_kondisional","JIKA hari hujan deras, MAKA Budi harus menggunakan...","shapes","💡",0,0,"=",1,25,"[""Payung atau jas hujan"",""Kacamata hitam"",""Kipas angin""]","Jawaban pilihan [1] adalah yang paling tepat!"
"q_coding_kondisional_211","coding_kondisional","JIKA perut merasa lapar, MAKA tindakan yang benar adalah...","shapes","💡",0,0,"=",3,25,"[""Membaca buku"",""Mandi air dingin"",""Makan makanan yang sehat""]","Jawaban pilihan [3] adalah yang paling tepat!"
"q_coding_kondisional_212","coding_kondisional","JIKA tangan kotor setelah bermain pasir, MAKA kita harus...","shapes","💡",0,0,"=",3,25,"[""Mengusap tangan ke baju"",""Langsung makan kue"",""Mencuci tangan dengan sabun""]","Jawaban pilihan [3] adalah yang paling tepat!"
"q_coding_kondisional_213","coding_kondisional","JIKA merasa mengantuk di malam hari, MAKA kita sebaiknya...","shapes","💡",0,0,"=",3,25,"[""Bermain sepeda"",""Lari-lari di halaman"",""Tidur istirahat""]","Jawaban pilihan [3] adalah yang paling tepat!"
"q_coding_kondisional_214","coding_kondisional","JIKA lampu kamar dimatikan, MAKA suasana kamar menjadi...","shapes","💡",0,0,"=",2,25,"[""Terang benderang"",""Gelap"",""Silau""]","Jawaban pilihan [2] adalah yang paling tepat!"
"q_coding_kondisional_215","coding_kondisional","JIKA es batu dibiarkan di tempat panas, MAKA es akan...","shapes","💡",0,0,"=",1,25,"[""Mencair menjadi air"",""Membeku jadi batu"",""Berubah jadi balon""]","Jawaban pilihan [1] adalah yang paling tepat!"
"q_coding_kondisional_216","coding_kondisional","JIKA kita tersenyum pada teman, MAKA teman akan merasa...","shapes","💡",0,0,"=",3,25,"[""Sedih menangis"",""Marah dan takut"",""Senang dan gembira""]","Jawaban pilihan [3] adalah yang paling tepat!"
"q_coding_kondisional_217","coding_kondisional","JIKA tanaman tidak pernah disiram air, MAKA tanaman akan...","shapes","💡",0,0,"=",2,25,"[""Berbuah banyak"",""Layu dan kering"",""Tumbuh makin besar""]","Jawaban pilihan [2] adalah yang paling tepat!"
"q_coding_kondisional_218","coding_kondisional","JIKA kita rajin menggosok gigi, MAKA gigi kita akan...","shapes","💡",0,0,"=",2,25,"[""Berlubang dan sakit"",""Sehat dan bersih"",""Patah semua""]","Jawaban pilihan [2] adalah yang paling tepat!"
"q_coding_kondisional_219","coding_kondisional","JIKA balon ditiup terlalu besar terus-menerus, MAKA balon akan...","shapes","💡",0,0,"=",2,25,"[""Mengecil sendiri"",""Meletus 'POP!'"",""Berubah jadi batu""]","Jawaban pilihan [2] adalah yang paling tepat!"
"q_coding_kondisional_220","coding_kondisional","JIKA baju terkena tumpahan cokelat, MAKA baju menjadi...","shapes","💡",0,0,"=",2,25,"[""Makin baru"",""Kotor dan berbercak"",""Harum bunga""]","Jawaban pilihan [2] adalah yang paling tepat!"
"q_coding_kondisional_221","coding_kondisional","JIKA tanaman rajin disiram dan diberi sinar matahari, MAKA tanaman akan...","shapes","💡",0,0,"=",2,25,"[""Mati dan kering"",""Tumbuh subur dan segar"",""Hilang sendiri""]","Jawaban pilihan [2] adalah yang paling tepat!"
"q_coding_kondisional_222","coding_kondisional","JIKA mainan dirapikan kembali ke kotaknya setelah bermain, MAKA rumah akan...","shapes","💡",0,0,"=",3,25,"[""Sangat berantakan"",""Banyak debu"",""Rapi dan bersih""]","Jawaban pilihan [3] adalah yang paling tepat!"
"q_coding_kondisional_223","coding_kondisional","JIKA adik bayi menangis karena haus, MAKA ibu akan memberi...","shapes","💡",0,0,"=",2,25,"[""Batu"",""Susu"",""Mainan rusak""]","Jawaban pilihan [2] adalah yang paling tepat!"
"q_coding_kondisional_224","coding_kondisional","JIKA lampu lalu lintas berwarna MERAH, MAKA kendaraan harus...","shapes","💡",0,0,"=",2,25,"[""Klakson terus"",""Berhenti"",""Maju kencang""]","Jawaban pilihan [2] adalah yang paling tepat!"
"q_coding_kondisional_225","coding_kondisional","JIKA lampu lalu lintas berwarna HIJAU, MAKA kendaraan boleh...","shapes","💡",0,0,"=",1,25,"[""Berjalan / Maju"",""Berhenti"",""Mundur""]","Jawaban pilihan [1] adalah yang paling tepat!"
"q_coding_kondisional_226","coding_kondisional","JIKA hari hujan deras, MAKA Alif harus menggunakan...","shapes","💡",0,0,"=",1,25,"[""Payung atau jas hujan"",""Kacamata hitam"",""Kipas angin""]","Jawaban pilihan [1] adalah yang paling tepat!"
"q_coding_kondisional_227","coding_kondisional","JIKA perut merasa lapar, MAKA tindakan yang benar adalah...","shapes","💡",0,0,"=",3,25,"[""Mandi air dingin"",""Membaca buku"",""Makan makanan yang sehat""]","Jawaban pilihan [3] adalah yang paling tepat!"
"q_coding_kondisional_228","coding_kondisional","JIKA tangan kotor setelah bermain pasir, MAKA kita harus...","shapes","💡",0,0,"=",2,25,"[""Mengusap tangan ke baju"",""Mencuci tangan dengan sabun"",""Langsung makan kue""]","Jawaban pilihan [2] adalah yang paling tepat!"
"q_coding_kondisional_229","coding_kondisional","JIKA merasa mengantuk di malam hari, MAKA kita sebaiknya...","shapes","💡",0,0,"=",2,25,"[""Lari-lari di halaman"",""Tidur istirahat"",""Bermain sepeda""]","Jawaban pilihan [2] adalah yang paling tepat!"
"q_coding_kondisional_230","coding_kondisional","JIKA lampu kamar dimatikan, MAKA suasana kamar menjadi...","shapes","💡",0,0,"=",3,25,"[""Terang benderang"",""Silau"",""Gelap""]","Jawaban pilihan [3] adalah yang paling tepat!"
"q_coding_kondisional_231","coding_kondisional","JIKA es batu dibiarkan di tempat panas, MAKA es akan...","shapes","💡",0,0,"=",1,25,"[""Mencair menjadi air"",""Berubah jadi balon"",""Membeku jadi batu""]","Jawaban pilihan [1] adalah yang paling tepat!"
"q_coding_kondisional_232","coding_kondisional","JIKA kita tersenyum pada teman, MAKA teman akan merasa...","shapes","💡",0,0,"=",1,25,"[""Senang dan gembira"",""Marah dan takut"",""Sedih menangis""]","Jawaban pilihan [1] adalah yang paling tepat!"
"q_coding_kondisional_233","coding_kondisional","JIKA tanaman tidak pernah disiram air, MAKA tanaman akan...","shapes","💡",0,0,"=",1,25,"[""Layu dan kering"",""Berbuah banyak"",""Tumbuh makin besar""]","Jawaban pilihan [1] adalah yang paling tepat!"
"q_coding_kondisional_234","coding_kondisional","JIKA kita rajin menggosok gigi, MAKA gigi kita akan...","shapes","💡",0,0,"=",3,25,"[""Patah semua"",""Berlubang dan sakit"",""Sehat dan bersih""]","Jawaban pilihan [3] adalah yang paling tepat!"
"q_coding_kondisional_235","coding_kondisional","JIKA balon ditiup terlalu besar terus-menerus, MAKA balon akan...","shapes","💡",0,0,"=",2,25,"[""Mengecil sendiri"",""Meletus 'POP!'"",""Berubah jadi batu""]","Jawaban pilihan [2] adalah yang paling tepat!"
"q_coding_kondisional_236","coding_kondisional","JIKA baju terkena tumpahan cokelat, MAKA baju menjadi...","shapes","💡",0,0,"=",1,25,"[""Kotor dan berbercak"",""Harum bunga"",""Makin baru""]","Jawaban pilihan [1] adalah yang paling tepat!"
"q_coding_kondisional_237","coding_kondisional","JIKA tanaman rajin disiram dan diberi sinar matahari, MAKA tanaman akan...","shapes","💡",0,0,"=",3,25,"[""Hilang sendiri"",""Mati dan kering"",""Tumbuh subur dan segar""]","Jawaban pilihan [3] adalah yang paling tepat!"
"q_coding_kondisional_238","coding_kondisional","JIKA mainan dirapikan kembali ke kotaknya setelah bermain, MAKA rumah akan...","shapes","💡",0,0,"=",2,25,"[""Sangat berantakan"",""Rapi dan bersih"",""Banyak debu""]","Jawaban pilihan [2] adalah yang paling tepat!"
"q_coding_kondisional_239","coding_kondisional","JIKA adik bayi menangis karena haus, MAKA ibu akan memberi...","shapes","💡",0,0,"=",3,25,"[""Batu"",""Mainan rusak"",""Susu""]","Jawaban pilihan [3] adalah yang paling tepat!"
"q_coding_kondisional_240","coding_kondisional","JIKA lampu lalu lintas berwarna MERAH, MAKA kendaraan harus...","shapes","💡",0,0,"=",3,25,"[""Maju kencang"",""Klakson terus"",""Berhenti""]","Jawaban pilihan [3] adalah yang paling tepat!"
"q_coding_kondisional_241","coding_kondisional","JIKA lampu lalu lintas berwarna HIJAU, MAKA kendaraan boleh...","shapes","💡",0,0,"=",2,25,"[""Mundur"",""Berjalan / Maju"",""Berhenti""]","Jawaban pilihan [2] adalah yang paling tepat!"
"q_coding_kondisional_242","coding_kondisional","JIKA hari hujan deras, MAKA Rani harus menggunakan...","shapes","💡",0,0,"=",1,25,"[""Payung atau jas hujan"",""Kipas angin"",""Kacamata hitam""]","Jawaban pilihan [1] adalah yang paling tepat!"
"q_coding_kondisional_243","coding_kondisional","JIKA perut merasa lapar, MAKA tindakan yang benar adalah...","shapes","💡",0,0,"=",1,25,"[""Makan makanan yang sehat"",""Membaca buku"",""Mandi air dingin""]","Jawaban pilihan [1] adalah yang paling tepat!"
"q_coding_kondisional_244","coding_kondisional","JIKA tangan kotor setelah bermain pasir, MAKA kita harus...","shapes","💡",0,0,"=",3,25,"[""Langsung makan kue"",""Mengusap tangan ke baju"",""Mencuci tangan dengan sabun""]","Jawaban pilihan [3] adalah yang paling tepat!"
"q_coding_kondisional_245","coding_kondisional","JIKA merasa mengantuk di malam hari, MAKA kita sebaiknya...","shapes","💡",0,0,"=",1,25,"[""Tidur istirahat"",""Lari-lari di halaman"",""Bermain sepeda""]","Jawaban pilihan [1] adalah yang paling tepat!"
"q_coding_kondisional_246","coding_kondisional","JIKA lampu kamar dimatikan, MAKA suasana kamar menjadi...","shapes","💡",0,0,"=",2,25,"[""Terang benderang"",""Gelap"",""Silau""]","Jawaban pilihan [2] adalah yang paling tepat!"
"q_coding_kondisional_247","coding_kondisional","JIKA es batu dibiarkan di tempat panas, MAKA es akan...","shapes","💡",0,0,"=",3,25,"[""Berubah jadi balon"",""Membeku jadi batu"",""Mencair menjadi air""]","Jawaban pilihan [3] adalah yang paling tepat!"
"q_coding_kondisional_248","coding_kondisional","JIKA kita tersenyum pada teman, MAKA teman akan merasa...","shapes","💡",0,0,"=",2,25,"[""Marah dan takut"",""Senang dan gembira"",""Sedih menangis""]","Jawaban pilihan [2] adalah yang paling tepat!"
"q_coding_kondisional_249","coding_kondisional","JIKA tanaman tidak pernah disiram air, MAKA tanaman akan...","shapes","💡",0,0,"=",3,25,"[""Berbuah banyak"",""Tumbuh makin besar"",""Layu dan kering""]","Jawaban pilihan [3] adalah yang paling tepat!"
"q_coding_kondisional_250","coding_kondisional","JIKA kita rajin menggosok gigi, MAKA gigi kita akan...","shapes","💡",0,0,"=",2,25,"[""Patah semua"",""Sehat dan bersih"",""Berlubang dan sakit""]","Jawaban pilihan [2] adalah yang paling tepat!"
"q_coding_kondisional_251","coding_kondisional","JIKA balon ditiup terlalu besar terus-menerus, MAKA balon akan...","shapes","💡",0,0,"=",3,25,"[""Berubah jadi batu"",""Mengecil sendiri"",""Meletus 'POP!'""]","Jawaban pilihan [3] adalah yang paling tepat!"
"q_coding_kondisional_252","coding_kondisional","JIKA baju terkena tumpahan cokelat, MAKA baju menjadi...","shapes","💡",0,0,"=",1,25,"[""Kotor dan berbercak"",""Makin baru"",""Harum bunga""]","Jawaban pilihan [1] adalah yang paling tepat!"
"q_coding_kondisional_253","coding_kondisional","JIKA tanaman rajin disiram dan diberi sinar matahari, MAKA tanaman akan...","shapes","💡",0,0,"=",2,25,"[""Mati dan kering"",""Tumbuh subur dan segar"",""Hilang sendiri""]","Jawaban pilihan [2] adalah yang paling tepat!"
"q_coding_kondisional_254","coding_kondisional","JIKA mainan dirapikan kembali ke kotaknya setelah bermain, MAKA rumah akan...","shapes","💡",0,0,"=",3,25,"[""Banyak debu"",""Sangat berantakan"",""Rapi dan bersih""]","Jawaban pilihan [3] adalah yang paling tepat!"
"q_coding_kondisional_255","coding_kondisional","JIKA adik bayi menangis karena haus, MAKA ibu akan memberi...","shapes","💡",0,0,"=",3,25,"[""Batu"",""Mainan rusak"",""Susu""]","Jawaban pilihan [3] adalah yang paling tepat!"
"q_coding_kondisional_256","coding_kondisional","JIKA lampu lalu lintas berwarna MERAH, MAKA kendaraan harus...","shapes","💡",0,0,"=",1,25,"[""Berhenti"",""Klakson terus"",""Maju kencang""]","Jawaban pilihan [1] adalah yang paling tepat!"
"q_coding_kondisional_257","coding_kondisional","JIKA lampu lalu lintas berwarna HIJAU, MAKA kendaraan boleh...","shapes","💡",0,0,"=",1,25,"[""Berjalan / Maju"",""Berhenti"",""Mundur""]","Jawaban pilihan [1] adalah yang paling tepat!"
"q_coding_kondisional_258","coding_kondisional","JIKA hari hujan deras, MAKA Zaid harus menggunakan...","shapes","💡",0,0,"=",2,25,"[""Kipas angin"",""Payung atau jas hujan"",""Kacamata hitam""]","Jawaban pilihan [2] adalah yang paling tepat!"
"q_coding_kondisional_259","coding_kondisional","JIKA perut merasa lapar, MAKA tindakan yang benar adalah...","shapes","💡",0,0,"=",1,25,"[""Makan makanan yang sehat"",""Membaca buku"",""Mandi air dingin""]","Jawaban pilihan [1] adalah yang paling tepat!"
"q_coding_kondisional_260","coding_kondisional","JIKA tangan kotor setelah bermain pasir, MAKA kita harus...","shapes","💡",0,0,"=",2,25,"[""Langsung makan kue"",""Mencuci tangan dengan sabun"",""Mengusap tangan ke baju""]","Jawaban pilihan [2] adalah yang paling tepat!"
"q_coding_kondisional_261","coding_kondisional","JIKA merasa mengantuk di malam hari, MAKA kita sebaiknya...","shapes","💡",0,0,"=",3,25,"[""Lari-lari di halaman"",""Bermain sepeda"",""Tidur istirahat""]","Jawaban pilihan [3] adalah yang paling tepat!"
"q_coding_kondisional_262","coding_kondisional","JIKA lampu kamar dimatikan, MAKA suasana kamar menjadi...","shapes","💡",0,0,"=",3,25,"[""Terang benderang"",""Silau"",""Gelap""]","Jawaban pilihan [3] adalah yang paling tepat!"
"q_coding_kondisional_263","coding_kondisional","JIKA es batu dibiarkan di tempat panas, MAKA es akan...","shapes","💡",0,0,"=",2,25,"[""Berubah jadi balon"",""Mencair menjadi air"",""Membeku jadi batu""]","Jawaban pilihan [2] adalah yang paling tepat!"
"q_coding_kondisional_264","coding_kondisional","JIKA kita tersenyum pada teman, MAKA teman akan merasa...","shapes","💡",0,0,"=",3,25,"[""Marah dan takut"",""Sedih menangis"",""Senang dan gembira""]","Jawaban pilihan [3] adalah yang paling tepat!"
"q_coding_kondisional_265","coding_kondisional","JIKA tanaman tidak pernah disiram air, MAKA tanaman akan...","shapes","💡",0,0,"=",3,25,"[""Tumbuh makin besar"",""Berbuah banyak"",""Layu dan kering""]","Jawaban pilihan [3] adalah yang paling tepat!"
"q_coding_kondisional_266","coding_kondisional","JIKA kita rajin menggosok gigi, MAKA gigi kita akan...","shapes","💡",0,0,"=",2,25,"[""Patah semua"",""Sehat dan bersih"",""Berlubang dan sakit""]","Jawaban pilihan [2] adalah yang paling tepat!"
"q_coding_kondisional_267","coding_kondisional","JIKA balon ditiup terlalu besar terus-menerus, MAKA balon akan...","shapes","💡",0,0,"=",2,25,"[""Berubah jadi batu"",""Meletus 'POP!'"",""Mengecil sendiri""]","Jawaban pilihan [2] adalah yang paling tepat!"
"q_coding_kondisional_268","coding_kondisional","JIKA baju terkena tumpahan cokelat, MAKA baju menjadi...","shapes","💡",0,0,"=",1,25,"[""Kotor dan berbercak"",""Makin baru"",""Harum bunga""]","Jawaban pilihan [1] adalah yang paling tepat!"
"q_coding_kondisional_269","coding_kondisional","JIKA tanaman rajin disiram dan diberi sinar matahari, MAKA tanaman akan...","shapes","💡",0,0,"=",3,25,"[""Hilang sendiri"",""Mati dan kering"",""Tumbuh subur dan segar""]","Jawaban pilihan [3] adalah yang paling tepat!"
"q_coding_kondisional_270","coding_kondisional","JIKA mainan dirapikan kembali ke kotaknya setelah bermain, MAKA rumah akan...","shapes","💡",0,0,"=",3,25,"[""Sangat berantakan"",""Banyak debu"",""Rapi dan bersih""]","Jawaban pilihan [3] adalah yang paling tepat!"
"q_coding_kondisional_271","coding_kondisional","JIKA adik bayi menangis karena haus, MAKA ibu akan memberi...","shapes","💡",0,0,"=",3,25,"[""Mainan rusak"",""Batu"",""Susu""]","Jawaban pilihan [3] adalah yang paling tepat!"
"q_coding_kondisional_272","coding_kondisional","JIKA lampu lalu lintas berwarna MERAH, MAKA kendaraan harus...","shapes","💡",0,0,"=",1,25,"[""Berhenti"",""Klakson terus"",""Maju kencang""]","Jawaban pilihan [1] adalah yang paling tepat!"
"q_coding_kondisional_273","coding_kondisional","JIKA lampu lalu lintas berwarna HIJAU, MAKA kendaraan boleh...","shapes","💡",0,0,"=",1,25,"[""Berjalan / Maju"",""Mundur"",""Berhenti""]","Jawaban pilihan [1] adalah yang paling tepat!"
"q_coding_kondisional_274","coding_kondisional","JIKA hari hujan deras, MAKA Myesha harus menggunakan...","shapes","💡",0,0,"=",2,25,"[""Kipas angin"",""Payung atau jas hujan"",""Kacamata hitam""]","Jawaban pilihan [2] adalah yang paling tepat!"
"q_coding_kondisional_275","coding_kondisional","JIKA perut merasa lapar, MAKA tindakan yang benar adalah...","shapes","💡",0,0,"=",3,25,"[""Membaca buku"",""Mandi air dingin"",""Makan makanan yang sehat""]","Jawaban pilihan [3] adalah yang paling tepat!"
"q_coding_kondisional_276","coding_kondisional","JIKA tangan kotor setelah bermain pasir, MAKA kita harus...","shapes","💡",0,0,"=",2,25,"[""Langsung makan kue"",""Mencuci tangan dengan sabun"",""Mengusap tangan ke baju""]","Jawaban pilihan [2] adalah yang paling tepat!"
"q_coding_kondisional_277","coding_kondisional","JIKA merasa mengantuk di malam hari, MAKA kita sebaiknya...","shapes","💡",0,0,"=",1,25,"[""Tidur istirahat"",""Bermain sepeda"",""Lari-lari di halaman""]","Jawaban pilihan [1] adalah yang paling tepat!"
"q_coding_kondisional_278","coding_kondisional","JIKA lampu kamar dimatikan, MAKA suasana kamar menjadi...","shapes","💡",0,0,"=",1,25,"[""Gelap"",""Silau"",""Terang benderang""]","Jawaban pilihan [1] adalah yang paling tepat!"
"q_coding_kondisional_279","coding_kondisional","JIKA es batu dibiarkan di tempat panas, MAKA es akan...","shapes","💡",0,0,"=",2,25,"[""Berubah jadi balon"",""Mencair menjadi air"",""Membeku jadi batu""]","Jawaban pilihan [2] adalah yang paling tepat!"
"q_coding_kondisional_280","coding_kondisional","JIKA kita tersenyum pada teman, MAKA teman akan merasa...","shapes","💡",0,0,"=",1,25,"[""Senang dan gembira"",""Marah dan takut"",""Sedih menangis""]","Jawaban pilihan [1] adalah yang paling tepat!"
"q_coding_kondisional_281","coding_kondisional","JIKA tanaman tidak pernah disiram air, MAKA tanaman akan...","shapes","💡",0,0,"=",2,25,"[""Tumbuh makin besar"",""Layu dan kering"",""Berbuah banyak""]","Jawaban pilihan [2] adalah yang paling tepat!"
"q_coding_kondisional_282","coding_kondisional","JIKA kita rajin menggosok gigi, MAKA gigi kita akan...","shapes","💡",0,0,"=",1,25,"[""Sehat dan bersih"",""Berlubang dan sakit"",""Patah semua""]","Jawaban pilihan [1] adalah yang paling tepat!"
"q_coding_kondisional_283","coding_kondisional","JIKA balon ditiup terlalu besar terus-menerus, MAKA balon akan...","shapes","💡",0,0,"=",2,25,"[""Berubah jadi batu"",""Meletus 'POP!'"",""Mengecil sendiri""]","Jawaban pilihan [2] adalah yang paling tepat!"
"q_coding_kondisional_284","coding_kondisional","JIKA baju terkena tumpahan cokelat, MAKA baju menjadi...","shapes","💡",0,0,"=",2,25,"[""Makin baru"",""Kotor dan berbercak"",""Harum bunga""]","Jawaban pilihan [2] adalah yang paling tepat!"
"q_coding_kondisional_285","coding_kondisional","JIKA tanaman rajin disiram dan diberi sinar matahari, MAKA tanaman akan...","shapes","💡",0,0,"=",2,25,"[""Mati dan kering"",""Tumbuh subur dan segar"",""Hilang sendiri""]","Jawaban pilihan [2] adalah yang paling tepat!"
"q_coding_kondisional_286","coding_kondisional","JIKA mainan dirapikan kembali ke kotaknya setelah bermain, MAKA rumah akan...","shapes","💡",0,0,"=",2,25,"[""Banyak debu"",""Rapi dan bersih"",""Sangat berantakan""]","Jawaban pilihan [2] adalah yang paling tepat!"
"q_coding_kondisional_287","coding_kondisional","JIKA adik bayi menangis karena haus, MAKA ibu akan memberi...","shapes","💡",0,0,"=",2,25,"[""Batu"",""Susu"",""Mainan rusak""]","Jawaban pilihan [2] adalah yang paling tepat!"
"q_coding_kondisional_288","coding_kondisional","JIKA lampu lalu lintas berwarna MERAH, MAKA kendaraan harus...","shapes","💡",0,0,"=",1,25,"[""Berhenti"",""Maju kencang"",""Klakson terus""]","Jawaban pilihan [1] adalah yang paling tepat!"
"q_coding_kondisional_289","coding_kondisional","JIKA lampu lalu lintas berwarna HIJAU, MAKA kendaraan boleh...","shapes","💡",0,0,"=",1,25,"[""Berjalan / Maju"",""Mundur"",""Berhenti""]","Jawaban pilihan [1] adalah yang paling tepat!"
"q_coding_kondisional_290","coding_kondisional","JIKA hari hujan deras, MAKA Budi harus menggunakan...","shapes","💡",0,0,"=",2,25,"[""Kipas angin"",""Payung atau jas hujan"",""Kacamata hitam""]","Jawaban pilihan [2] adalah yang paling tepat!"
"q_coding_kondisional_291","coding_kondisional","JIKA perut merasa lapar, MAKA tindakan yang benar adalah...","shapes","💡",0,0,"=",3,25,"[""Membaca buku"",""Mandi air dingin"",""Makan makanan yang sehat""]","Jawaban pilihan [3] adalah yang paling tepat!"
"q_coding_kondisional_292","coding_kondisional","JIKA tangan kotor setelah bermain pasir, MAKA kita harus...","shapes","💡",0,0,"=",1,25,"[""Mencuci tangan dengan sabun"",""Mengusap tangan ke baju"",""Langsung makan kue""]","Jawaban pilihan [1] adalah yang paling tepat!"
"q_coding_kondisional_293","coding_kondisional","JIKA merasa mengantuk di malam hari, MAKA kita sebaiknya...","shapes","💡",0,0,"=",3,25,"[""Lari-lari di halaman"",""Bermain sepeda"",""Tidur istirahat""]","Jawaban pilihan [3] adalah yang paling tepat!"
"q_coding_kondisional_294","coding_kondisional","JIKA lampu kamar dimatikan, MAKA suasana kamar menjadi...","shapes","💡",0,0,"=",2,25,"[""Terang benderang"",""Gelap"",""Silau""]","Jawaban pilihan [2] adalah yang paling tepat!"
"q_coding_kondisional_295","coding_kondisional","JIKA es batu dibiarkan di tempat panas, MAKA es akan...","shapes","💡",0,0,"=",1,25,"[""Mencair menjadi air"",""Membeku jadi batu"",""Berubah jadi balon""]","Jawaban pilihan [1] adalah yang paling tepat!"
"q_coding_kondisional_296","coding_kondisional","JIKA kita tersenyum pada teman, MAKA teman akan merasa...","shapes","💡",0,0,"=",2,25,"[""Marah dan takut"",""Senang dan gembira"",""Sedih menangis""]","Jawaban pilihan [2] adalah yang paling tepat!"
"q_coding_kondisional_297","coding_kondisional","JIKA tanaman tidak pernah disiram air, MAKA tanaman akan...","shapes","💡",0,0,"=",3,25,"[""Berbuah banyak"",""Tumbuh makin besar"",""Layu dan kering""]","Jawaban pilihan [3] adalah yang paling tepat!"
"q_coding_kondisional_298","coding_kondisional","JIKA kita rajin menggosok gigi, MAKA gigi kita akan...","shapes","💡",0,0,"=",3,25,"[""Berlubang dan sakit"",""Patah semua"",""Sehat dan bersih""]","Jawaban pilihan [3] adalah yang paling tepat!"
"q_coding_kondisional_299","coding_kondisional","JIKA balon ditiup terlalu besar terus-menerus, MAKA balon akan...","shapes","💡",0,0,"=",2,25,"[""Berubah jadi batu"",""Meletus 'POP!'"",""Mengecil sendiri""]","Jawaban pilihan [2] adalah yang paling tepat!"
"q_coding_kondisional_300","coding_kondisional","JIKA baju terkena tumpahan cokelat, MAKA baju menjadi...","shapes","💡",0,0,"=",3,25,"[""Harum bunga"",""Makin baru"",""Kotor dan berbercak""]","Jawaban pilihan [3] adalah yang paling tepat!"
"q_coding_pengulangan_1","coding_pengulangan","Perintah: 'Lompat kecil 2 kali, lalu berhenti'. Berapa kali kamu melompat?","shapes","🔁",0,0,"=",3,25,"[""Tidak melompat"",""5 kali"",""2 kali""]","Jawaban pilihan [3] adalah yang paling tepat!"
"q_coding_pengulangan_2","coding_pengulangan","Petunjuk lagu: 'Buka tutup pintu (ulangi 4 kali)'. Berapa kali pintu dibuka-tutup?","shapes","🔁",0,0,"=",2,25,"[""2 kali"",""4 kali"",""1 kali""]","Jawaban pilihan [2] adalah yang paling tepat!"
"q_coding_pengulangan_3","coding_pengulangan","Uwaiz memindahkan 5 buah apel satu per satu ke dalam keranjang. Kegiatan memindahkan apel dilakukan berulang sebanyak...","shapes","🔁",0,0,"=",3,25,"[""100 kali"",""1 kali saja"",""5 kali""]","Jawaban pilihan [3] adalah yang paling tepat!"
"q_coding_pengulangan_4","coding_pengulangan","Jika ada perintah 'Putar badan 2 kali', gerakan yang dilakukan adalah...","shapes","🔁",0,0,"=",2,25,"[""Duduk 2 jam"",""Berputar 2 kali"",""Berlari 2 meter""]","Jawaban pilihan [2] adalah yang paling tepat!"
"q_coding_pengulangan_5","coding_pengulangan","Lagu 'Lingkaran Kecil': 'Bikin lingkaran kecil, bikin lingkaran kecil (ulangi terus)'. Konsep ini dinamakan...","shapes","🔁",0,0,"=",1,25,"[""Pengulangan (Looping)"",""Mencuci tangan"",""Mewarnai""]","Jawaban pilihan [1] adalah yang paling tepat!"
"q_coding_pengulangan_6","coding_pengulangan","Ibu meminta Tono memasukkan 3 sendok gula ke cangkir. Tono harus mengulang gerakan mengambil gula sebanyak...","shapes","🔁",0,0,"=",2,25,"[""1 kali"",""3 kali"",""5 kali""]","Jawaban pilihan [2] adalah yang paling tepat!"
"q_coding_pengulangan_7","coding_pengulangan","Langkah menaruh balok: 'Ambil 1 balok, tumpuk di atas. Ulangi sampai ada 4 balok'. Berapa total balok yang tertumpuk?","shapes","🔁",0,0,"=",2,25,"[""2 balok"",""4 balok"",""10 balok""]","Jawaban pilihan [2] adalah yang paling tepat!"
"q_coding_pengulangan_8","coding_pengulangan","Perintah dansa: 'Goyangkan pinggul ke kiri dan kanan (ulangi 3 kali)'. Apa yang diulangi?","shapes","🔁",0,0,"=",3,25,"[""Mata berkedip"",""Makan nasi"",""Gerakan menggoyangkan pinggul""]","Jawaban pilihan [3] adalah yang paling tepat!"
"q_coding_pengulangan_9","coding_pengulangan","Tini mengayuh sepeda dari rumah ke taman. Kaki Tini mengayuh pedal secara...","shapes","🔁",0,0,"=",1,25,"[""Berulang-ulang sampai tiba"",""Cuma 1 kali lalu berhenti"",""Tidak pernah mengayuh""]","Jawaban pilihan [1] adalah yang paling tepat!"
"q_coding_pengulangan_10","coding_pengulangan","GURU berkata: 'Tepuk paha 2 kali (ulangi 2 kali)'. Berapa total tepuk paha?","shapes","🔁",0,0,"=",1,25,"[""4 kali"",""2 kali"",""10 kali""]","Jawaban pilihan [1] adalah yang paling tepat!"
"q_coding_pengulangan_11","coding_pengulangan","Burung mengepakkan sayapnya terus-menerus agar tetap terbang. Gerakan mengepakkan sayap adalah bentuk...","shapes","🔁",0,0,"=",3,25,"[""Mencuci piring"",""Menulis angka"",""Pengulangan (Looping)""]","Jawaban pilihan [3] adalah yang paling tepat!"
"q_coding_pengulangan_12","coding_pengulangan","Lagu 'Naik-Naik ke Puncak Gunung': 'Kiri kanan kulehat saja, banyak pohon cemara'. Mengulang lirik lagu disebut...","shapes","🔁",0,0,"=",1,25,"[""Pengulangan (Looping)"",""Tidur"",""Melompat""]","Jawaban pilihan [1] adalah yang paling tepat!"
"q_coding_pengulangan_13","coding_pengulangan","Ibu berkata: 'Lakukan tepuk tangan sebanyak 3 kali!' Berapa kali kamu menepuk tangan?","shapes","🔁",0,0,"=",3,25,"[""10 kali"",""1 kali"",""3 kali""]","Jawaban pilihan [3] adalah yang paling tepat!"
"q_coding_pengulangan_14","coding_pengulangan","Perintah: 'Lompat kecil 2 kali, lalu berhenti'. Berapa kali kamu melompat?","shapes","🔁",0,0,"=",1,25,"[""2 kali"",""Tidak melompat"",""5 kali""]","Jawaban pilihan [1] adalah yang paling tepat!"
"q_coding_pengulangan_15","coding_pengulangan","Petunjuk lagu: 'Buka tutup pintu (ulangi 4 kali)'. Berapa kali pintu dibuka-tutup?","shapes","🔁",0,0,"=",2,25,"[""1 kali"",""4 kali"",""2 kali""]","Jawaban pilihan [2] adalah yang paling tepat!"
"q_coding_pengulangan_16","coding_pengulangan","Alif memindahkan 5 buah apel satu per satu ke dalam keranjang. Kegiatan memindahkan apel dilakukan berulang sebanyak...","shapes","🔁",0,0,"=",1,25,"[""5 kali"",""1 kali saja"",""100 kali""]","Jawaban pilihan [1] adalah yang paling tepat!"
"q_coding_pengulangan_17","coding_pengulangan","Jika ada perintah 'Putar badan 2 kali', gerakan yang dilakukan adalah...","shapes","🔁",0,0,"=",3,25,"[""Berlari 2 meter"",""Duduk 2 jam"",""Berputar 2 kali""]","Jawaban pilihan [3] adalah yang paling tepat!"
"q_coding_pengulangan_18","coding_pengulangan","Lagu 'Lingkaran Kecil': 'Bikin lingkaran kecil, bikin lingkaran kecil (ulangi terus)'. Konsep ini dinamakan...","shapes","🔁",0,0,"=",2,25,"[""Mewarnai"",""Pengulangan (Looping)"",""Mencuci tangan""]","Jawaban pilihan [2] adalah yang paling tepat!"
"q_coding_pengulangan_19","coding_pengulangan","Ibu meminta Tono memasukkan 3 sendok gula ke cangkir. Tono harus mengulang gerakan mengambil gula sebanyak...","shapes","🔁",0,0,"=",2,25,"[""1 kali"",""3 kali"",""5 kali""]","Jawaban pilihan [2] adalah yang paling tepat!"
"q_coding_pengulangan_20","coding_pengulangan","Langkah menaruh balok: 'Ambil 1 balok, tumpuk di atas. Ulangi sampai ada 4 balok'. Berapa total balok yang tertumpuk?","shapes","🔁",0,0,"=",1,25,"[""4 balok"",""10 balok"",""2 balok""]","Jawaban pilihan [1] adalah yang paling tepat!"
"q_coding_pengulangan_21","coding_pengulangan","Perintah dansa: 'Goyangkan pinggul ke kiri dan kanan (ulangi 3 kali)'. Apa yang diulangi?","shapes","🔁",0,0,"=",3,25,"[""Makan nasi"",""Mata berkedip"",""Gerakan menggoyangkan pinggul""]","Jawaban pilihan [3] adalah yang paling tepat!"
"q_coding_pengulangan_22","coding_pengulangan","Tini mengayuh sepeda dari rumah ke taman. Kaki Tini mengayuh pedal secara...","shapes","🔁",0,0,"=",3,25,"[""Cuma 1 kali lalu berhenti"",""Tidak pernah mengayuh"",""Berulang-ulang sampai tiba""]","Jawaban pilihan [3] adalah yang paling tepat!"
"q_coding_pengulangan_23","coding_pengulangan","GURU berkata: 'Tepuk paha 2 kali (ulangi 2 kali)'. Berapa total tepuk paha?","shapes","🔁",0,0,"=",2,25,"[""2 kali"",""4 kali"",""10 kali""]","Jawaban pilihan [2] adalah yang paling tepat!"
"q_coding_pengulangan_24","coding_pengulangan","Burung mengepakkan sayapnya terus-menerus agar tetap terbang. Gerakan mengepakkan sayap adalah bentuk...","shapes","🔁",0,0,"=",1,25,"[""Pengulangan (Looping)"",""Menulis angka"",""Mencuci piring""]","Jawaban pilihan [1] adalah yang paling tepat!"
"q_coding_pengulangan_25","coding_pengulangan","Lagu 'Naik-Naik ke Puncak Gunung': 'Kiri kanan kulehat saja, banyak pohon cemara'. Mengulang lirik lagu disebut...","shapes","🔁",0,0,"=",2,25,"[""Tidur"",""Pengulangan (Looping)"",""Melompat""]","Jawaban pilihan [2] adalah yang paling tepat!"
"q_coding_pengulangan_26","coding_pengulangan","Ibu berkata: 'Lakukan tepuk tangan sebanyak 3 kali!' Berapa kali kamu menepuk tangan?","shapes","🔁",0,0,"=",2,25,"[""1 kali"",""3 kali"",""10 kali""]","Jawaban pilihan [2] adalah yang paling tepat!"
"q_coding_pengulangan_27","coding_pengulangan","Perintah: 'Lompat kecil 2 kali, lalu berhenti'. Berapa kali kamu melompat?","shapes","🔁",0,0,"=",1,25,"[""2 kali"",""Tidak melompat"",""5 kali""]","Jawaban pilihan [1] adalah yang paling tepat!"
"q_coding_pengulangan_28","coding_pengulangan","Petunjuk lagu: 'Buka tutup pintu (ulangi 4 kali)'. Berapa kali pintu dibuka-tutup?","shapes","🔁",0,0,"=",3,25,"[""1 kali"",""2 kali"",""4 kali""]","Jawaban pilihan [3] adalah yang paling tepat!"
"q_coding_pengulangan_29","coding_pengulangan","Yusuf memindahkan 5 buah apel satu per satu ke dalam keranjang. Kegiatan memindahkan apel dilakukan berulang sebanyak...","shapes","🔁",0,0,"=",1,25,"[""5 kali"",""100 kali"",""1 kali saja""]","Jawaban pilihan [1] adalah yang paling tepat!"
"q_coding_pengulangan_30","coding_pengulangan","Jika ada perintah 'Putar badan 2 kali', gerakan yang dilakukan adalah...","shapes","🔁",0,0,"=",1,25,"[""Berputar 2 kali"",""Berlari 2 meter"",""Duduk 2 jam""]","Jawaban pilihan [1] adalah yang paling tepat!"
"q_coding_pengulangan_31","coding_pengulangan","Lagu 'Lingkaran Kecil': 'Bikin lingkaran kecil, bikin lingkaran kecil (ulangi terus)'. Konsep ini dinamakan...","shapes","🔁",0,0,"=",2,25,"[""Mencuci tangan"",""Pengulangan (Looping)"",""Mewarnai""]","Jawaban pilihan [2] adalah yang paling tepat!"
"q_coding_pengulangan_32","coding_pengulangan","Ibu meminta Tono memasukkan 3 sendok gula ke cangkir. Tono harus mengulang gerakan mengambil gula sebanyak...","shapes","🔁",0,0,"=",1,25,"[""3 kali"",""1 kali"",""5 kali""]","Jawaban pilihan [1] adalah yang paling tepat!"
"q_coding_pengulangan_33","coding_pengulangan","Langkah menaruh balok: 'Ambil 1 balok, tumpuk di atas. Ulangi sampai ada 4 balok'. Berapa total balok yang tertumpuk?","shapes","🔁",0,0,"=",2,25,"[""10 balok"",""4 balok"",""2 balok""]","Jawaban pilihan [2] adalah yang paling tepat!"
"q_coding_pengulangan_34","coding_pengulangan","Perintah dansa: 'Goyangkan pinggul ke kiri dan kanan (ulangi 3 kali)'. Apa yang diulangi?","shapes","🔁",0,0,"=",1,25,"[""Gerakan menggoyangkan pinggul"",""Mata berkedip"",""Makan nasi""]","Jawaban pilihan [1] adalah yang paling tepat!"
"q_coding_pengulangan_35","coding_pengulangan","Tini mengayuh sepeda dari rumah ke taman. Kaki Tini mengayuh pedal secara...","shapes","🔁",0,0,"=",1,25,"[""Berulang-ulang sampai tiba"",""Cuma 1 kali lalu berhenti"",""Tidak pernah mengayuh""]","Jawaban pilihan [1] adalah yang paling tepat!"
"q_coding_pengulangan_36","coding_pengulangan","GURU berkata: 'Tepuk paha 2 kali (ulangi 2 kali)'. Berapa total tepuk paha?","shapes","🔁",0,0,"=",2,25,"[""2 kali"",""4 kali"",""10 kali""]","Jawaban pilihan [2] adalah yang paling tepat!"
"q_coding_pengulangan_37","coding_pengulangan","Burung mengepakkan sayapnya terus-menerus agar tetap terbang. Gerakan mengepakkan sayap adalah bentuk...","shapes","🔁",0,0,"=",2,25,"[""Menulis angka"",""Pengulangan (Looping)"",""Mencuci piring""]","Jawaban pilihan [2] adalah yang paling tepat!"
"q_coding_pengulangan_38","coding_pengulangan","Lagu 'Naik-Naik ke Puncak Gunung': 'Kiri kanan kulehat saja, banyak pohon cemara'. Mengulang lirik lagu disebut...","shapes","🔁",0,0,"=",1,25,"[""Pengulangan (Looping)"",""Melompat"",""Tidur""]","Jawaban pilihan [1] adalah yang paling tepat!"
"q_coding_pengulangan_39","coding_pengulangan","Ibu berkata: 'Lakukan tepuk tangan sebanyak 3 kali!' Berapa kali kamu menepuk tangan?","shapes","🔁",0,0,"=",2,25,"[""10 kali"",""3 kali"",""1 kali""]","Jawaban pilihan [2] adalah yang paling tepat!"
"q_coding_pengulangan_40","coding_pengulangan","Perintah: 'Lompat kecil 2 kali, lalu berhenti'. Berapa kali kamu melompat?","shapes","🔁",0,0,"=",3,25,"[""Tidak melompat"",""5 kali"",""2 kali""]","Jawaban pilihan [3] adalah yang paling tepat!"
"q_coding_pengulangan_41","coding_pengulangan","Petunjuk lagu: 'Buka tutup pintu (ulangi 4 kali)'. Berapa kali pintu dibuka-tutup?","shapes","🔁",0,0,"=",1,25,"[""4 kali"",""2 kali"",""1 kali""]","Jawaban pilihan [1] adalah yang paling tepat!"
"q_coding_pengulangan_42","coding_pengulangan","Rani memindahkan 5 buah apel satu per satu ke dalam keranjang. Kegiatan memindahkan apel dilakukan berulang sebanyak...","shapes","🔁",0,0,"=",3,25,"[""1 kali saja"",""100 kali"",""5 kali""]","Jawaban pilihan [3] adalah yang paling tepat!"
"q_coding_pengulangan_43","coding_pengulangan","Jika ada perintah 'Putar badan 2 kali', gerakan yang dilakukan adalah...","shapes","🔁",0,0,"=",2,25,"[""Duduk 2 jam"",""Berputar 2 kali"",""Berlari 2 meter""]","Jawaban pilihan [2] adalah yang paling tepat!"
"q_coding_pengulangan_44","coding_pengulangan","Lagu 'Lingkaran Kecil': 'Bikin lingkaran kecil, bikin lingkaran kecil (ulangi terus)'. Konsep ini dinamakan...","shapes","🔁",0,0,"=",2,25,"[""Mencuci tangan"",""Pengulangan (Looping)"",""Mewarnai""]","Jawaban pilihan [2] adalah yang paling tepat!"
"q_coding_pengulangan_45","coding_pengulangan","Ibu meminta Tono memasukkan 3 sendok gula ke cangkir. Tono harus mengulang gerakan mengambil gula sebanyak...","shapes","🔁",0,0,"=",2,25,"[""1 kali"",""3 kali"",""5 kali""]","Jawaban pilihan [2] adalah yang paling tepat!"
"q_coding_pengulangan_46","coding_pengulangan","Langkah menaruh balok: 'Ambil 1 balok, tumpuk di atas. Ulangi sampai ada 4 balok'. Berapa total balok yang tertumpuk?","shapes","🔁",0,0,"=",2,25,"[""10 balok"",""4 balok"",""2 balok""]","Jawaban pilihan [2] adalah yang paling tepat!"
"q_coding_pengulangan_47","coding_pengulangan","Perintah dansa: 'Goyangkan pinggul ke kiri dan kanan (ulangi 3 kali)'. Apa yang diulangi?","shapes","🔁",0,0,"=",1,25,"[""Gerakan menggoyangkan pinggul"",""Mata berkedip"",""Makan nasi""]","Jawaban pilihan [1] adalah yang paling tepat!"
"q_coding_pengulangan_48","coding_pengulangan","Tini mengayuh sepeda dari rumah ke taman. Kaki Tini mengayuh pedal secara...","shapes","🔁",0,0,"=",3,25,"[""Cuma 1 kali lalu berhenti"",""Tidak pernah mengayuh"",""Berulang-ulang sampai tiba""]","Jawaban pilihan [3] adalah yang paling tepat!"
"q_coding_pengulangan_49","coding_pengulangan","GURU berkata: 'Tepuk paha 2 kali (ulangi 2 kali)'. Berapa total tepuk paha?","shapes","🔁",0,0,"=",2,25,"[""10 kali"",""4 kali"",""2 kali""]","Jawaban pilihan [2] adalah yang paling tepat!"
"q_coding_pengulangan_50","coding_pengulangan","Burung mengepakkan sayapnya terus-menerus agar tetap terbang. Gerakan mengepakkan sayap adalah bentuk...","shapes","🔁",0,0,"=",3,25,"[""Mencuci piring"",""Menulis angka"",""Pengulangan (Looping)""]","Jawaban pilihan [3] adalah yang paling tepat!"
"q_coding_pengulangan_51","coding_pengulangan","Lagu 'Naik-Naik ke Puncak Gunung': 'Kiri kanan kulehat saja, banyak pohon cemara'. Mengulang lirik lagu disebut...","shapes","🔁",0,0,"=",1,25,"[""Pengulangan (Looping)"",""Melompat"",""Tidur""]","Jawaban pilihan [1] adalah yang paling tepat!"
"q_coding_pengulangan_52","coding_pengulangan","Ibu berkata: 'Lakukan tepuk tangan sebanyak 3 kali!' Berapa kali kamu menepuk tangan?","shapes","🔁",0,0,"=",1,25,"[""3 kali"",""1 kali"",""10 kali""]","Jawaban pilihan [1] adalah yang paling tepat!"
"q_coding_pengulangan_53","coding_pengulangan","Perintah: 'Lompat kecil 2 kali, lalu berhenti'. Berapa kali kamu melompat?","shapes","🔁",0,0,"=",2,25,"[""Tidak melompat"",""2 kali"",""5 kali""]","Jawaban pilihan [2] adalah yang paling tepat!"
"q_coding_pengulangan_54","coding_pengulangan","Petunjuk lagu: 'Buka tutup pintu (ulangi 4 kali)'. Berapa kali pintu dibuka-tutup?","shapes","🔁",0,0,"=",2,25,"[""2 kali"",""4 kali"",""1 kali""]","Jawaban pilihan [2] adalah yang paling tepat!"
"q_coding_pengulangan_55","coding_pengulangan","Hafshah memindahkan 5 buah apel satu per satu ke dalam keranjang. Kegiatan memindahkan apel dilakukan berulang sebanyak...","shapes","🔁",0,0,"=",3,25,"[""100 kali"",""1 kali saja"",""5 kali""]","Jawaban pilihan [3] adalah yang paling tepat!"
"q_coding_pengulangan_56","coding_pengulangan","Jika ada perintah 'Putar badan 2 kali', gerakan yang dilakukan adalah...","shapes","🔁",0,0,"=",2,25,"[""Duduk 2 jam"",""Berputar 2 kali"",""Berlari 2 meter""]","Jawaban pilihan [2] adalah yang paling tepat!"
"q_coding_pengulangan_57","coding_pengulangan","Lagu 'Lingkaran Kecil': 'Bikin lingkaran kecil, bikin lingkaran kecil (ulangi terus)'. Konsep ini dinamakan...","shapes","🔁",0,0,"=",3,25,"[""Mencuci tangan"",""Mewarnai"",""Pengulangan (Looping)""]","Jawaban pilihan [3] adalah yang paling tepat!"
"q_coding_pengulangan_58","coding_pengulangan","Ibu meminta Tono memasukkan 3 sendok gula ke cangkir. Tono harus mengulang gerakan mengambil gula sebanyak...","shapes","🔁",0,0,"=",1,25,"[""3 kali"",""5 kali"",""1 kali""]","Jawaban pilihan [1] adalah yang paling tepat!"
"q_coding_pengulangan_59","coding_pengulangan","Langkah menaruh balok: 'Ambil 1 balok, tumpuk di atas. Ulangi sampai ada 4 balok'. Berapa total balok yang tertumpuk?","shapes","🔁",0,0,"=",1,25,"[""4 balok"",""2 balok"",""10 balok""]","Jawaban pilihan [1] adalah yang paling tepat!"
"q_coding_pengulangan_60","coding_pengulangan","Perintah dansa: 'Goyangkan pinggul ke kiri dan kanan (ulangi 3 kali)'. Apa yang diulangi?","shapes","🔁",0,0,"=",1,25,"[""Gerakan menggoyangkan pinggul"",""Makan nasi"",""Mata berkedip""]","Jawaban pilihan [1] adalah yang paling tepat!"
"q_coding_pengulangan_61","coding_pengulangan","Tini mengayuh sepeda dari rumah ke taman. Kaki Tini mengayuh pedal secara...","shapes","🔁",0,0,"=",1,25,"[""Berulang-ulang sampai tiba"",""Tidak pernah mengayuh"",""Cuma 1 kali lalu berhenti""]","Jawaban pilihan [1] adalah yang paling tepat!"
"q_coding_pengulangan_62","coding_pengulangan","GURU berkata: 'Tepuk paha 2 kali (ulangi 2 kali)'. Berapa total tepuk paha?","shapes","🔁",0,0,"=",1,25,"[""4 kali"",""2 kali"",""10 kali""]","Jawaban pilihan [1] adalah yang paling tepat!"
"q_coding_pengulangan_63","coding_pengulangan","Burung mengepakkan sayapnya terus-menerus agar tetap terbang. Gerakan mengepakkan sayap adalah bentuk...","shapes","🔁",0,0,"=",3,25,"[""Menulis angka"",""Mencuci piring"",""Pengulangan (Looping)""]","Jawaban pilihan [3] adalah yang paling tepat!"
"q_coding_pengulangan_64","coding_pengulangan","Lagu 'Naik-Naik ke Puncak Gunung': 'Kiri kanan kulehat saja, banyak pohon cemara'. Mengulang lirik lagu disebut...","shapes","🔁",0,0,"=",2,25,"[""Tidur"",""Pengulangan (Looping)"",""Melompat""]","Jawaban pilihan [2] adalah yang paling tepat!"
"q_coding_pengulangan_65","coding_pengulangan","Ibu berkata: 'Lakukan tepuk tangan sebanyak 3 kali!' Berapa kali kamu menepuk tangan?","shapes","🔁",0,0,"=",2,25,"[""1 kali"",""3 kali"",""10 kali""]","Jawaban pilihan [2] adalah yang paling tepat!"
"q_coding_pengulangan_66","coding_pengulangan","Perintah: 'Lompat kecil 2 kali, lalu berhenti'. Berapa kali kamu melompat?","shapes","🔁",0,0,"=",1,25,"[""2 kali"",""Tidak melompat"",""5 kali""]","Jawaban pilihan [1] adalah yang paling tepat!"
"q_coding_pengulangan_67","coding_pengulangan","Petunjuk lagu: 'Buka tutup pintu (ulangi 4 kali)'. Berapa kali pintu dibuka-tutup?","shapes","🔁",0,0,"=",3,25,"[""2 kali"",""1 kali"",""4 kali""]","Jawaban pilihan [3] adalah yang paling tepat!"
"q_coding_pengulangan_68","coding_pengulangan","Zaid memindahkan 5 buah apel satu per satu ke dalam keranjang. Kegiatan memindahkan apel dilakukan berulang sebanyak...","shapes","🔁",0,0,"=",3,25,"[""1 kali saja"",""100 kali"",""5 kali""]","Jawaban pilihan [3] adalah yang paling tepat!"
"q_coding_pengulangan_69","coding_pengulangan","Jika ada perintah 'Putar badan 2 kali', gerakan yang dilakukan adalah...","shapes","🔁",0,0,"=",1,25,"[""Berputar 2 kali"",""Duduk 2 jam"",""Berlari 2 meter""]","Jawaban pilihan [1] adalah yang paling tepat!"
"q_coding_pengulangan_70","coding_pengulangan","Lagu 'Lingkaran Kecil': 'Bikin lingkaran kecil, bikin lingkaran kecil (ulangi terus)'. Konsep ini dinamakan...","shapes","🔁",0,0,"=",2,25,"[""Mewarnai"",""Pengulangan (Looping)"",""Mencuci tangan""]","Jawaban pilihan [2] adalah yang paling tepat!"
"q_coding_pengulangan_71","coding_pengulangan","Ibu meminta Tono memasukkan 3 sendok gula ke cangkir. Tono harus mengulang gerakan mengambil gula sebanyak...","shapes","🔁",0,0,"=",3,25,"[""5 kali"",""1 kali"",""3 kali""]","Jawaban pilihan [3] adalah yang paling tepat!"
"q_coding_pengulangan_72","coding_pengulangan","Langkah menaruh balok: 'Ambil 1 balok, tumpuk di atas. Ulangi sampai ada 4 balok'. Berapa total balok yang tertumpuk?","shapes","🔁",0,0,"=",1,25,"[""4 balok"",""2 balok"",""10 balok""]","Jawaban pilihan [1] adalah yang paling tepat!"
"q_coding_pengulangan_73","coding_pengulangan","Perintah dansa: 'Goyangkan pinggul ke kiri dan kanan (ulangi 3 kali)'. Apa yang diulangi?","shapes","🔁",0,0,"=",1,25,"[""Gerakan menggoyangkan pinggul"",""Mata berkedip"",""Makan nasi""]","Jawaban pilihan [1] adalah yang paling tepat!"
"q_coding_pengulangan_74","coding_pengulangan","Tini mengayuh sepeda dari rumah ke taman. Kaki Tini mengayuh pedal secara...","shapes","🔁",0,0,"=",2,25,"[""Tidak pernah mengayuh"",""Berulang-ulang sampai tiba"",""Cuma 1 kali lalu berhenti""]","Jawaban pilihan [2] adalah yang paling tepat!"
"q_coding_pengulangan_75","coding_pengulangan","GURU berkata: 'Tepuk paha 2 kali (ulangi 2 kali)'. Berapa total tepuk paha?","shapes","🔁",0,0,"=",2,25,"[""10 kali"",""4 kali"",""2 kali""]","Jawaban pilihan [2] adalah yang paling tepat!"
"q_coding_pengulangan_76","coding_pengulangan","Burung mengepakkan sayapnya terus-menerus agar tetap terbang. Gerakan mengepakkan sayap adalah bentuk...","shapes","🔁",0,0,"=",3,25,"[""Menulis angka"",""Mencuci piring"",""Pengulangan (Looping)""]","Jawaban pilihan [3] adalah yang paling tepat!"
"q_coding_pengulangan_77","coding_pengulangan","Lagu 'Naik-Naik ke Puncak Gunung': 'Kiri kanan kulehat saja, banyak pohon cemara'. Mengulang lirik lagu disebut...","shapes","🔁",0,0,"=",2,25,"[""Tidur"",""Pengulangan (Looping)"",""Melompat""]","Jawaban pilihan [2] adalah yang paling tepat!"
"q_coding_pengulangan_78","coding_pengulangan","Ibu berkata: 'Lakukan tepuk tangan sebanyak 3 kali!' Berapa kali kamu menepuk tangan?","shapes","🔁",0,0,"=",3,25,"[""10 kali"",""1 kali"",""3 kali""]","Jawaban pilihan [3] adalah yang paling tepat!"
"q_coding_pengulangan_79","coding_pengulangan","Perintah: 'Lompat kecil 2 kali, lalu berhenti'. Berapa kali kamu melompat?","shapes","🔁",0,0,"=",2,25,"[""Tidak melompat"",""2 kali"",""5 kali""]","Jawaban pilihan [2] adalah yang paling tepat!"
"q_coding_pengulangan_80","coding_pengulangan","Petunjuk lagu: 'Buka tutup pintu (ulangi 4 kali)'. Berapa kali pintu dibuka-tutup?","shapes","🔁",0,0,"=",1,25,"[""4 kali"",""1 kali"",""2 kali""]","Jawaban pilihan [1] adalah yang paling tepat!"
"q_coding_pengulangan_81","coding_pengulangan","Siti memindahkan 5 buah apel satu per satu ke dalam keranjang. Kegiatan memindahkan apel dilakukan berulang sebanyak...","shapes","🔁",0,0,"=",2,25,"[""1 kali saja"",""5 kali"",""100 kali""]","Jawaban pilihan [2] adalah yang paling tepat!"
"q_coding_pengulangan_82","coding_pengulangan","Jika ada perintah 'Putar badan 2 kali', gerakan yang dilakukan adalah...","shapes","🔁",0,0,"=",1,25,"[""Berputar 2 kali"",""Duduk 2 jam"",""Berlari 2 meter""]","Jawaban pilihan [1] adalah yang paling tepat!"
"q_coding_pengulangan_83","coding_pengulangan","Lagu 'Lingkaran Kecil': 'Bikin lingkaran kecil, bikin lingkaran kecil (ulangi terus)'. Konsep ini dinamakan...","shapes","🔁",0,0,"=",1,25,"[""Pengulangan (Looping)"",""Mencuci tangan"",""Mewarnai""]","Jawaban pilihan [1] adalah yang paling tepat!"
"q_coding_pengulangan_84","coding_pengulangan","Ibu meminta Tono memasukkan 3 sendok gula ke cangkir. Tono harus mengulang gerakan mengambil gula sebanyak...","shapes","🔁",0,0,"=",1,25,"[""3 kali"",""1 kali"",""5 kali""]","Jawaban pilihan [1] adalah yang paling tepat!"
"q_coding_pengulangan_85","coding_pengulangan","Langkah menaruh balok: 'Ambil 1 balok, tumpuk di atas. Ulangi sampai ada 4 balok'. Berapa total balok yang tertumpuk?","shapes","🔁",0,0,"=",3,25,"[""10 balok"",""2 balok"",""4 balok""]","Jawaban pilihan [3] adalah yang paling tepat!"
"q_coding_pengulangan_86","coding_pengulangan","Perintah dansa: 'Goyangkan pinggul ke kiri dan kanan (ulangi 3 kali)'. Apa yang diulangi?","shapes","🔁",0,0,"=",3,25,"[""Makan nasi"",""Mata berkedip"",""Gerakan menggoyangkan pinggul""]","Jawaban pilihan [3] adalah yang paling tepat!"
"q_coding_pengulangan_87","coding_pengulangan","Tini mengayuh sepeda dari rumah ke taman. Kaki Tini mengayuh pedal secara...","shapes","🔁",0,0,"=",3,25,"[""Cuma 1 kali lalu berhenti"",""Tidak pernah mengayuh"",""Berulang-ulang sampai tiba""]","Jawaban pilihan [3] adalah yang paling tepat!"
"q_coding_pengulangan_88","coding_pengulangan","GURU berkata: 'Tepuk paha 2 kali (ulangi 2 kali)'. Berapa total tepuk paha?","shapes","🔁",0,0,"=",2,25,"[""2 kali"",""4 kali"",""10 kali""]","Jawaban pilihan [2] adalah yang paling tepat!"
"q_coding_pengulangan_89","coding_pengulangan","Burung mengepakkan sayapnya terus-menerus agar tetap terbang. Gerakan mengepakkan sayap adalah bentuk...","shapes","🔁",0,0,"=",1,25,"[""Pengulangan (Looping)"",""Menulis angka"",""Mencuci piring""]","Jawaban pilihan [1] adalah yang paling tepat!"
"q_coding_pengulangan_90","coding_pengulangan","Lagu 'Naik-Naik ke Puncak Gunung': 'Kiri kanan kulehat saja, banyak pohon cemara'. Mengulang lirik lagu disebut...","shapes","🔁",0,0,"=",2,25,"[""Tidur"",""Pengulangan (Looping)"",""Melompat""]","Jawaban pilihan [2] adalah yang paling tepat!"
"q_coding_pengulangan_91","coding_pengulangan","Ibu berkata: 'Lakukan tepuk tangan sebanyak 3 kali!' Berapa kali kamu menepuk tangan?","shapes","🔁",0,0,"=",2,25,"[""1 kali"",""3 kali"",""10 kali""]","Jawaban pilihan [2] adalah yang paling tepat!"
"q_coding_pengulangan_92","coding_pengulangan","Perintah: 'Lompat kecil 2 kali, lalu berhenti'. Berapa kali kamu melompat?","shapes","🔁",0,0,"=",2,25,"[""5 kali"",""2 kali"",""Tidak melompat""]","Jawaban pilihan [2] adalah yang paling tepat!"
"q_coding_pengulangan_93","coding_pengulangan","Petunjuk lagu: 'Buka tutup pintu (ulangi 4 kali)'. Berapa kali pintu dibuka-tutup?","shapes","🔁",0,0,"=",3,25,"[""2 kali"",""1 kali"",""4 kali""]","Jawaban pilihan [3] adalah yang paling tepat!"
"q_coding_pengulangan_94","coding_pengulangan","Myesha memindahkan 5 buah apel satu per satu ke dalam keranjang. Kegiatan memindahkan apel dilakukan berulang sebanyak...","shapes","🔁",0,0,"=",2,25,"[""1 kali saja"",""5 kali"",""100 kali""]","Jawaban pilihan [2] adalah yang paling tepat!"
"q_coding_pengulangan_95","coding_pengulangan","Jika ada perintah 'Putar badan 2 kali', gerakan yang dilakukan adalah...","shapes","🔁",0,0,"=",2,25,"[""Berlari 2 meter"",""Berputar 2 kali"",""Duduk 2 jam""]","Jawaban pilihan [2] adalah yang paling tepat!"
"q_coding_pengulangan_96","coding_pengulangan","Lagu 'Lingkaran Kecil': 'Bikin lingkaran kecil, bikin lingkaran kecil (ulangi terus)'. Konsep ini dinamakan...","shapes","🔁",0,0,"=",2,25,"[""Mencuci tangan"",""Pengulangan (Looping)"",""Mewarnai""]","Jawaban pilihan [2] adalah yang paling tepat!"
"q_coding_pengulangan_97","coding_pengulangan","Ibu meminta Tono memasukkan 3 sendok gula ke cangkir. Tono harus mengulang gerakan mengambil gula sebanyak...","shapes","🔁",0,0,"=",3,25,"[""5 kali"",""1 kali"",""3 kali""]","Jawaban pilihan [3] adalah yang paling tepat!"
"q_coding_pengulangan_98","coding_pengulangan","Langkah menaruh balok: 'Ambil 1 balok, tumpuk di atas. Ulangi sampai ada 4 balok'. Berapa total balok yang tertumpuk?","shapes","🔁",0,0,"=",2,25,"[""2 balok"",""4 balok"",""10 balok""]","Jawaban pilihan [2] adalah yang paling tepat!"
"q_coding_pengulangan_99","coding_pengulangan","Perintah dansa: 'Goyangkan pinggul ke kiri dan kanan (ulangi 3 kali)'. Apa yang diulangi?","shapes","🔁",0,0,"=",3,25,"[""Makan nasi"",""Mata berkedip"",""Gerakan menggoyangkan pinggul""]","Jawaban pilihan [3] adalah yang paling tepat!"
"q_coding_pengulangan_100","coding_pengulangan","Tini mengayuh sepeda dari rumah ke taman. Kaki Tini mengayuh pedal secara...","shapes","🔁",0,0,"=",3,25,"[""Tidak pernah mengayuh"",""Cuma 1 kali lalu berhenti"",""Berulang-ulang sampai tiba""]","Jawaban pilihan [3] adalah yang paling tepat!"
"q_coding_pengulangan_101","coding_pengulangan","GURU berkata: 'Tepuk paha 2 kali (ulangi 2 kali)'. Berapa total tepuk paha?","shapes","🔁",0,0,"=",1,25,"[""4 kali"",""2 kali"",""10 kali""]","Jawaban pilihan [1] adalah yang paling tepat!"
"q_coding_pengulangan_102","coding_pengulangan","Burung mengepakkan sayapnya terus-menerus agar tetap terbang. Gerakan mengepakkan sayap adalah bentuk...","shapes","🔁",0,0,"=",2,25,"[""Menulis angka"",""Pengulangan (Looping)"",""Mencuci piring""]","Jawaban pilihan [2] adalah yang paling tepat!"
"q_coding_pengulangan_103","coding_pengulangan","Lagu 'Naik-Naik ke Puncak Gunung': 'Kiri kanan kulehat saja, banyak pohon cemara'. Mengulang lirik lagu disebut...","shapes","🔁",0,0,"=",1,25,"[""Pengulangan (Looping)"",""Tidur"",""Melompat""]","Jawaban pilihan [1] adalah yang paling tepat!"
"q_coding_pengulangan_104","coding_pengulangan","Ibu berkata: 'Lakukan tepuk tangan sebanyak 3 kali!' Berapa kali kamu menepuk tangan?","shapes","🔁",0,0,"=",1,25,"[""3 kali"",""10 kali"",""1 kali""]","Jawaban pilihan [1] adalah yang paling tepat!"
"q_coding_pengulangan_105","coding_pengulangan","Perintah: 'Lompat kecil 2 kali, lalu berhenti'. Berapa kali kamu melompat?","shapes","🔁",0,0,"=",3,25,"[""Tidak melompat"",""5 kali"",""2 kali""]","Jawaban pilihan [3] adalah yang paling tepat!"
"q_coding_pengulangan_106","coding_pengulangan","Petunjuk lagu: 'Buka tutup pintu (ulangi 4 kali)'. Berapa kali pintu dibuka-tutup?","shapes","🔁",0,0,"=",1,25,"[""4 kali"",""2 kali"",""1 kali""]","Jawaban pilihan [1] adalah yang paling tepat!"
"q_coding_pengulangan_107","coding_pengulangan","Fatimah memindahkan 5 buah apel satu per satu ke dalam keranjang. Kegiatan memindahkan apel dilakukan berulang sebanyak...","shapes","🔁",0,0,"=",1,25,"[""5 kali"",""1 kali saja"",""100 kali""]","Jawaban pilihan [1] adalah yang paling tepat!"
"q_coding_pengulangan_108","coding_pengulangan","Jika ada perintah 'Putar badan 2 kali', gerakan yang dilakukan adalah...","shapes","🔁",0,0,"=",2,25,"[""Duduk 2 jam"",""Berputar 2 kali"",""Berlari 2 meter""]","Jawaban pilihan [2] adalah yang paling tepat!"
"q_coding_pengulangan_109","coding_pengulangan","Lagu 'Lingkaran Kecil': 'Bikin lingkaran kecil, bikin lingkaran kecil (ulangi terus)'. Konsep ini dinamakan...","shapes","🔁",0,0,"=",3,25,"[""Mewarnai"",""Mencuci tangan"",""Pengulangan (Looping)""]","Jawaban pilihan [3] adalah yang paling tepat!"
"q_coding_pengulangan_110","coding_pengulangan","Ibu meminta Tono memasukkan 3 sendok gula ke cangkir. Tono harus mengulang gerakan mengambil gula sebanyak...","shapes","🔁",0,0,"=",3,25,"[""1 kali"",""5 kali"",""3 kali""]","Jawaban pilihan [3] adalah yang paling tepat!"
"q_coding_pengulangan_111","coding_pengulangan","Langkah menaruh balok: 'Ambil 1 balok, tumpuk di atas. Ulangi sampai ada 4 balok'. Berapa total balok yang tertumpuk?","shapes","🔁",0,0,"=",1,25,"[""4 balok"",""2 balok"",""10 balok""]","Jawaban pilihan [1] adalah yang paling tepat!"
"q_coding_pengulangan_112","coding_pengulangan","Perintah dansa: 'Goyangkan pinggul ke kiri dan kanan (ulangi 3 kali)'. Apa yang diulangi?","shapes","🔁",0,0,"=",3,25,"[""Mata berkedip"",""Makan nasi"",""Gerakan menggoyangkan pinggul""]","Jawaban pilihan [3] adalah yang paling tepat!"
"q_coding_pengulangan_113","coding_pengulangan","Tini mengayuh sepeda dari rumah ke taman. Kaki Tini mengayuh pedal secara...","shapes","🔁",0,0,"=",2,25,"[""Cuma 1 kali lalu berhenti"",""Berulang-ulang sampai tiba"",""Tidak pernah mengayuh""]","Jawaban pilihan [2] adalah yang paling tepat!"
"q_coding_pengulangan_114","coding_pengulangan","GURU berkata: 'Tepuk paha 2 kali (ulangi 2 kali)'. Berapa total tepuk paha?","shapes","🔁",0,0,"=",1,25,"[""4 kali"",""2 kali"",""10 kali""]","Jawaban pilihan [1] adalah yang paling tepat!"
"q_coding_pengulangan_115","coding_pengulangan","Burung mengepakkan sayapnya terus-menerus agar tetap terbang. Gerakan mengepakkan sayap adalah bentuk...","shapes","🔁",0,0,"=",1,25,"[""Pengulangan (Looping)"",""Menulis angka"",""Mencuci piring""]","Jawaban pilihan [1] adalah yang paling tepat!"
"q_coding_pengulangan_116","coding_pengulangan","Lagu 'Naik-Naik ke Puncak Gunung': 'Kiri kanan kulehat saja, banyak pohon cemara'. Mengulang lirik lagu disebut...","shapes","🔁",0,0,"=",1,25,"[""Pengulangan (Looping)"",""Melompat"",""Tidur""]","Jawaban pilihan [1] adalah yang paling tepat!"
"q_coding_pengulangan_117","coding_pengulangan","Ibu berkata: 'Lakukan tepuk tangan sebanyak 3 kali!' Berapa kali kamu menepuk tangan?","shapes","🔁",0,0,"=",1,25,"[""3 kali"",""10 kali"",""1 kali""]","Jawaban pilihan [1] adalah yang paling tepat!"
"q_coding_pengulangan_118","coding_pengulangan","Perintah: 'Lompat kecil 2 kali, lalu berhenti'. Berapa kali kamu melompat?","shapes","🔁",0,0,"=",1,25,"[""2 kali"",""5 kali"",""Tidak melompat""]","Jawaban pilihan [1] adalah yang paling tepat!"
"q_coding_pengulangan_119","coding_pengulangan","Petunjuk lagu: 'Buka tutup pintu (ulangi 4 kali)'. Berapa kali pintu dibuka-tutup?","shapes","🔁",0,0,"=",3,25,"[""1 kali"",""2 kali"",""4 kali""]","Jawaban pilihan [3] adalah yang paling tepat!"
"q_coding_pengulangan_120","coding_pengulangan","Budi memindahkan 5 buah apel satu per satu ke dalam keranjang. Kegiatan memindahkan apel dilakukan berulang sebanyak...","shapes","🔁",0,0,"=",1,25,"[""5 kali"",""1 kali saja"",""100 kali""]","Jawaban pilihan [1] adalah yang paling tepat!"
"q_coding_pengulangan_121","coding_pengulangan","Jika ada perintah 'Putar badan 2 kali', gerakan yang dilakukan adalah...","shapes","🔁",0,0,"=",2,25,"[""Berlari 2 meter"",""Berputar 2 kali"",""Duduk 2 jam""]","Jawaban pilihan [2] adalah yang paling tepat!"
"q_coding_pengulangan_122","coding_pengulangan","Lagu 'Lingkaran Kecil': 'Bikin lingkaran kecil, bikin lingkaran kecil (ulangi terus)'. Konsep ini dinamakan...","shapes","🔁",0,0,"=",1,25,"[""Pengulangan (Looping)"",""Mewarnai"",""Mencuci tangan""]","Jawaban pilihan [1] adalah yang paling tepat!"
"q_coding_pengulangan_123","coding_pengulangan","Ibu meminta Tono memasukkan 3 sendok gula ke cangkir. Tono harus mengulang gerakan mengambil gula sebanyak...","shapes","🔁",0,0,"=",3,25,"[""5 kali"",""1 kali"",""3 kali""]","Jawaban pilihan [3] adalah yang paling tepat!"
"q_coding_pengulangan_124","coding_pengulangan","Langkah menaruh balok: 'Ambil 1 balok, tumpuk di atas. Ulangi sampai ada 4 balok'. Berapa total balok yang tertumpuk?","shapes","🔁",0,0,"=",3,25,"[""2 balok"",""10 balok"",""4 balok""]","Jawaban pilihan [3] adalah yang paling tepat!"
"q_coding_pengulangan_125","coding_pengulangan","Perintah dansa: 'Goyangkan pinggul ke kiri dan kanan (ulangi 3 kali)'. Apa yang diulangi?","shapes","🔁",0,0,"=",2,25,"[""Makan nasi"",""Gerakan menggoyangkan pinggul"",""Mata berkedip""]","Jawaban pilihan [2] adalah yang paling tepat!"
"q_coding_pengulangan_126","coding_pengulangan","Tini mengayuh sepeda dari rumah ke taman. Kaki Tini mengayuh pedal secara...","shapes","🔁",0,0,"=",3,25,"[""Cuma 1 kali lalu berhenti"",""Tidak pernah mengayuh"",""Berulang-ulang sampai tiba""]","Jawaban pilihan [3] adalah yang paling tepat!"
"q_coding_pengulangan_127","coding_pengulangan","GURU berkata: 'Tepuk paha 2 kali (ulangi 2 kali)'. Berapa total tepuk paha?","shapes","🔁",0,0,"=",3,25,"[""2 kali"",""10 kali"",""4 kali""]","Jawaban pilihan [3] adalah yang paling tepat!"
"q_coding_pengulangan_128","coding_pengulangan","Burung mengepakkan sayapnya terus-menerus agar tetap terbang. Gerakan mengepakkan sayap adalah bentuk...","shapes","🔁",0,0,"=",2,25,"[""Menulis angka"",""Pengulangan (Looping)"",""Mencuci piring""]","Jawaban pilihan [2] adalah yang paling tepat!"
"q_coding_pengulangan_129","coding_pengulangan","Lagu 'Naik-Naik ke Puncak Gunung': 'Kiri kanan kulehat saja, banyak pohon cemara'. Mengulang lirik lagu disebut...","shapes","🔁",0,0,"=",2,25,"[""Tidur"",""Pengulangan (Looping)"",""Melompat""]","Jawaban pilihan [2] adalah yang paling tepat!"
"q_coding_pengulangan_130","coding_pengulangan","Ibu berkata: 'Lakukan tepuk tangan sebanyak 3 kali!' Berapa kali kamu menepuk tangan?","shapes","🔁",0,0,"=",1,25,"[""3 kali"",""1 kali"",""10 kali""]","Jawaban pilihan [1] adalah yang paling tepat!"
"q_coding_pengulangan_131","coding_pengulangan","Perintah: 'Lompat kecil 2 kali, lalu berhenti'. Berapa kali kamu melompat?","shapes","🔁",0,0,"=",1,25,"[""2 kali"",""Tidak melompat"",""5 kali""]","Jawaban pilihan [1] adalah yang paling tepat!"
"q_coding_pengulangan_132","coding_pengulangan","Petunjuk lagu: 'Buka tutup pintu (ulangi 4 kali)'. Berapa kali pintu dibuka-tutup?","shapes","🔁",0,0,"=",2,25,"[""1 kali"",""4 kali"",""2 kali""]","Jawaban pilihan [2] adalah yang paling tepat!"
"q_coding_pengulangan_133","coding_pengulangan","Uwaiz memindahkan 5 buah apel satu per satu ke dalam keranjang. Kegiatan memindahkan apel dilakukan berulang sebanyak...","shapes","🔁",0,0,"=",2,25,"[""100 kali"",""5 kali"",""1 kali saja""]","Jawaban pilihan [2] adalah yang paling tepat!"
"q_coding_pengulangan_134","coding_pengulangan","Jika ada perintah 'Putar badan 2 kali', gerakan yang dilakukan adalah...","shapes","🔁",0,0,"=",1,25,"[""Berputar 2 kali"",""Duduk 2 jam"",""Berlari 2 meter""]","Jawaban pilihan [1] adalah yang paling tepat!"
"q_coding_pengulangan_135","coding_pengulangan","Lagu 'Lingkaran Kecil': 'Bikin lingkaran kecil, bikin lingkaran kecil (ulangi terus)'. Konsep ini dinamakan...","shapes","🔁",0,0,"=",3,25,"[""Mewarnai"",""Mencuci tangan"",""Pengulangan (Looping)""]","Jawaban pilihan [3] adalah yang paling tepat!"
"q_coding_pengulangan_136","coding_pengulangan","Ibu meminta Tono memasukkan 3 sendok gula ke cangkir. Tono harus mengulang gerakan mengambil gula sebanyak...","shapes","🔁",0,0,"=",2,25,"[""1 kali"",""3 kali"",""5 kali""]","Jawaban pilihan [2] adalah yang paling tepat!"
"q_coding_pengulangan_137","coding_pengulangan","Langkah menaruh balok: 'Ambil 1 balok, tumpuk di atas. Ulangi sampai ada 4 balok'. Berapa total balok yang tertumpuk?","shapes","🔁",0,0,"=",3,25,"[""2 balok"",""10 balok"",""4 balok""]","Jawaban pilihan [3] adalah yang paling tepat!"
"q_coding_pengulangan_138","coding_pengulangan","Perintah dansa: 'Goyangkan pinggul ke kiri dan kanan (ulangi 3 kali)'. Apa yang diulangi?","shapes","🔁",0,0,"=",2,25,"[""Mata berkedip"",""Gerakan menggoyangkan pinggul"",""Makan nasi""]","Jawaban pilihan [2] adalah yang paling tepat!"
"q_coding_pengulangan_139","coding_pengulangan","Tini mengayuh sepeda dari rumah ke taman. Kaki Tini mengayuh pedal secara...","shapes","🔁",0,0,"=",2,25,"[""Cuma 1 kali lalu berhenti"",""Berulang-ulang sampai tiba"",""Tidak pernah mengayuh""]","Jawaban pilihan [2] adalah yang paling tepat!"
"q_coding_pengulangan_140","coding_pengulangan","GURU berkata: 'Tepuk paha 2 kali (ulangi 2 kali)'. Berapa total tepuk paha?","shapes","🔁",0,0,"=",2,25,"[""2 kali"",""4 kali"",""10 kali""]","Jawaban pilihan [2] adalah yang paling tepat!"
"q_coding_pengulangan_141","coding_pengulangan","Burung mengepakkan sayapnya terus-menerus agar tetap terbang. Gerakan mengepakkan sayap adalah bentuk...","shapes","🔁",0,0,"=",1,25,"[""Pengulangan (Looping)"",""Mencuci piring"",""Menulis angka""]","Jawaban pilihan [1] adalah yang paling tepat!"
"q_coding_pengulangan_142","coding_pengulangan","Lagu 'Naik-Naik ke Puncak Gunung': 'Kiri kanan kulehat saja, banyak pohon cemara'. Mengulang lirik lagu disebut...","shapes","🔁",0,0,"=",1,25,"[""Pengulangan (Looping)"",""Melompat"",""Tidur""]","Jawaban pilihan [1] adalah yang paling tepat!"
"q_coding_pengulangan_143","coding_pengulangan","Ibu berkata: 'Lakukan tepuk tangan sebanyak 3 kali!' Berapa kali kamu menepuk tangan?","shapes","🔁",0,0,"=",3,25,"[""1 kali"",""10 kali"",""3 kali""]","Jawaban pilihan [3] adalah yang paling tepat!"
"q_coding_pengulangan_144","coding_pengulangan","Perintah: 'Lompat kecil 2 kali, lalu berhenti'. Berapa kali kamu melompat?","shapes","🔁",0,0,"=",3,25,"[""Tidak melompat"",""5 kali"",""2 kali""]","Jawaban pilihan [3] adalah yang paling tepat!"
"q_coding_pengulangan_145","coding_pengulangan","Petunjuk lagu: 'Buka tutup pintu (ulangi 4 kali)'. Berapa kali pintu dibuka-tutup?","shapes","🔁",0,0,"=",1,25,"[""4 kali"",""2 kali"",""1 kali""]","Jawaban pilihan [1] adalah yang paling tepat!"
"q_coding_pengulangan_146","coding_pengulangan","Alif memindahkan 5 buah apel satu per satu ke dalam keranjang. Kegiatan memindahkan apel dilakukan berulang sebanyak...","shapes","🔁",0,0,"=",1,25,"[""5 kali"",""1 kali saja"",""100 kali""]","Jawaban pilihan [1] adalah yang paling tepat!"
"q_coding_pengulangan_147","coding_pengulangan","Jika ada perintah 'Putar badan 2 kali', gerakan yang dilakukan adalah...","shapes","🔁",0,0,"=",1,25,"[""Berputar 2 kali"",""Berlari 2 meter"",""Duduk 2 jam""]","Jawaban pilihan [1] adalah yang paling tepat!"
"q_coding_pengulangan_148","coding_pengulangan","Lagu 'Lingkaran Kecil': 'Bikin lingkaran kecil, bikin lingkaran kecil (ulangi terus)'. Konsep ini dinamakan...","shapes","🔁",0,0,"=",2,25,"[""Mencuci tangan"",""Pengulangan (Looping)"",""Mewarnai""]","Jawaban pilihan [2] adalah yang paling tepat!"
"q_coding_pengulangan_149","coding_pengulangan","Ibu meminta Tono memasukkan 3 sendok gula ke cangkir. Tono harus mengulang gerakan mengambil gula sebanyak...","shapes","🔁",0,0,"=",3,25,"[""5 kali"",""1 kali"",""3 kali""]","Jawaban pilihan [3] adalah yang paling tepat!"
"q_coding_pengulangan_150","coding_pengulangan","Langkah menaruh balok: 'Ambil 1 balok, tumpuk di atas. Ulangi sampai ada 4 balok'. Berapa total balok yang tertumpuk?","shapes","🔁",0,0,"=",3,25,"[""10 balok"",""2 balok"",""4 balok""]","Jawaban pilihan [3] adalah yang paling tepat!"
"q_coding_pengulangan_151","coding_pengulangan","Perintah dansa: 'Goyangkan pinggul ke kiri dan kanan (ulangi 3 kali)'. Apa yang diulangi?","shapes","🔁",0,0,"=",2,25,"[""Makan nasi"",""Gerakan menggoyangkan pinggul"",""Mata berkedip""]","Jawaban pilihan [2] adalah yang paling tepat!"
"q_coding_pengulangan_152","coding_pengulangan","Tini mengayuh sepeda dari rumah ke taman. Kaki Tini mengayuh pedal secara...","shapes","🔁",0,0,"=",2,25,"[""Cuma 1 kali lalu berhenti"",""Berulang-ulang sampai tiba"",""Tidak pernah mengayuh""]","Jawaban pilihan [2] adalah yang paling tepat!"
"q_coding_pengulangan_153","coding_pengulangan","GURU berkata: 'Tepuk paha 2 kali (ulangi 2 kali)'. Berapa total tepuk paha?","shapes","🔁",0,0,"=",1,25,"[""4 kali"",""2 kali"",""10 kali""]","Jawaban pilihan [1] adalah yang paling tepat!"
"q_coding_pengulangan_154","coding_pengulangan","Burung mengepakkan sayapnya terus-menerus agar tetap terbang. Gerakan mengepakkan sayap adalah bentuk...","shapes","🔁",0,0,"=",1,25,"[""Pengulangan (Looping)"",""Mencuci piring"",""Menulis angka""]","Jawaban pilihan [1] adalah yang paling tepat!"
"q_coding_pengulangan_155","coding_pengulangan","Lagu 'Naik-Naik ke Puncak Gunung': 'Kiri kanan kulehat saja, banyak pohon cemara'. Mengulang lirik lagu disebut...","shapes","🔁",0,0,"=",1,25,"[""Pengulangan (Looping)"",""Tidur"",""Melompat""]","Jawaban pilihan [1] adalah yang paling tepat!"
"q_coding_pengulangan_156","coding_pengulangan","Ibu berkata: 'Lakukan tepuk tangan sebanyak 3 kali!' Berapa kali kamu menepuk tangan?","shapes","🔁",0,0,"=",1,25,"[""3 kali"",""1 kali"",""10 kali""]","Jawaban pilihan [1] adalah yang paling tepat!"
"q_coding_pengulangan_157","coding_pengulangan","Perintah: 'Lompat kecil 2 kali, lalu berhenti'. Berapa kali kamu melompat?","shapes","🔁",0,0,"=",1,25,"[""2 kali"",""5 kali"",""Tidak melompat""]","Jawaban pilihan [1] adalah yang paling tepat!"
"q_coding_pengulangan_158","coding_pengulangan","Petunjuk lagu: 'Buka tutup pintu (ulangi 4 kali)'. Berapa kali pintu dibuka-tutup?","shapes","🔁",0,0,"=",3,25,"[""2 kali"",""1 kali"",""4 kali""]","Jawaban pilihan [3] adalah yang paling tepat!"
"q_coding_pengulangan_159","coding_pengulangan","Yusuf memindahkan 5 buah apel satu per satu ke dalam keranjang. Kegiatan memindahkan apel dilakukan berulang sebanyak...","shapes","🔁",0,0,"=",3,25,"[""100 kali"",""1 kali saja"",""5 kali""]","Jawaban pilihan [3] adalah yang paling tepat!"
"q_coding_pengulangan_160","coding_pengulangan","Jika ada perintah 'Putar badan 2 kali', gerakan yang dilakukan adalah...","shapes","🔁",0,0,"=",2,25,"[""Duduk 2 jam"",""Berputar 2 kali"",""Berlari 2 meter""]","Jawaban pilihan [2] adalah yang paling tepat!"
"q_coding_pengulangan_161","coding_pengulangan","Lagu 'Lingkaran Kecil': 'Bikin lingkaran kecil, bikin lingkaran kecil (ulangi terus)'. Konsep ini dinamakan...","shapes","🔁",0,0,"=",3,25,"[""Mencuci tangan"",""Mewarnai"",""Pengulangan (Looping)""]","Jawaban pilihan [3] adalah yang paling tepat!"
"q_coding_pengulangan_162","coding_pengulangan","Ibu meminta Tono memasukkan 3 sendok gula ke cangkir. Tono harus mengulang gerakan mengambil gula sebanyak...","shapes","🔁",0,0,"=",1,25,"[""3 kali"",""5 kali"",""1 kali""]","Jawaban pilihan [1] adalah yang paling tepat!"
"q_coding_pengulangan_163","coding_pengulangan","Langkah menaruh balok: 'Ambil 1 balok, tumpuk di atas. Ulangi sampai ada 4 balok'. Berapa total balok yang tertumpuk?","shapes","🔁",0,0,"=",1,25,"[""4 balok"",""10 balok"",""2 balok""]","Jawaban pilihan [1] adalah yang paling tepat!"
"q_coding_pengulangan_164","coding_pengulangan","Perintah dansa: 'Goyangkan pinggul ke kiri dan kanan (ulangi 3 kali)'. Apa yang diulangi?","shapes","🔁",0,0,"=",2,25,"[""Makan nasi"",""Gerakan menggoyangkan pinggul"",""Mata berkedip""]","Jawaban pilihan [2] adalah yang paling tepat!"
"q_coding_pengulangan_165","coding_pengulangan","Tini mengayuh sepeda dari rumah ke taman. Kaki Tini mengayuh pedal secara...","shapes","🔁",0,0,"=",1,25,"[""Berulang-ulang sampai tiba"",""Tidak pernah mengayuh"",""Cuma 1 kali lalu berhenti""]","Jawaban pilihan [1] adalah yang paling tepat!"
"q_coding_pengulangan_166","coding_pengulangan","GURU berkata: 'Tepuk paha 2 kali (ulangi 2 kali)'. Berapa total tepuk paha?","shapes","🔁",0,0,"=",2,25,"[""2 kali"",""4 kali"",""10 kali""]","Jawaban pilihan [2] adalah yang paling tepat!"
"q_coding_pengulangan_167","coding_pengulangan","Burung mengepakkan sayapnya terus-menerus agar tetap terbang. Gerakan mengepakkan sayap adalah bentuk...","shapes","🔁",0,0,"=",1,25,"[""Pengulangan (Looping)"",""Mencuci piring"",""Menulis angka""]","Jawaban pilihan [1] adalah yang paling tepat!"
"q_coding_pengulangan_168","coding_pengulangan","Lagu 'Naik-Naik ke Puncak Gunung': 'Kiri kanan kulehat saja, banyak pohon cemara'. Mengulang lirik lagu disebut...","shapes","🔁",0,0,"=",3,25,"[""Tidur"",""Melompat"",""Pengulangan (Looping)""]","Jawaban pilihan [3] adalah yang paling tepat!"
"q_coding_pengulangan_169","coding_pengulangan","Ibu berkata: 'Lakukan tepuk tangan sebanyak 3 kali!' Berapa kali kamu menepuk tangan?","shapes","🔁",0,0,"=",3,25,"[""10 kali"",""1 kali"",""3 kali""]","Jawaban pilihan [3] adalah yang paling tepat!"
"q_coding_pengulangan_170","coding_pengulangan","Perintah: 'Lompat kecil 2 kali, lalu berhenti'. Berapa kali kamu melompat?","shapes","🔁",0,0,"=",2,25,"[""5 kali"",""2 kali"",""Tidak melompat""]","Jawaban pilihan [2] adalah yang paling tepat!"
"q_coding_pengulangan_171","coding_pengulangan","Petunjuk lagu: 'Buka tutup pintu (ulangi 4 kali)'. Berapa kali pintu dibuka-tutup?","shapes","🔁",0,0,"=",3,25,"[""1 kali"",""2 kali"",""4 kali""]","Jawaban pilihan [3] adalah yang paling tepat!"
"q_coding_pengulangan_172","coding_pengulangan","Rani memindahkan 5 buah apel satu per satu ke dalam keranjang. Kegiatan memindahkan apel dilakukan berulang sebanyak...","shapes","🔁",0,0,"=",2,25,"[""1 kali saja"",""5 kali"",""100 kali""]","Jawaban pilihan [2] adalah yang paling tepat!"
"q_coding_pengulangan_173","coding_pengulangan","Jika ada perintah 'Putar badan 2 kali', gerakan yang dilakukan adalah...","shapes","🔁",0,0,"=",2,25,"[""Duduk 2 jam"",""Berputar 2 kali"",""Berlari 2 meter""]","Jawaban pilihan [2] adalah yang paling tepat!"
"q_coding_pengulangan_174","coding_pengulangan","Lagu 'Lingkaran Kecil': 'Bikin lingkaran kecil, bikin lingkaran kecil (ulangi terus)'. Konsep ini dinamakan...","shapes","🔁",0,0,"=",2,25,"[""Mewarnai"",""Pengulangan (Looping)"",""Mencuci tangan""]","Jawaban pilihan [2] adalah yang paling tepat!"
"q_coding_pengulangan_175","coding_pengulangan","Ibu meminta Tono memasukkan 3 sendok gula ke cangkir. Tono harus mengulang gerakan mengambil gula sebanyak...","shapes","🔁",0,0,"=",3,25,"[""1 kali"",""5 kali"",""3 kali""]","Jawaban pilihan [3] adalah yang paling tepat!"
"q_coding_pengulangan_176","coding_pengulangan","Langkah menaruh balok: 'Ambil 1 balok, tumpuk di atas. Ulangi sampai ada 4 balok'. Berapa total balok yang tertumpuk?","shapes","🔁",0,0,"=",1,25,"[""4 balok"",""2 balok"",""10 balok""]","Jawaban pilihan [1] adalah yang paling tepat!"
"q_coding_pengulangan_177","coding_pengulangan","Perintah dansa: 'Goyangkan pinggul ke kiri dan kanan (ulangi 3 kali)'. Apa yang diulangi?","shapes","🔁",0,0,"=",3,25,"[""Mata berkedip"",""Makan nasi"",""Gerakan menggoyangkan pinggul""]","Jawaban pilihan [3] adalah yang paling tepat!"
"q_coding_pengulangan_178","coding_pengulangan","Tini mengayuh sepeda dari rumah ke taman. Kaki Tini mengayuh pedal secara...","shapes","🔁",0,0,"=",3,25,"[""Tidak pernah mengayuh"",""Cuma 1 kali lalu berhenti"",""Berulang-ulang sampai tiba""]","Jawaban pilihan [3] adalah yang paling tepat!"
"q_coding_pengulangan_179","coding_pengulangan","GURU berkata: 'Tepuk paha 2 kali (ulangi 2 kali)'. Berapa total tepuk paha?","shapes","🔁",0,0,"=",1,25,"[""4 kali"",""2 kali"",""10 kali""]","Jawaban pilihan [1] adalah yang paling tepat!"
"q_coding_pengulangan_180","coding_pengulangan","Burung mengepakkan sayapnya terus-menerus agar tetap terbang. Gerakan mengepakkan sayap adalah bentuk...","shapes","🔁",0,0,"=",1,25,"[""Pengulangan (Looping)"",""Mencuci piring"",""Menulis angka""]","Jawaban pilihan [1] adalah yang paling tepat!"
"q_coding_pengulangan_181","coding_pengulangan","Lagu 'Naik-Naik ke Puncak Gunung': 'Kiri kanan kulehat saja, banyak pohon cemara'. Mengulang lirik lagu disebut...","shapes","🔁",0,0,"=",3,25,"[""Melompat"",""Tidur"",""Pengulangan (Looping)""]","Jawaban pilihan [3] adalah yang paling tepat!"
"q_coding_pengulangan_182","coding_pengulangan","Ibu berkata: 'Lakukan tepuk tangan sebanyak 3 kali!' Berapa kali kamu menepuk tangan?","shapes","🔁",0,0,"=",1,25,"[""3 kali"",""10 kali"",""1 kali""]","Jawaban pilihan [1] adalah yang paling tepat!"
"q_coding_pengulangan_183","coding_pengulangan","Perintah: 'Lompat kecil 2 kali, lalu berhenti'. Berapa kali kamu melompat?","shapes","🔁",0,0,"=",3,25,"[""Tidak melompat"",""5 kali"",""2 kali""]","Jawaban pilihan [3] adalah yang paling tepat!"
"q_coding_pengulangan_184","coding_pengulangan","Petunjuk lagu: 'Buka tutup pintu (ulangi 4 kali)'. Berapa kali pintu dibuka-tutup?","shapes","🔁",0,0,"=",1,25,"[""4 kali"",""1 kali"",""2 kali""]","Jawaban pilihan [1] adalah yang paling tepat!"
"q_coding_pengulangan_185","coding_pengulangan","Hafshah memindahkan 5 buah apel satu per satu ke dalam keranjang. Kegiatan memindahkan apel dilakukan berulang sebanyak...","shapes","🔁",0,0,"=",1,25,"[""5 kali"",""100 kali"",""1 kali saja""]","Jawaban pilihan [1] adalah yang paling tepat!"
"q_coding_pengulangan_186","coding_pengulangan","Jika ada perintah 'Putar badan 2 kali', gerakan yang dilakukan adalah...","shapes","🔁",0,0,"=",3,25,"[""Duduk 2 jam"",""Berlari 2 meter"",""Berputar 2 kali""]","Jawaban pilihan [3] adalah yang paling tepat!"
"q_coding_pengulangan_187","coding_pengulangan","Lagu 'Lingkaran Kecil': 'Bikin lingkaran kecil, bikin lingkaran kecil (ulangi terus)'. Konsep ini dinamakan...","shapes","🔁",0,0,"=",1,25,"[""Pengulangan (Looping)"",""Mencuci tangan"",""Mewarnai""]","Jawaban pilihan [1] adalah yang paling tepat!"
"q_coding_pengulangan_188","coding_pengulangan","Ibu meminta Tono memasukkan 3 sendok gula ke cangkir. Tono harus mengulang gerakan mengambil gula sebanyak...","shapes","🔁",0,0,"=",2,25,"[""1 kali"",""3 kali"",""5 kali""]","Jawaban pilihan [2] adalah yang paling tepat!"
"q_coding_pengulangan_189","coding_pengulangan","Langkah menaruh balok: 'Ambil 1 balok, tumpuk di atas. Ulangi sampai ada 4 balok'. Berapa total balok yang tertumpuk?","shapes","🔁",0,0,"=",2,25,"[""2 balok"",""4 balok"",""10 balok""]","Jawaban pilihan [2] adalah yang paling tepat!"
"q_coding_pengulangan_190","coding_pengulangan","Perintah dansa: 'Goyangkan pinggul ke kiri dan kanan (ulangi 3 kali)'. Apa yang diulangi?","shapes","🔁",0,0,"=",2,25,"[""Mata berkedip"",""Gerakan menggoyangkan pinggul"",""Makan nasi""]","Jawaban pilihan [2] adalah yang paling tepat!"
"q_coding_pengulangan_191","coding_pengulangan","Tini mengayuh sepeda dari rumah ke taman. Kaki Tini mengayuh pedal secara...","shapes","🔁",0,0,"=",1,25,"[""Berulang-ulang sampai tiba"",""Tidak pernah mengayuh"",""Cuma 1 kali lalu berhenti""]","Jawaban pilihan [1] adalah yang paling tepat!"
"q_coding_pengulangan_192","coding_pengulangan","GURU berkata: 'Tepuk paha 2 kali (ulangi 2 kali)'. Berapa total tepuk paha?","shapes","🔁",0,0,"=",2,25,"[""10 kali"",""4 kali"",""2 kali""]","Jawaban pilihan [2] adalah yang paling tepat!"
"q_coding_pengulangan_193","coding_pengulangan","Burung mengepakkan sayapnya terus-menerus agar tetap terbang. Gerakan mengepakkan sayap adalah bentuk...","shapes","🔁",0,0,"=",1,25,"[""Pengulangan (Looping)"",""Mencuci piring"",""Menulis angka""]","Jawaban pilihan [1] adalah yang paling tepat!"
"q_coding_pengulangan_194","coding_pengulangan","Lagu 'Naik-Naik ke Puncak Gunung': 'Kiri kanan kulehat saja, banyak pohon cemara'. Mengulang lirik lagu disebut...","shapes","🔁",0,0,"=",1,25,"[""Pengulangan (Looping)"",""Melompat"",""Tidur""]","Jawaban pilihan [1] adalah yang paling tepat!"
"q_coding_pengulangan_195","coding_pengulangan","Ibu berkata: 'Lakukan tepuk tangan sebanyak 3 kali!' Berapa kali kamu menepuk tangan?","shapes","🔁",0,0,"=",2,25,"[""10 kali"",""3 kali"",""1 kali""]","Jawaban pilihan [2] adalah yang paling tepat!"
"q_coding_pengulangan_196","coding_pengulangan","Perintah: 'Lompat kecil 2 kali, lalu berhenti'. Berapa kali kamu melompat?","shapes","🔁",0,0,"=",2,25,"[""Tidak melompat"",""2 kali"",""5 kali""]","Jawaban pilihan [2] adalah yang paling tepat!"
"q_coding_pengulangan_197","coding_pengulangan","Petunjuk lagu: 'Buka tutup pintu (ulangi 4 kali)'. Berapa kali pintu dibuka-tutup?","shapes","🔁",0,0,"=",2,25,"[""2 kali"",""4 kali"",""1 kali""]","Jawaban pilihan [2] adalah yang paling tepat!"
"q_coding_pengulangan_198","coding_pengulangan","Zaid memindahkan 5 buah apel satu per satu ke dalam keranjang. Kegiatan memindahkan apel dilakukan berulang sebanyak...","shapes","🔁",0,0,"=",3,25,"[""100 kali"",""1 kali saja"",""5 kali""]","Jawaban pilihan [3] adalah yang paling tepat!"
"q_coding_pengulangan_199","coding_pengulangan","Jika ada perintah 'Putar badan 2 kali', gerakan yang dilakukan adalah...","shapes","🔁",0,0,"=",2,25,"[""Duduk 2 jam"",""Berputar 2 kali"",""Berlari 2 meter""]","Jawaban pilihan [2] adalah yang paling tepat!"
"q_coding_pengulangan_200","coding_pengulangan","Lagu 'Lingkaran Kecil': 'Bikin lingkaran kecil, bikin lingkaran kecil (ulangi terus)'. Konsep ini dinamakan...","shapes","🔁",0,0,"=",3,25,"[""Mewarnai"",""Mencuci tangan"",""Pengulangan (Looping)""]","Jawaban pilihan [3] adalah yang paling tepat!"
"q_coding_pengulangan_201","coding_pengulangan","Ibu meminta Tono memasukkan 3 sendok gula ke cangkir. Tono harus mengulang gerakan mengambil gula sebanyak...","shapes","🔁",0,0,"=",3,25,"[""5 kali"",""1 kali"",""3 kali""]","Jawaban pilihan [3] adalah yang paling tepat!"
"q_coding_pengulangan_202","coding_pengulangan","Langkah menaruh balok: 'Ambil 1 balok, tumpuk di atas. Ulangi sampai ada 4 balok'. Berapa total balok yang tertumpuk?","shapes","🔁",0,0,"=",3,25,"[""10 balok"",""2 balok"",""4 balok""]","Jawaban pilihan [3] adalah yang paling tepat!"
"q_coding_pengulangan_203","coding_pengulangan","Perintah dansa: 'Goyangkan pinggul ke kiri dan kanan (ulangi 3 kali)'. Apa yang diulangi?","shapes","🔁",0,0,"=",3,25,"[""Makan nasi"",""Mata berkedip"",""Gerakan menggoyangkan pinggul""]","Jawaban pilihan [3] adalah yang paling tepat!"
"q_coding_pengulangan_204","coding_pengulangan","Tini mengayuh sepeda dari rumah ke taman. Kaki Tini mengayuh pedal secara...","shapes","🔁",0,0,"=",2,25,"[""Tidak pernah mengayuh"",""Berulang-ulang sampai tiba"",""Cuma 1 kali lalu berhenti""]","Jawaban pilihan [2] adalah yang paling tepat!"
"q_coding_pengulangan_205","coding_pengulangan","GURU berkata: 'Tepuk paha 2 kali (ulangi 2 kali)'. Berapa total tepuk paha?","shapes","🔁",0,0,"=",3,25,"[""2 kali"",""10 kali"",""4 kali""]","Jawaban pilihan [3] adalah yang paling tepat!"
"q_coding_pengulangan_206","coding_pengulangan","Burung mengepakkan sayapnya terus-menerus agar tetap terbang. Gerakan mengepakkan sayap adalah bentuk...","shapes","🔁",0,0,"=",2,25,"[""Menulis angka"",""Pengulangan (Looping)"",""Mencuci piring""]","Jawaban pilihan [2] adalah yang paling tepat!"
"q_coding_pengulangan_207","coding_pengulangan","Lagu 'Naik-Naik ke Puncak Gunung': 'Kiri kanan kulehat saja, banyak pohon cemara'. Mengulang lirik lagu disebut...","shapes","🔁",0,0,"=",2,25,"[""Tidur"",""Pengulangan (Looping)"",""Melompat""]","Jawaban pilihan [2] adalah yang paling tepat!"
"q_coding_pengulangan_208","coding_pengulangan","Ibu berkata: 'Lakukan tepuk tangan sebanyak 3 kali!' Berapa kali kamu menepuk tangan?","shapes","🔁",0,0,"=",3,25,"[""10 kali"",""1 kali"",""3 kali""]","Jawaban pilihan [3] adalah yang paling tepat!"
"q_coding_pengulangan_209","coding_pengulangan","Perintah: 'Lompat kecil 2 kali, lalu berhenti'. Berapa kali kamu melompat?","shapes","🔁",0,0,"=",3,25,"[""5 kali"",""Tidak melompat"",""2 kali""]","Jawaban pilihan [3] adalah yang paling tepat!"
"q_coding_pengulangan_210","coding_pengulangan","Petunjuk lagu: 'Buka tutup pintu (ulangi 4 kali)'. Berapa kali pintu dibuka-tutup?","shapes","🔁",0,0,"=",1,25,"[""4 kali"",""2 kali"",""1 kali""]","Jawaban pilihan [1] adalah yang paling tepat!"
"q_coding_pengulangan_211","coding_pengulangan","Siti memindahkan 5 buah apel satu per satu ke dalam keranjang. Kegiatan memindahkan apel dilakukan berulang sebanyak...","shapes","🔁",0,0,"=",1,25,"[""5 kali"",""100 kali"",""1 kali saja""]","Jawaban pilihan [1] adalah yang paling tepat!"
"q_coding_pengulangan_212","coding_pengulangan","Jika ada perintah 'Putar badan 2 kali', gerakan yang dilakukan adalah...","shapes","🔁",0,0,"=",3,25,"[""Berlari 2 meter"",""Duduk 2 jam"",""Berputar 2 kali""]","Jawaban pilihan [3] adalah yang paling tepat!"
"q_coding_pengulangan_213","coding_pengulangan","Lagu 'Lingkaran Kecil': 'Bikin lingkaran kecil, bikin lingkaran kecil (ulangi terus)'. Konsep ini dinamakan...","shapes","🔁",0,0,"=",2,25,"[""Mencuci tangan"",""Pengulangan (Looping)"",""Mewarnai""]","Jawaban pilihan [2] adalah yang paling tepat!"
"q_coding_pengulangan_214","coding_pengulangan","Ibu meminta Tono memasukkan 3 sendok gula ke cangkir. Tono harus mengulang gerakan mengambil gula sebanyak...","shapes","🔁",0,0,"=",3,25,"[""1 kali"",""5 kali"",""3 kali""]","Jawaban pilihan [3] adalah yang paling tepat!"
"q_coding_pengulangan_215","coding_pengulangan","Langkah menaruh balok: 'Ambil 1 balok, tumpuk di atas. Ulangi sampai ada 4 balok'. Berapa total balok yang tertumpuk?","shapes","🔁",0,0,"=",1,25,"[""4 balok"",""10 balok"",""2 balok""]","Jawaban pilihan [1] adalah yang paling tepat!"
"q_coding_pengulangan_216","coding_pengulangan","Perintah dansa: 'Goyangkan pinggul ke kiri dan kanan (ulangi 3 kali)'. Apa yang diulangi?","shapes","🔁",0,0,"=",3,25,"[""Makan nasi"",""Mata berkedip"",""Gerakan menggoyangkan pinggul""]","Jawaban pilihan [3] adalah yang paling tepat!"
"q_coding_pengulangan_217","coding_pengulangan","Tini mengayuh sepeda dari rumah ke taman. Kaki Tini mengayuh pedal secara...","shapes","🔁",0,0,"=",3,25,"[""Cuma 1 kali lalu berhenti"",""Tidak pernah mengayuh"",""Berulang-ulang sampai tiba""]","Jawaban pilihan [3] adalah yang paling tepat!"
"q_coding_pengulangan_218","coding_pengulangan","GURU berkata: 'Tepuk paha 2 kali (ulangi 2 kali)'. Berapa total tepuk paha?","shapes","🔁",0,0,"=",3,25,"[""10 kali"",""2 kali"",""4 kali""]","Jawaban pilihan [3] adalah yang paling tepat!"
"q_coding_pengulangan_219","coding_pengulangan","Burung mengepakkan sayapnya terus-menerus agar tetap terbang. Gerakan mengepakkan sayap adalah bentuk...","shapes","🔁",0,0,"=",1,25,"[""Pengulangan (Looping)"",""Mencuci piring"",""Menulis angka""]","Jawaban pilihan [1] adalah yang paling tepat!"
"q_coding_pengulangan_220","coding_pengulangan","Lagu 'Naik-Naik ke Puncak Gunung': 'Kiri kanan kulehat saja, banyak pohon cemara'. Mengulang lirik lagu disebut...","shapes","🔁",0,0,"=",3,25,"[""Tidur"",""Melompat"",""Pengulangan (Looping)""]","Jawaban pilihan [3] adalah yang paling tepat!"
"q_coding_pengulangan_221","coding_pengulangan","Ibu berkata: 'Lakukan tepuk tangan sebanyak 3 kali!' Berapa kali kamu menepuk tangan?","shapes","🔁",0,0,"=",1,25,"[""3 kali"",""10 kali"",""1 kali""]","Jawaban pilihan [1] adalah yang paling tepat!"
"q_coding_pengulangan_222","coding_pengulangan","Perintah: 'Lompat kecil 2 kali, lalu berhenti'. Berapa kali kamu melompat?","shapes","🔁",0,0,"=",3,25,"[""5 kali"",""Tidak melompat"",""2 kali""]","Jawaban pilihan [3] adalah yang paling tepat!"
"q_coding_pengulangan_223","coding_pengulangan","Petunjuk lagu: 'Buka tutup pintu (ulangi 4 kali)'. Berapa kali pintu dibuka-tutup?","shapes","🔁",0,0,"=",3,25,"[""1 kali"",""2 kali"",""4 kali""]","Jawaban pilihan [3] adalah yang paling tepat!"
"q_coding_pengulangan_224","coding_pengulangan","Myesha memindahkan 5 buah apel satu per satu ke dalam keranjang. Kegiatan memindahkan apel dilakukan berulang sebanyak...","shapes","🔁",0,0,"=",2,25,"[""1 kali saja"",""5 kali"",""100 kali""]","Jawaban pilihan [2] adalah yang paling tepat!"
"q_coding_pengulangan_225","coding_pengulangan","Jika ada perintah 'Putar badan 2 kali', gerakan yang dilakukan adalah...","shapes","🔁",0,0,"=",3,25,"[""Duduk 2 jam"",""Berlari 2 meter"",""Berputar 2 kali""]","Jawaban pilihan [3] adalah yang paling tepat!"
"q_coding_pengulangan_226","coding_pengulangan","Lagu 'Lingkaran Kecil': 'Bikin lingkaran kecil, bikin lingkaran kecil (ulangi terus)'. Konsep ini dinamakan...","shapes","🔁",0,0,"=",3,25,"[""Mencuci tangan"",""Mewarnai"",""Pengulangan (Looping)""]","Jawaban pilihan [3] adalah yang paling tepat!"
"q_coding_pengulangan_227","coding_pengulangan","Ibu meminta Tono memasukkan 3 sendok gula ke cangkir. Tono harus mengulang gerakan mengambil gula sebanyak...","shapes","🔁",0,0,"=",2,25,"[""1 kali"",""3 kali"",""5 kali""]","Jawaban pilihan [2] adalah yang paling tepat!"
"q_coding_pengulangan_228","coding_pengulangan","Langkah menaruh balok: 'Ambil 1 balok, tumpuk di atas. Ulangi sampai ada 4 balok'. Berapa total balok yang tertumpuk?","shapes","🔁",0,0,"=",3,25,"[""2 balok"",""10 balok"",""4 balok""]","Jawaban pilihan [3] adalah yang paling tepat!"
"q_coding_pengulangan_229","coding_pengulangan","Perintah dansa: 'Goyangkan pinggul ke kiri dan kanan (ulangi 3 kali)'. Apa yang diulangi?","shapes","🔁",0,0,"=",2,25,"[""Mata berkedip"",""Gerakan menggoyangkan pinggul"",""Makan nasi""]","Jawaban pilihan [2] adalah yang paling tepat!"
"q_coding_pengulangan_230","coding_pengulangan","Tini mengayuh sepeda dari rumah ke taman. Kaki Tini mengayuh pedal secara...","shapes","🔁",0,0,"=",1,25,"[""Berulang-ulang sampai tiba"",""Tidak pernah mengayuh"",""Cuma 1 kali lalu berhenti""]","Jawaban pilihan [1] adalah yang paling tepat!"
"q_coding_pengulangan_231","coding_pengulangan","GURU berkata: 'Tepuk paha 2 kali (ulangi 2 kali)'. Berapa total tepuk paha?","shapes","🔁",0,0,"=",3,25,"[""2 kali"",""10 kali"",""4 kali""]","Jawaban pilihan [3] adalah yang paling tepat!"
"q_coding_pengulangan_232","coding_pengulangan","Burung mengepakkan sayapnya terus-menerus agar tetap terbang. Gerakan mengepakkan sayap adalah bentuk...","shapes","🔁",0,0,"=",3,25,"[""Mencuci piring"",""Menulis angka"",""Pengulangan (Looping)""]","Jawaban pilihan [3] adalah yang paling tepat!"
"q_coding_pengulangan_233","coding_pengulangan","Lagu 'Naik-Naik ke Puncak Gunung': 'Kiri kanan kulehat saja, banyak pohon cemara'. Mengulang lirik lagu disebut...","shapes","🔁",0,0,"=",2,25,"[""Melompat"",""Pengulangan (Looping)"",""Tidur""]","Jawaban pilihan [2] adalah yang paling tepat!"
"q_coding_pengulangan_234","coding_pengulangan","Ibu berkata: 'Lakukan tepuk tangan sebanyak 3 kali!' Berapa kali kamu menepuk tangan?","shapes","🔁",0,0,"=",1,25,"[""3 kali"",""1 kali"",""10 kali""]","Jawaban pilihan [1] adalah yang paling tepat!"
"q_coding_pengulangan_235","coding_pengulangan","Perintah: 'Lompat kecil 2 kali, lalu berhenti'. Berapa kali kamu melompat?","shapes","🔁",0,0,"=",3,25,"[""5 kali"",""Tidak melompat"",""2 kali""]","Jawaban pilihan [3] adalah yang paling tepat!"
"q_coding_pengulangan_236","coding_pengulangan","Petunjuk lagu: 'Buka tutup pintu (ulangi 4 kali)'. Berapa kali pintu dibuka-tutup?","shapes","🔁",0,0,"=",2,25,"[""1 kali"",""4 kali"",""2 kali""]","Jawaban pilihan [2] adalah yang paling tepat!"
"q_coding_pengulangan_237","coding_pengulangan","Fatimah memindahkan 5 buah apel satu per satu ke dalam keranjang. Kegiatan memindahkan apel dilakukan berulang sebanyak...","shapes","🔁",0,0,"=",3,25,"[""100 kali"",""1 kali saja"",""5 kali""]","Jawaban pilihan [3] adalah yang paling tepat!"
"q_coding_pengulangan_238","coding_pengulangan","Jika ada perintah 'Putar badan 2 kali', gerakan yang dilakukan adalah...","shapes","🔁",0,0,"=",3,25,"[""Berlari 2 meter"",""Duduk 2 jam"",""Berputar 2 kali""]","Jawaban pilihan [3] adalah yang paling tepat!"
"q_coding_pengulangan_239","coding_pengulangan","Lagu 'Lingkaran Kecil': 'Bikin lingkaran kecil, bikin lingkaran kecil (ulangi terus)'. Konsep ini dinamakan...","shapes","🔁",0,0,"=",2,25,"[""Mencuci tangan"",""Pengulangan (Looping)"",""Mewarnai""]","Jawaban pilihan [2] adalah yang paling tepat!"
"q_coding_pengulangan_240","coding_pengulangan","Ibu meminta Tono memasukkan 3 sendok gula ke cangkir. Tono harus mengulang gerakan mengambil gula sebanyak...","shapes","🔁",0,0,"=",2,25,"[""1 kali"",""3 kali"",""5 kali""]","Jawaban pilihan [2] adalah yang paling tepat!"
"q_coding_pengulangan_241","coding_pengulangan","Langkah menaruh balok: 'Ambil 1 balok, tumpuk di atas. Ulangi sampai ada 4 balok'. Berapa total balok yang tertumpuk?","shapes","🔁",0,0,"=",1,25,"[""4 balok"",""10 balok"",""2 balok""]","Jawaban pilihan [1] adalah yang paling tepat!"
"q_coding_pengulangan_242","coding_pengulangan","Perintah dansa: 'Goyangkan pinggul ke kiri dan kanan (ulangi 3 kali)'. Apa yang diulangi?","shapes","🔁",0,0,"=",2,25,"[""Mata berkedip"",""Gerakan menggoyangkan pinggul"",""Makan nasi""]","Jawaban pilihan [2] adalah yang paling tepat!"
"q_coding_pengulangan_243","coding_pengulangan","Tini mengayuh sepeda dari rumah ke taman. Kaki Tini mengayuh pedal secara...","shapes","🔁",0,0,"=",1,25,"[""Berulang-ulang sampai tiba"",""Tidak pernah mengayuh"",""Cuma 1 kali lalu berhenti""]","Jawaban pilihan [1] adalah yang paling tepat!"
"q_coding_pengulangan_244","coding_pengulangan","GURU berkata: 'Tepuk paha 2 kali (ulangi 2 kali)'. Berapa total tepuk paha?","shapes","🔁",0,0,"=",3,25,"[""2 kali"",""10 kali"",""4 kali""]","Jawaban pilihan [3] adalah yang paling tepat!"
"q_coding_pengulangan_245","coding_pengulangan","Burung mengepakkan sayapnya terus-menerus agar tetap terbang. Gerakan mengepakkan sayap adalah bentuk...","shapes","🔁",0,0,"=",3,25,"[""Mencuci piring"",""Menulis angka"",""Pengulangan (Looping)""]","Jawaban pilihan [3] adalah yang paling tepat!"
"q_coding_pengulangan_246","coding_pengulangan","Lagu 'Naik-Naik ke Puncak Gunung': 'Kiri kanan kulehat saja, banyak pohon cemara'. Mengulang lirik lagu disebut...","shapes","🔁",0,0,"=",1,25,"[""Pengulangan (Looping)"",""Tidur"",""Melompat""]","Jawaban pilihan [1] adalah yang paling tepat!"
"q_coding_pengulangan_247","coding_pengulangan","Ibu berkata: 'Lakukan tepuk tangan sebanyak 3 kali!' Berapa kali kamu menepuk tangan?","shapes","🔁",0,0,"=",1,25,"[""3 kali"",""10 kali"",""1 kali""]","Jawaban pilihan [1] adalah yang paling tepat!"
"q_coding_pengulangan_248","coding_pengulangan","Perintah: 'Lompat kecil 2 kali, lalu berhenti'. Berapa kali kamu melompat?","shapes","🔁",0,0,"=",2,25,"[""Tidak melompat"",""2 kali"",""5 kali""]","Jawaban pilihan [2] adalah yang paling tepat!"
"q_coding_pengulangan_249","coding_pengulangan","Petunjuk lagu: 'Buka tutup pintu (ulangi 4 kali)'. Berapa kali pintu dibuka-tutup?","shapes","🔁",0,0,"=",1,25,"[""4 kali"",""1 kali"",""2 kali""]","Jawaban pilihan [1] adalah yang paling tepat!"
"q_coding_pengulangan_250","coding_pengulangan","Budi memindahkan 5 buah apel satu per satu ke dalam keranjang. Kegiatan memindahkan apel dilakukan berulang sebanyak...","shapes","🔁",0,0,"=",3,25,"[""100 kali"",""1 kali saja"",""5 kali""]","Jawaban pilihan [3] adalah yang paling tepat!"
"q_coding_pengulangan_251","coding_pengulangan","Jika ada perintah 'Putar badan 2 kali', gerakan yang dilakukan adalah...","shapes","🔁",0,0,"=",3,25,"[""Berlari 2 meter"",""Duduk 2 jam"",""Berputar 2 kali""]","Jawaban pilihan [3] adalah yang paling tepat!"
"q_coding_pengulangan_252","coding_pengulangan","Lagu 'Lingkaran Kecil': 'Bikin lingkaran kecil, bikin lingkaran kecil (ulangi terus)'. Konsep ini dinamakan...","shapes","🔁",0,0,"=",1,25,"[""Pengulangan (Looping)"",""Mencuci tangan"",""Mewarnai""]","Jawaban pilihan [1] adalah yang paling tepat!"
"q_coding_pengulangan_253","coding_pengulangan","Ibu meminta Tono memasukkan 3 sendok gula ke cangkir. Tono harus mengulang gerakan mengambil gula sebanyak...","shapes","🔁",0,0,"=",1,25,"[""3 kali"",""1 kali"",""5 kali""]","Jawaban pilihan [1] adalah yang paling tepat!"
"q_coding_pengulangan_254","coding_pengulangan","Langkah menaruh balok: 'Ambil 1 balok, tumpuk di atas. Ulangi sampai ada 4 balok'. Berapa total balok yang tertumpuk?","shapes","🔁",0,0,"=",2,25,"[""10 balok"",""4 balok"",""2 balok""]","Jawaban pilihan [2] adalah yang paling tepat!"
"q_coding_pengulangan_255","coding_pengulangan","Perintah dansa: 'Goyangkan pinggul ke kiri dan kanan (ulangi 3 kali)'. Apa yang diulangi?","shapes","🔁",0,0,"=",2,25,"[""Makan nasi"",""Gerakan menggoyangkan pinggul"",""Mata berkedip""]","Jawaban pilihan [2] adalah yang paling tepat!"
"q_coding_pengulangan_256","coding_pengulangan","Tini mengayuh sepeda dari rumah ke taman. Kaki Tini mengayuh pedal secara...","shapes","🔁",0,0,"=",1,25,"[""Berulang-ulang sampai tiba"",""Tidak pernah mengayuh"",""Cuma 1 kali lalu berhenti""]","Jawaban pilihan [1] adalah yang paling tepat!"
"q_coding_pengulangan_257","coding_pengulangan","GURU berkata: 'Tepuk paha 2 kali (ulangi 2 kali)'. Berapa total tepuk paha?","shapes","🔁",0,0,"=",3,25,"[""10 kali"",""2 kali"",""4 kali""]","Jawaban pilihan [3] adalah yang paling tepat!"
"q_coding_pengulangan_258","coding_pengulangan","Burung mengepakkan sayapnya terus-menerus agar tetap terbang. Gerakan mengepakkan sayap adalah bentuk...","shapes","🔁",0,0,"=",3,25,"[""Mencuci piring"",""Menulis angka"",""Pengulangan (Looping)""]","Jawaban pilihan [3] adalah yang paling tepat!"
"q_coding_pengulangan_259","coding_pengulangan","Lagu 'Naik-Naik ke Puncak Gunung': 'Kiri kanan kulehat saja, banyak pohon cemara'. Mengulang lirik lagu disebut...","shapes","🔁",0,0,"=",2,25,"[""Tidur"",""Pengulangan (Looping)"",""Melompat""]","Jawaban pilihan [2] adalah yang paling tepat!"
"q_coding_pengulangan_260","coding_pengulangan","Ibu berkata: 'Lakukan tepuk tangan sebanyak 3 kali!' Berapa kali kamu menepuk tangan?","shapes","🔁",0,0,"=",2,25,"[""10 kali"",""3 kali"",""1 kali""]","Jawaban pilihan [2] adalah yang paling tepat!"
"q_coding_pengulangan_261","coding_pengulangan","Perintah: 'Lompat kecil 2 kali, lalu berhenti'. Berapa kali kamu melompat?","shapes","🔁",0,0,"=",1,25,"[""2 kali"",""5 kali"",""Tidak melompat""]","Jawaban pilihan [1] adalah yang paling tepat!"
"q_coding_pengulangan_262","coding_pengulangan","Petunjuk lagu: 'Buka tutup pintu (ulangi 4 kali)'. Berapa kali pintu dibuka-tutup?","shapes","🔁",0,0,"=",1,25,"[""4 kali"",""2 kali"",""1 kali""]","Jawaban pilihan [1] adalah yang paling tepat!"
"q_coding_pengulangan_263","coding_pengulangan","Uwaiz memindahkan 5 buah apel satu per satu ke dalam keranjang. Kegiatan memindahkan apel dilakukan berulang sebanyak...","shapes","🔁",0,0,"=",1,25,"[""5 kali"",""1 kali saja"",""100 kali""]","Jawaban pilihan [1] adalah yang paling tepat!"
"q_coding_pengulangan_264","coding_pengulangan","Jika ada perintah 'Putar badan 2 kali', gerakan yang dilakukan adalah...","shapes","🔁",0,0,"=",2,25,"[""Duduk 2 jam"",""Berputar 2 kali"",""Berlari 2 meter""]","Jawaban pilihan [2] adalah yang paling tepat!"
"q_coding_pengulangan_265","coding_pengulangan","Lagu 'Lingkaran Kecil': 'Bikin lingkaran kecil, bikin lingkaran kecil (ulangi terus)'. Konsep ini dinamakan...","shapes","🔁",0,0,"=",2,25,"[""Mewarnai"",""Pengulangan (Looping)"",""Mencuci tangan""]","Jawaban pilihan [2] adalah yang paling tepat!"
"q_coding_pengulangan_266","coding_pengulangan","Ibu meminta Tono memasukkan 3 sendok gula ke cangkir. Tono harus mengulang gerakan mengambil gula sebanyak...","shapes","🔁",0,0,"=",3,25,"[""5 kali"",""1 kali"",""3 kali""]","Jawaban pilihan [3] adalah yang paling tepat!"
"q_coding_pengulangan_267","coding_pengulangan","Langkah menaruh balok: 'Ambil 1 balok, tumpuk di atas. Ulangi sampai ada 4 balok'. Berapa total balok yang tertumpuk?","shapes","🔁",0,0,"=",3,25,"[""10 balok"",""2 balok"",""4 balok""]","Jawaban pilihan [3] adalah yang paling tepat!"
"q_coding_pengulangan_268","coding_pengulangan","Perintah dansa: 'Goyangkan pinggul ke kiri dan kanan (ulangi 3 kali)'. Apa yang diulangi?","shapes","🔁",0,0,"=",3,25,"[""Mata berkedip"",""Makan nasi"",""Gerakan menggoyangkan pinggul""]","Jawaban pilihan [3] adalah yang paling tepat!"
"q_coding_pengulangan_269","coding_pengulangan","Tini mengayuh sepeda dari rumah ke taman. Kaki Tini mengayuh pedal secara...","shapes","🔁",0,0,"=",2,25,"[""Cuma 1 kali lalu berhenti"",""Berulang-ulang sampai tiba"",""Tidak pernah mengayuh""]","Jawaban pilihan [2] adalah yang paling tepat!"
"q_coding_pengulangan_270","coding_pengulangan","GURU berkata: 'Tepuk paha 2 kali (ulangi 2 kali)'. Berapa total tepuk paha?","shapes","🔁",0,0,"=",1,25,"[""4 kali"",""10 kali"",""2 kali""]","Jawaban pilihan [1] adalah yang paling tepat!"
"q_coding_pengulangan_271","coding_pengulangan","Burung mengepakkan sayapnya terus-menerus agar tetap terbang. Gerakan mengepakkan sayap adalah bentuk...","shapes","🔁",0,0,"=",1,25,"[""Pengulangan (Looping)"",""Menulis angka"",""Mencuci piring""]","Jawaban pilihan [1] adalah yang paling tepat!"
"q_coding_pengulangan_272","coding_pengulangan","Lagu 'Naik-Naik ke Puncak Gunung': 'Kiri kanan kulehat saja, banyak pohon cemara'. Mengulang lirik lagu disebut...","shapes","🔁",0,0,"=",3,25,"[""Tidur"",""Melompat"",""Pengulangan (Looping)""]","Jawaban pilihan [3] adalah yang paling tepat!"
"q_coding_pengulangan_273","coding_pengulangan","Ibu berkata: 'Lakukan tepuk tangan sebanyak 3 kali!' Berapa kali kamu menepuk tangan?","shapes","🔁",0,0,"=",1,25,"[""3 kali"",""10 kali"",""1 kali""]","Jawaban pilihan [1] adalah yang paling tepat!"
"q_coding_pengulangan_274","coding_pengulangan","Perintah: 'Lompat kecil 2 kali, lalu berhenti'. Berapa kali kamu melompat?","shapes","🔁",0,0,"=",1,25,"[""2 kali"",""Tidak melompat"",""5 kali""]","Jawaban pilihan [1] adalah yang paling tepat!"
"q_coding_pengulangan_275","coding_pengulangan","Petunjuk lagu: 'Buka tutup pintu (ulangi 4 kali)'. Berapa kali pintu dibuka-tutup?","shapes","🔁",0,0,"=",2,25,"[""2 kali"",""4 kali"",""1 kali""]","Jawaban pilihan [2] adalah yang paling tepat!"
"q_coding_pengulangan_276","coding_pengulangan","Alif memindahkan 5 buah apel satu per satu ke dalam keranjang. Kegiatan memindahkan apel dilakukan berulang sebanyak...","shapes","🔁",0,0,"=",2,25,"[""100 kali"",""5 kali"",""1 kali saja""]","Jawaban pilihan [2] adalah yang paling tepat!"
"q_coding_pengulangan_277","coding_pengulangan","Jika ada perintah 'Putar badan 2 kali', gerakan yang dilakukan adalah...","shapes","🔁",0,0,"=",2,25,"[""Berlari 2 meter"",""Berputar 2 kali"",""Duduk 2 jam""]","Jawaban pilihan [2] adalah yang paling tepat!"
"q_coding_pengulangan_278","coding_pengulangan","Lagu 'Lingkaran Kecil': 'Bikin lingkaran kecil, bikin lingkaran kecil (ulangi terus)'. Konsep ini dinamakan...","shapes","🔁",0,0,"=",3,25,"[""Mewarnai"",""Mencuci tangan"",""Pengulangan (Looping)""]","Jawaban pilihan [3] adalah yang paling tepat!"
"q_coding_pengulangan_279","coding_pengulangan","Ibu meminta Tono memasukkan 3 sendok gula ke cangkir. Tono harus mengulang gerakan mengambil gula sebanyak...","shapes","🔁",0,0,"=",3,25,"[""1 kali"",""5 kali"",""3 kali""]","Jawaban pilihan [3] adalah yang paling tepat!"
"q_coding_pengulangan_280","coding_pengulangan","Langkah menaruh balok: 'Ambil 1 balok, tumpuk di atas. Ulangi sampai ada 4 balok'. Berapa total balok yang tertumpuk?","shapes","🔁",0,0,"=",3,25,"[""2 balok"",""10 balok"",""4 balok""]","Jawaban pilihan [3] adalah yang paling tepat!"
"q_coding_pengulangan_281","coding_pengulangan","Perintah dansa: 'Goyangkan pinggul ke kiri dan kanan (ulangi 3 kali)'. Apa yang diulangi?","shapes","🔁",0,0,"=",3,25,"[""Mata berkedip"",""Makan nasi"",""Gerakan menggoyangkan pinggul""]","Jawaban pilihan [3] adalah yang paling tepat!"
"q_coding_pengulangan_282","coding_pengulangan","Tini mengayuh sepeda dari rumah ke taman. Kaki Tini mengayuh pedal secara...","shapes","🔁",0,0,"=",2,25,"[""Cuma 1 kali lalu berhenti"",""Berulang-ulang sampai tiba"",""Tidak pernah mengayuh""]","Jawaban pilihan [2] adalah yang paling tepat!"
"q_coding_pengulangan_283","coding_pengulangan","GURU berkata: 'Tepuk paha 2 kali (ulangi 2 kali)'. Berapa total tepuk paha?","shapes","🔁",0,0,"=",2,25,"[""2 kali"",""4 kali"",""10 kali""]","Jawaban pilihan [2] adalah yang paling tepat!"
"q_coding_pengulangan_284","coding_pengulangan","Burung mengepakkan sayapnya terus-menerus agar tetap terbang. Gerakan mengepakkan sayap adalah bentuk...","shapes","🔁",0,0,"=",1,25,"[""Pengulangan (Looping)"",""Mencuci piring"",""Menulis angka""]","Jawaban pilihan [1] adalah yang paling tepat!"
"q_coding_pengulangan_285","coding_pengulangan","Lagu 'Naik-Naik ke Puncak Gunung': 'Kiri kanan kulehat saja, banyak pohon cemara'. Mengulang lirik lagu disebut...","shapes","🔁",0,0,"=",1,25,"[""Pengulangan (Looping)"",""Melompat"",""Tidur""]","Jawaban pilihan [1] adalah yang paling tepat!"
"q_coding_pengulangan_286","coding_pengulangan","Ibu berkata: 'Lakukan tepuk tangan sebanyak 3 kali!' Berapa kali kamu menepuk tangan?","shapes","🔁",0,0,"=",1,25,"[""3 kali"",""1 kali"",""10 kali""]","Jawaban pilihan [1] adalah yang paling tepat!"
"q_coding_pengulangan_287","coding_pengulangan","Perintah: 'Lompat kecil 2 kali, lalu berhenti'. Berapa kali kamu melompat?","shapes","🔁",0,0,"=",2,25,"[""Tidak melompat"",""2 kali"",""5 kali""]","Jawaban pilihan [2] adalah yang paling tepat!"
"q_coding_pengulangan_288","coding_pengulangan","Petunjuk lagu: 'Buka tutup pintu (ulangi 4 kali)'. Berapa kali pintu dibuka-tutup?","shapes","🔁",0,0,"=",2,25,"[""1 kali"",""4 kali"",""2 kali""]","Jawaban pilihan [2] adalah yang paling tepat!"
"q_coding_pengulangan_289","coding_pengulangan","Yusuf memindahkan 5 buah apel satu per satu ke dalam keranjang. Kegiatan memindahkan apel dilakukan berulang sebanyak...","shapes","🔁",0,0,"=",3,25,"[""100 kali"",""1 kali saja"",""5 kali""]","Jawaban pilihan [3] adalah yang paling tepat!"
"q_coding_pengulangan_290","coding_pengulangan","Jika ada perintah 'Putar badan 2 kali', gerakan yang dilakukan adalah...","shapes","🔁",0,0,"=",1,25,"[""Berputar 2 kali"",""Duduk 2 jam"",""Berlari 2 meter""]","Jawaban pilihan [1] adalah yang paling tepat!"
"q_coding_pengulangan_291","coding_pengulangan","Lagu 'Lingkaran Kecil': 'Bikin lingkaran kecil, bikin lingkaran kecil (ulangi terus)'. Konsep ini dinamakan...","shapes","🔁",0,0,"=",1,25,"[""Pengulangan (Looping)"",""Mencuci tangan"",""Mewarnai""]","Jawaban pilihan [1] adalah yang paling tepat!"
"q_coding_pengulangan_292","coding_pengulangan","Ibu meminta Tono memasukkan 3 sendok gula ke cangkir. Tono harus mengulang gerakan mengambil gula sebanyak...","shapes","🔁",0,0,"=",2,25,"[""5 kali"",""3 kali"",""1 kali""]","Jawaban pilihan [2] adalah yang paling tepat!"
"q_coding_pengulangan_293","coding_pengulangan","Langkah menaruh balok: 'Ambil 1 balok, tumpuk di atas. Ulangi sampai ada 4 balok'. Berapa total balok yang tertumpuk?","shapes","🔁",0,0,"=",1,25,"[""4 balok"",""2 balok"",""10 balok""]","Jawaban pilihan [1] adalah yang paling tepat!"
"q_coding_pengulangan_294","coding_pengulangan","Perintah dansa: 'Goyangkan pinggul ke kiri dan kanan (ulangi 3 kali)'. Apa yang diulangi?","shapes","🔁",0,0,"=",3,25,"[""Mata berkedip"",""Makan nasi"",""Gerakan menggoyangkan pinggul""]","Jawaban pilihan [3] adalah yang paling tepat!"
"q_coding_pengulangan_295","coding_pengulangan","Tini mengayuh sepeda dari rumah ke taman. Kaki Tini mengayuh pedal secara...","shapes","🔁",0,0,"=",2,25,"[""Tidak pernah mengayuh"",""Berulang-ulang sampai tiba"",""Cuma 1 kali lalu berhenti""]","Jawaban pilihan [2] adalah yang paling tepat!"
"q_coding_pengulangan_296","coding_pengulangan","GURU berkata: 'Tepuk paha 2 kali (ulangi 2 kali)'. Berapa total tepuk paha?","shapes","🔁",0,0,"=",1,25,"[""4 kali"",""10 kali"",""2 kali""]","Jawaban pilihan [1] adalah yang paling tepat!"
"q_coding_pengulangan_297","coding_pengulangan","Burung mengepakkan sayapnya terus-menerus agar tetap terbang. Gerakan mengepakkan sayap adalah bentuk...","shapes","🔁",0,0,"=",3,25,"[""Mencuci piring"",""Menulis angka"",""Pengulangan (Looping)""]","Jawaban pilihan [3] adalah yang paling tepat!"
"q_coding_pengulangan_298","coding_pengulangan","Lagu 'Naik-Naik ke Puncak Gunung': 'Kiri kanan kulehat saja, banyak pohon cemara'. Mengulang lirik lagu disebut...","shapes","🔁",0,0,"=",1,25,"[""Pengulangan (Looping)"",""Tidur"",""Melompat""]","Jawaban pilihan [1] adalah yang paling tepat!"
"q_coding_pengulangan_299","coding_pengulangan","Ibu berkata: 'Lakukan tepuk tangan sebanyak 3 kali!' Berapa kali kamu menepuk tangan?","shapes","🔁",0,0,"=",2,25,"[""1 kali"",""3 kali"",""10 kali""]","Jawaban pilihan [2] adalah yang paling tepat!"
"q_coding_pengulangan_300","coding_pengulangan","Perintah: 'Lompat kecil 2 kali, lalu berhenti'. Berapa kali kamu melompat?","shapes","🔁",0,0,"=",2,25,"[""Tidak melompat"",""2 kali"",""5 kali""]","Jawaban pilihan [2] adalah yang paling tepat!"
"q_coding_debugging_1","coding_debugging","Andi memakai pakaian sekolah: (1) Pakai celana (2) Pakai baju (3) Pakai sepatu di kepala. Apa yang salah?","shapes","🐞",0,0,"=",1,25,"[""Memakai sepatu di kepala"",""Memakai baju"",""Memakai celana""]","Jawaban pilihan [1] adalah yang paling tepat!"
"q_coding_debugging_2","coding_debugging","Dino membuat sereal: (1) Tuang sereal ke mangkuk (2) Tuang susu (3) Pakai sisir untuk makan sereal. Mana yang salah?","shapes","🐞",0,0,"=",2,25,"[""Mentuangkan susu"",""Menggunakan sisir untuk makan"",""Mentuangkan sereal""]","Jawaban pilihan [2] adalah yang paling tepat!"
"q_coding_debugging_3","coding_debugging","Petunjuk menuju dapur: 'Maju 2 langkah, lalu melompat ke genteng rumah'. Mana petunjuk yang aneh?","shapes","🐞",0,0,"=",3,25,"[""Maju 2 langkah"",""Menuju dapur"",""Melompat ke genteng rumah""]","Jawaban pilihan [3] adalah yang paling tepat!"
"q_coding_debugging_4","coding_debugging","Ibu menggambar buah apel warna merah. Myesha mewarnai daunnya dengan warna cokelat tua gelap sekali seperti tanah. Agar lebih segar, warna daun yang benar adalah...","shapes","🐞",0,0,"=",1,25,"[""Hijau"",""Hitam"",""Ungu""]","Jawaban pilihan [1] adalah yang paling tepat!"
"q_coding_debugging_5","coding_debugging","Mobil mainan tidak bisa berjalan karena rodanya lepas. Cara memperbaiki (debugging) mobil tersebut adalah...","shapes","🐞",0,0,"=",2,25,"[""Mencuci kaca mobil"",""Memasang kembali rodanya"",""Mengecat mobil""]","Jawaban pilihan [2] adalah yang paling tepat!"
"q_coding_debugging_6","coding_debugging","Senter tidak menyala saat ditekan tombolnya. Apa yang perlu diperiksa terlebih dahulu?","shapes","🐞",0,0,"=",3,25,"[""Tali senter"",""Warna wadah senter"",""Baterai di dalam senter""]","Jawaban pilihan [3] adalah yang paling tepat!"
"q_coding_debugging_7","coding_debugging","Langkah mewarnai gambar: (1) Buka kotak krayon (2) Ambil krayon (3) Mewarnai dengan mata dipejamkan rapat. Mana yang keliru?","shapes","🐞",0,0,"=",1,25,"[""Mewarnai dengan mata dipejamkan"",""Ambil krayon"",""Buka kotak krayon""]","Jawaban pilihan [1] adalah yang paling tepat!"
"q_coding_debugging_8","coding_debugging","Robot hendak menyiram bunga, tetapi malah menyiram sepatu Ayah. Kesalahan robot adalah...","shapes","🐞",0,0,"=",1,25,"[""Menyiram sasaran yang salah (sepatu)"",""Menggunakan wadah siram"",""Menyiram air""]","Jawaban pilihan [1] adalah yang paling tepat!"
"q_coding_debugging_9","coding_debugging","Perintah memasak nasi: (1) Cuci beras (2) Masukkan ke rice cooker (3) Colokkan ke listrik (4) Masukkan mainan plastik. Langkah mana yang salah?","shapes","🐞",0,0,"=",2,25,"[""Langkah 3 (Colok listrik)"",""Langkah 4 (Masukkan mainan)"",""Langkah 1 (Cuci beras)""]","Jawaban pilihan [2] adalah yang paling tepat!"
"q_coding_debugging_10","coding_debugging","Budi memakai baju hangat tebal saat udara di pantai sangat panas terik. Pakaian Budi...","shapes","🐞",0,0,"=",2,25,"[""Sudah sangat cocok"",""Kurang tepat/salah kostum"",""Sangat keren untuk berenang""]","Jawaban pilihan [2] adalah yang paling tepat!"
"q_coding_debugging_11","coding_debugging","Robot berjalan lalu menabrak kursi karena tidak melihat ke depan. Apa yang harus diperbaiki dari Robot?","shapes","🐞",0,0,"=",1,25,"[""Tambahkan sensor/mata untuk melihat halangan"",""Mengecat baju robot"",""Beri robot makanan""]","Jawaban pilihan [1] adalah yang paling tepat!"
"q_coding_debugging_12","coding_debugging","Perintah mewarnai laut: 'Warnai air laut dengan krayon warna MERAH TUA'. Agar gambar laut terlihat normal, warna krayon yang benar adalah...","shapes","🐞",0,0,"=",1,25,"[""Biru"",""Kuning"",""Hitam""]","Jawaban pilihan [1] adalah yang paling tepat!"
"q_coding_debugging_13","coding_debugging","Urutan membuat es jus: (1) Potong buah (2) Masukkan batu bata (3) Nyalakan blender. Mana bahan yang salah?","shapes","🐞",0,0,"=",3,25,"[""Air"",""Buah"",""Batu bata""]","Jawaban pilihan [3] adalah yang paling tepat!"
"q_coding_debugging_14","coding_debugging","Robot bertugas menyeduh susu hangat: (1) Tuang air hangat (2) Masukkan bubuk susu (3) Masukkan kecap asin. Langkah mana yang salah?","shapes","🐞",0,0,"=",2,25,"[""Langkah 2 (Bubuk susu)"",""Langkah 3 (Kecap asin)"",""Langkah 1 (Air hangat)""]","Jawaban pilihan [2] adalah yang paling tepat!"
"q_coding_debugging_15","coding_debugging","Andi memakai pakaian sekolah: (1) Pakai celana (2) Pakai baju (3) Pakai sepatu di kepala. Apa yang salah?","shapes","🐞",0,0,"=",2,25,"[""Memakai baju"",""Memakai sepatu di kepala"",""Memakai celana""]","Jawaban pilihan [2] adalah yang paling tepat!"
"q_coding_debugging_16","coding_debugging","Dino membuat sereal: (1) Tuang sereal ke mangkuk (2) Tuang susu (3) Pakai sisir untuk makan sereal. Mana yang salah?","shapes","🐞",0,0,"=",2,25,"[""Mentuangkan susu"",""Menggunakan sisir untuk makan"",""Mentuangkan sereal""]","Jawaban pilihan [2] adalah yang paling tepat!"
"q_coding_debugging_17","coding_debugging","Petunjuk menuju dapur: 'Maju 2 langkah, lalu melompat ke genteng rumah'. Mana petunjuk yang aneh?","shapes","🐞",0,0,"=",1,25,"[""Melompat ke genteng rumah"",""Maju 2 langkah"",""Menuju dapur""]","Jawaban pilihan [1] adalah yang paling tepat!"
"q_coding_debugging_18","coding_debugging","Ibu menggambar buah apel warna merah. Zaid mewarnai daunnya dengan warna cokelat tua gelap sekali seperti tanah. Agar lebih segar, warna daun yang benar adalah...","shapes","🐞",0,0,"=",2,25,"[""Ungu"",""Hijau"",""Hitam""]","Jawaban pilihan [2] adalah yang paling tepat!"
"q_coding_debugging_19","coding_debugging","Mobil mainan tidak bisa berjalan karena rodanya lepas. Cara memperbaiki (debugging) mobil tersebut adalah...","shapes","🐞",0,0,"=",1,25,"[""Memasang kembali rodanya"",""Mengecat mobil"",""Mencuci kaca mobil""]","Jawaban pilihan [1] adalah yang paling tepat!"
"q_coding_debugging_20","coding_debugging","Senter tidak menyala saat ditekan tombolnya. Apa yang perlu diperiksa terlebih dahulu?","shapes","🐞",0,0,"=",3,25,"[""Warna wadah senter"",""Tali senter"",""Baterai di dalam senter""]","Jawaban pilihan [3] adalah yang paling tepat!"
"q_coding_debugging_21","coding_debugging","Langkah mewarnai gambar: (1) Buka kotak krayon (2) Ambil krayon (3) Mewarnai dengan mata dipejamkan rapat. Mana yang keliru?","shapes","🐞",0,0,"=",1,25,"[""Mewarnai dengan mata dipejamkan"",""Buka kotak krayon"",""Ambil krayon""]","Jawaban pilihan [1] adalah yang paling tepat!"
"q_coding_debugging_22","coding_debugging","Robot hendak menyiram bunga, tetapi malah menyiram sepatu Ayah. Kesalahan robot adalah...","shapes","🐞",0,0,"=",1,25,"[""Menyiram sasaran yang salah (sepatu)"",""Menyiram air"",""Menggunakan wadah siram""]","Jawaban pilihan [1] adalah yang paling tepat!"
"q_coding_debugging_23","coding_debugging","Perintah memasak nasi: (1) Cuci beras (2) Masukkan ke rice cooker (3) Colokkan ke listrik (4) Masukkan mainan plastik. Langkah mana yang salah?","shapes","🐞",0,0,"=",2,25,"[""Langkah 1 (Cuci beras)"",""Langkah 4 (Masukkan mainan)"",""Langkah 3 (Colok listrik)""]","Jawaban pilihan [2] adalah yang paling tepat!"
"q_coding_debugging_24","coding_debugging","Myesha memakai baju hangat tebal saat udara di pantai sangat panas terik. Pakaian Myesha...","shapes","🐞",0,0,"=",3,25,"[""Sangat keren untuk berenang"",""Sudah sangat cocok"",""Kurang tepat/salah kostum""]","Jawaban pilihan [3] adalah yang paling tepat!"
"q_coding_debugging_25","coding_debugging","Robot berjalan lalu menabrak kursi karena tidak melihat ke depan. Apa yang harus diperbaiki dari Robot?","shapes","🐞",0,0,"=",1,25,"[""Tambahkan sensor/mata untuk melihat halangan"",""Beri robot makanan"",""Mengecat baju robot""]","Jawaban pilihan [1] adalah yang paling tepat!"
"q_coding_debugging_26","coding_debugging","Perintah mewarnai laut: 'Warnai air laut dengan krayon warna MERAH TUA'. Agar gambar laut terlihat normal, warna krayon yang benar adalah...","shapes","🐞",0,0,"=",3,25,"[""Hitam"",""Kuning"",""Biru""]","Jawaban pilihan [3] adalah yang paling tepat!"
"q_coding_debugging_27","coding_debugging","Urutan membuat es jus: (1) Potong buah (2) Masukkan batu bata (3) Nyalakan blender. Mana bahan yang salah?","shapes","🐞",0,0,"=",1,25,"[""Batu bata"",""Buah"",""Air""]","Jawaban pilihan [1] adalah yang paling tepat!"
"q_coding_debugging_28","coding_debugging","Robot bertugas menyeduh susu hangat: (1) Tuang air hangat (2) Masukkan bubuk susu (3) Masukkan kecap asin. Langkah mana yang salah?","shapes","🐞",0,0,"=",2,25,"[""Langkah 1 (Air hangat)"",""Langkah 3 (Kecap asin)"",""Langkah 2 (Bubuk susu)""]","Jawaban pilihan [2] adalah yang paling tepat!"
"q_coding_debugging_29","coding_debugging","Andi memakai pakaian sekolah: (1) Pakai celana (2) Pakai baju (3) Pakai sepatu di kepala. Apa yang salah?","shapes","🐞",0,0,"=",1,25,"[""Memakai sepatu di kepala"",""Memakai celana"",""Memakai baju""]","Jawaban pilihan [1] adalah yang paling tepat!"
"q_coding_debugging_30","coding_debugging","Dino membuat sereal: (1) Tuang sereal ke mangkuk (2) Tuang susu (3) Pakai sisir untuk makan sereal. Mana yang salah?","shapes","🐞",0,0,"=",3,25,"[""Mentuangkan sereal"",""Mentuangkan susu"",""Menggunakan sisir untuk makan""]","Jawaban pilihan [3] adalah yang paling tepat!"
"q_coding_debugging_31","coding_debugging","Petunjuk menuju dapur: 'Maju 2 langkah, lalu melompat ke genteng rumah'. Mana petunjuk yang aneh?","shapes","🐞",0,0,"=",2,25,"[""Menuju dapur"",""Melompat ke genteng rumah"",""Maju 2 langkah""]","Jawaban pilihan [2] adalah yang paling tepat!"
"q_coding_debugging_32","coding_debugging","Ibu menggambar buah apel warna merah. Rani mewarnai daunnya dengan warna cokelat tua gelap sekali seperti tanah. Agar lebih segar, warna daun yang benar adalah...","shapes","🐞",0,0,"=",1,25,"[""Hijau"",""Hitam"",""Ungu""]","Jawaban pilihan [1] adalah yang paling tepat!"
"q_coding_debugging_33","coding_debugging","Mobil mainan tidak bisa berjalan karena rodanya lepas. Cara memperbaiki (debugging) mobil tersebut adalah...","shapes","🐞",0,0,"=",3,25,"[""Mengecat mobil"",""Mencuci kaca mobil"",""Memasang kembali rodanya""]","Jawaban pilihan [3] adalah yang paling tepat!"
"q_coding_debugging_34","coding_debugging","Senter tidak menyala saat ditekan tombolnya. Apa yang perlu diperiksa terlebih dahulu?","shapes","🐞",0,0,"=",1,25,"[""Baterai di dalam senter"",""Tali senter"",""Warna wadah senter""]","Jawaban pilihan [1] adalah yang paling tepat!"
"q_coding_debugging_35","coding_debugging","Langkah mewarnai gambar: (1) Buka kotak krayon (2) Ambil krayon (3) Mewarnai dengan mata dipejamkan rapat. Mana yang keliru?","shapes","🐞",0,0,"=",3,25,"[""Ambil krayon"",""Buka kotak krayon"",""Mewarnai dengan mata dipejamkan""]","Jawaban pilihan [3] adalah yang paling tepat!"
"q_coding_debugging_36","coding_debugging","Robot hendak menyiram bunga, tetapi malah menyiram sepatu Ayah. Kesalahan robot adalah...","shapes","🐞",0,0,"=",2,25,"[""Menyiram air"",""Menyiram sasaran yang salah (sepatu)"",""Menggunakan wadah siram""]","Jawaban pilihan [2] adalah yang paling tepat!"
"q_coding_debugging_37","coding_debugging","Perintah memasak nasi: (1) Cuci beras (2) Masukkan ke rice cooker (3) Colokkan ke listrik (4) Masukkan mainan plastik. Langkah mana yang salah?","shapes","🐞",0,0,"=",3,25,"[""Langkah 3 (Colok listrik)"",""Langkah 1 (Cuci beras)"",""Langkah 4 (Masukkan mainan)""]","Jawaban pilihan [3] adalah yang paling tepat!"
"q_coding_debugging_38","coding_debugging","Zaid memakai baju hangat tebal saat udara di pantai sangat panas terik. Pakaian Zaid...","shapes","🐞",0,0,"=",2,25,"[""Sangat keren untuk berenang"",""Kurang tepat/salah kostum"",""Sudah sangat cocok""]","Jawaban pilihan [2] adalah yang paling tepat!"
"q_coding_debugging_39","coding_debugging","Robot berjalan lalu menabrak kursi karena tidak melihat ke depan. Apa yang harus diperbaiki dari Robot?","shapes","🐞",0,0,"=",2,25,"[""Mengecat baju robot"",""Tambahkan sensor/mata untuk melihat halangan"",""Beri robot makanan""]","Jawaban pilihan [2] adalah yang paling tepat!"
"q_coding_debugging_40","coding_debugging","Perintah mewarnai laut: 'Warnai air laut dengan krayon warna MERAH TUA'. Agar gambar laut terlihat normal, warna krayon yang benar adalah...","shapes","🐞",0,0,"=",3,25,"[""Hitam"",""Kuning"",""Biru""]","Jawaban pilihan [3] adalah yang paling tepat!"
"q_coding_debugging_41","coding_debugging","Urutan membuat es jus: (1) Potong buah (2) Masukkan batu bata (3) Nyalakan blender. Mana bahan yang salah?","shapes","🐞",0,0,"=",3,25,"[""Air"",""Buah"",""Batu bata""]","Jawaban pilihan [3] adalah yang paling tepat!"
"q_coding_debugging_42","coding_debugging","Robot bertugas menyeduh susu hangat: (1) Tuang air hangat (2) Masukkan bubuk susu (3) Masukkan kecap asin. Langkah mana yang salah?","shapes","🐞",0,0,"=",3,25,"[""Langkah 2 (Bubuk susu)"",""Langkah 1 (Air hangat)"",""Langkah 3 (Kecap asin)""]","Jawaban pilihan [3] adalah yang paling tepat!"
"q_coding_debugging_43","coding_debugging","Andi memakai pakaian sekolah: (1) Pakai celana (2) Pakai baju (3) Pakai sepatu di kepala. Apa yang salah?","shapes","🐞",0,0,"=",1,25,"[""Memakai sepatu di kepala"",""Memakai baju"",""Memakai celana""]","Jawaban pilihan [1] adalah yang paling tepat!"
"q_coding_debugging_44","coding_debugging","Dino membuat sereal: (1) Tuang sereal ke mangkuk (2) Tuang susu (3) Pakai sisir untuk makan sereal. Mana yang salah?","shapes","🐞",0,0,"=",3,25,"[""Mentuangkan susu"",""Mentuangkan sereal"",""Menggunakan sisir untuk makan""]","Jawaban pilihan [3] adalah yang paling tepat!"
"q_coding_debugging_45","coding_debugging","Petunjuk menuju dapur: 'Maju 2 langkah, lalu melompat ke genteng rumah'. Mana petunjuk yang aneh?","shapes","🐞",0,0,"=",2,25,"[""Maju 2 langkah"",""Melompat ke genteng rumah"",""Menuju dapur""]","Jawaban pilihan [2] adalah yang paling tepat!"
"q_coding_debugging_46","coding_debugging","Ibu menggambar buah apel warna merah. Alif mewarnai daunnya dengan warna cokelat tua gelap sekali seperti tanah. Agar lebih segar, warna daun yang benar adalah...","shapes","🐞",0,0,"=",1,25,"[""Hijau"",""Ungu"",""Hitam""]","Jawaban pilihan [1] adalah yang paling tepat!"
"q_coding_debugging_47","coding_debugging","Mobil mainan tidak bisa berjalan karena rodanya lepas. Cara memperbaiki (debugging) mobil tersebut adalah...","shapes","🐞",0,0,"=",1,25,"[""Memasang kembali rodanya"",""Mencuci kaca mobil"",""Mengecat mobil""]","Jawaban pilihan [1] adalah yang paling tepat!"
"q_coding_debugging_48","coding_debugging","Senter tidak menyala saat ditekan tombolnya. Apa yang perlu diperiksa terlebih dahulu?","shapes","🐞",0,0,"=",1,25,"[""Baterai di dalam senter"",""Warna wadah senter"",""Tali senter""]","Jawaban pilihan [1] adalah yang paling tepat!"
"q_coding_debugging_49","coding_debugging","Langkah mewarnai gambar: (1) Buka kotak krayon (2) Ambil krayon (3) Mewarnai dengan mata dipejamkan rapat. Mana yang keliru?","shapes","🐞",0,0,"=",2,25,"[""Ambil krayon"",""Mewarnai dengan mata dipejamkan"",""Buka kotak krayon""]","Jawaban pilihan [2] adalah yang paling tepat!"
"q_coding_debugging_50","coding_debugging","Robot hendak menyiram bunga, tetapi malah menyiram sepatu Ayah. Kesalahan robot adalah...","shapes","🐞",0,0,"=",1,25,"[""Menyiram sasaran yang salah (sepatu)"",""Menggunakan wadah siram"",""Menyiram air""]","Jawaban pilihan [1] adalah yang paling tepat!"
"q_coding_debugging_51","coding_debugging","Perintah memasak nasi: (1) Cuci beras (2) Masukkan ke rice cooker (3) Colokkan ke listrik (4) Masukkan mainan plastik. Langkah mana yang salah?","shapes","🐞",0,0,"=",3,25,"[""Langkah 3 (Colok listrik)"",""Langkah 1 (Cuci beras)"",""Langkah 4 (Masukkan mainan)""]","Jawaban pilihan [3] adalah yang paling tepat!"
"q_coding_debugging_52","coding_debugging","Rani memakai baju hangat tebal saat udara di pantai sangat panas terik. Pakaian Rani...","shapes","🐞",0,0,"=",1,25,"[""Kurang tepat/salah kostum"",""Sudah sangat cocok"",""Sangat keren untuk berenang""]","Jawaban pilihan [1] adalah yang paling tepat!"
"q_coding_debugging_53","coding_debugging","Robot berjalan lalu menabrak kursi karena tidak melihat ke depan. Apa yang harus diperbaiki dari Robot?","shapes","🐞",0,0,"=",1,25,"[""Tambahkan sensor/mata untuk melihat halangan"",""Mengecat baju robot"",""Beri robot makanan""]","Jawaban pilihan [1] adalah yang paling tepat!"
"q_coding_debugging_54","coding_debugging","Perintah mewarnai laut: 'Warnai air laut dengan krayon warna MERAH TUA'. Agar gambar laut terlihat normal, warna krayon yang benar adalah...","shapes","🐞",0,0,"=",2,25,"[""Kuning"",""Biru"",""Hitam""]","Jawaban pilihan [2] adalah yang paling tepat!"
"q_coding_debugging_55","coding_debugging","Urutan membuat es jus: (1) Potong buah (2) Masukkan batu bata (3) Nyalakan blender. Mana bahan yang salah?","shapes","🐞",0,0,"=",1,25,"[""Batu bata"",""Buah"",""Air""]","Jawaban pilihan [1] adalah yang paling tepat!"
"q_coding_debugging_56","coding_debugging","Robot bertugas menyeduh susu hangat: (1) Tuang air hangat (2) Masukkan bubuk susu (3) Masukkan kecap asin. Langkah mana yang salah?","shapes","🐞",0,0,"=",1,25,"[""Langkah 3 (Kecap asin)"",""Langkah 1 (Air hangat)"",""Langkah 2 (Bubuk susu)""]","Jawaban pilihan [1] adalah yang paling tepat!"
"q_coding_debugging_57","coding_debugging","Andi memakai pakaian sekolah: (1) Pakai celana (2) Pakai baju (3) Pakai sepatu di kepala. Apa yang salah?","shapes","🐞",0,0,"=",2,25,"[""Memakai celana"",""Memakai sepatu di kepala"",""Memakai baju""]","Jawaban pilihan [2] adalah yang paling tepat!"
"q_coding_debugging_58","coding_debugging","Dino membuat sereal: (1) Tuang sereal ke mangkuk (2) Tuang susu (3) Pakai sisir untuk makan sereal. Mana yang salah?","shapes","🐞",0,0,"=",1,25,"[""Menggunakan sisir untuk makan"",""Mentuangkan sereal"",""Mentuangkan susu""]","Jawaban pilihan [1] adalah yang paling tepat!"
"q_coding_debugging_59","coding_debugging","Petunjuk menuju dapur: 'Maju 2 langkah, lalu melompat ke genteng rumah'. Mana petunjuk yang aneh?","shapes","🐞",0,0,"=",3,25,"[""Maju 2 langkah"",""Menuju dapur"",""Melompat ke genteng rumah""]","Jawaban pilihan [3] adalah yang paling tepat!"
"q_coding_debugging_60","coding_debugging","Ibu menggambar buah apel warna merah. Budi mewarnai daunnya dengan warna cokelat tua gelap sekali seperti tanah. Agar lebih segar, warna daun yang benar adalah...","shapes","🐞",0,0,"=",2,25,"[""Ungu"",""Hijau"",""Hitam""]","Jawaban pilihan [2] adalah yang paling tepat!"
"q_coding_debugging_61","coding_debugging","Mobil mainan tidak bisa berjalan karena rodanya lepas. Cara memperbaiki (debugging) mobil tersebut adalah...","shapes","🐞",0,0,"=",2,25,"[""Mencuci kaca mobil"",""Memasang kembali rodanya"",""Mengecat mobil""]","Jawaban pilihan [2] adalah yang paling tepat!"
"q_coding_debugging_62","coding_debugging","Senter tidak menyala saat ditekan tombolnya. Apa yang perlu diperiksa terlebih dahulu?","shapes","🐞",0,0,"=",2,25,"[""Warna wadah senter"",""Baterai di dalam senter"",""Tali senter""]","Jawaban pilihan [2] adalah yang paling tepat!"
"q_coding_debugging_63","coding_debugging","Langkah mewarnai gambar: (1) Buka kotak krayon (2) Ambil krayon (3) Mewarnai dengan mata dipejamkan rapat. Mana yang keliru?","shapes","🐞",0,0,"=",3,25,"[""Ambil krayon"",""Buka kotak krayon"",""Mewarnai dengan mata dipejamkan""]","Jawaban pilihan [3] adalah yang paling tepat!"
"q_coding_debugging_64","coding_debugging","Robot hendak menyiram bunga, tetapi malah menyiram sepatu Ayah. Kesalahan robot adalah...","shapes","🐞",0,0,"=",2,25,"[""Menggunakan wadah siram"",""Menyiram sasaran yang salah (sepatu)"",""Menyiram air""]","Jawaban pilihan [2] adalah yang paling tepat!"
"q_coding_debugging_65","coding_debugging","Perintah memasak nasi: (1) Cuci beras (2) Masukkan ke rice cooker (3) Colokkan ke listrik (4) Masukkan mainan plastik. Langkah mana yang salah?","shapes","🐞",0,0,"=",1,25,"[""Langkah 4 (Masukkan mainan)"",""Langkah 3 (Colok listrik)"",""Langkah 1 (Cuci beras)""]","Jawaban pilihan [1] adalah yang paling tepat!"
"q_coding_debugging_66","coding_debugging","Alif memakai baju hangat tebal saat udara di pantai sangat panas terik. Pakaian Alif...","shapes","🐞",0,0,"=",2,25,"[""Sangat keren untuk berenang"",""Kurang tepat/salah kostum"",""Sudah sangat cocok""]","Jawaban pilihan [2] adalah yang paling tepat!"
"q_coding_debugging_67","coding_debugging","Robot berjalan lalu menabrak kursi karena tidak melihat ke depan. Apa yang harus diperbaiki dari Robot?","shapes","🐞",0,0,"=",1,25,"[""Tambahkan sensor/mata untuk melihat halangan"",""Mengecat baju robot"",""Beri robot makanan""]","Jawaban pilihan [1] adalah yang paling tepat!"
"q_coding_debugging_68","coding_debugging","Perintah mewarnai laut: 'Warnai air laut dengan krayon warna MERAH TUA'. Agar gambar laut terlihat normal, warna krayon yang benar adalah...","shapes","🐞",0,0,"=",2,25,"[""Hitam"",""Biru"",""Kuning""]","Jawaban pilihan [2] adalah yang paling tepat!"
"q_coding_debugging_69","coding_debugging","Urutan membuat es jus: (1) Potong buah (2) Masukkan batu bata (3) Nyalakan blender. Mana bahan yang salah?","shapes","🐞",0,0,"=",3,25,"[""Air"",""Buah"",""Batu bata""]","Jawaban pilihan [3] adalah yang paling tepat!"
"q_coding_debugging_70","coding_debugging","Robot bertugas menyeduh susu hangat: (1) Tuang air hangat (2) Masukkan bubuk susu (3) Masukkan kecap asin. Langkah mana yang salah?","shapes","🐞",0,0,"=",1,25,"[""Langkah 3 (Kecap asin)"",""Langkah 2 (Bubuk susu)"",""Langkah 1 (Air hangat)""]","Jawaban pilihan [1] adalah yang paling tepat!"
"q_coding_debugging_71","coding_debugging","Andi memakai pakaian sekolah: (1) Pakai celana (2) Pakai baju (3) Pakai sepatu di kepala. Apa yang salah?","shapes","🐞",0,0,"=",1,25,"[""Memakai sepatu di kepala"",""Memakai baju"",""Memakai celana""]","Jawaban pilihan [1] adalah yang paling tepat!"
"q_coding_debugging_72","coding_debugging","Dino membuat sereal: (1) Tuang sereal ke mangkuk (2) Tuang susu (3) Pakai sisir untuk makan sereal. Mana yang salah?","shapes","🐞",0,0,"=",1,25,"[""Menggunakan sisir untuk makan"",""Mentuangkan sereal"",""Mentuangkan susu""]","Jawaban pilihan [1] adalah yang paling tepat!"
"q_coding_debugging_73","coding_debugging","Petunjuk menuju dapur: 'Maju 2 langkah, lalu melompat ke genteng rumah'. Mana petunjuk yang aneh?","shapes","🐞",0,0,"=",2,25,"[""Menuju dapur"",""Melompat ke genteng rumah"",""Maju 2 langkah""]","Jawaban pilihan [2] adalah yang paling tepat!"
"q_coding_debugging_74","coding_debugging","Ibu menggambar buah apel warna merah. Myesha mewarnai daunnya dengan warna cokelat tua gelap sekali seperti tanah. Agar lebih segar, warna daun yang benar adalah...","shapes","🐞",0,0,"=",1,25,"[""Hijau"",""Ungu"",""Hitam""]","Jawaban pilihan [1] adalah yang paling tepat!"
"q_coding_debugging_75","coding_debugging","Mobil mainan tidak bisa berjalan karena rodanya lepas. Cara memperbaiki (debugging) mobil tersebut adalah...","shapes","🐞",0,0,"=",2,25,"[""Mengecat mobil"",""Memasang kembali rodanya"",""Mencuci kaca mobil""]","Jawaban pilihan [2] adalah yang paling tepat!"
"q_coding_debugging_76","coding_debugging","Senter tidak menyala saat ditekan tombolnya. Apa yang perlu diperiksa terlebih dahulu?","shapes","🐞",0,0,"=",3,25,"[""Warna wadah senter"",""Tali senter"",""Baterai di dalam senter""]","Jawaban pilihan [3] adalah yang paling tepat!"
"q_coding_debugging_77","coding_debugging","Langkah mewarnai gambar: (1) Buka kotak krayon (2) Ambil krayon (3) Mewarnai dengan mata dipejamkan rapat. Mana yang keliru?","shapes","🐞",0,0,"=",3,25,"[""Buka kotak krayon"",""Ambil krayon"",""Mewarnai dengan mata dipejamkan""]","Jawaban pilihan [3] adalah yang paling tepat!"
"q_coding_debugging_78","coding_debugging","Robot hendak menyiram bunga, tetapi malah menyiram sepatu Ayah. Kesalahan robot adalah...","shapes","🐞",0,0,"=",3,25,"[""Menyiram air"",""Menggunakan wadah siram"",""Menyiram sasaran yang salah (sepatu)""]","Jawaban pilihan [3] adalah yang paling tepat!"
"q_coding_debugging_79","coding_debugging","Perintah memasak nasi: (1) Cuci beras (2) Masukkan ke rice cooker (3) Colokkan ke listrik (4) Masukkan mainan plastik. Langkah mana yang salah?","shapes","🐞",0,0,"=",1,25,"[""Langkah 4 (Masukkan mainan)"",""Langkah 1 (Cuci beras)"",""Langkah 3 (Colok listrik)""]","Jawaban pilihan [1] adalah yang paling tepat!"
"q_coding_debugging_80","coding_debugging","Budi memakai baju hangat tebal saat udara di pantai sangat panas terik. Pakaian Budi...","shapes","🐞",0,0,"=",3,25,"[""Sangat keren untuk berenang"",""Sudah sangat cocok"",""Kurang tepat/salah kostum""]","Jawaban pilihan [3] adalah yang paling tepat!"
"q_coding_debugging_81","coding_debugging","Robot berjalan lalu menabrak kursi karena tidak melihat ke depan. Apa yang harus diperbaiki dari Robot?","shapes","🐞",0,0,"=",2,25,"[""Beri robot makanan"",""Tambahkan sensor/mata untuk melihat halangan"",""Mengecat baju robot""]","Jawaban pilihan [2] adalah yang paling tepat!"
"q_coding_debugging_82","coding_debugging","Perintah mewarnai laut: 'Warnai air laut dengan krayon warna MERAH TUA'. Agar gambar laut terlihat normal, warna krayon yang benar adalah...","shapes","🐞",0,0,"=",3,25,"[""Hitam"",""Kuning"",""Biru""]","Jawaban pilihan [3] adalah yang paling tepat!"
"q_coding_debugging_83","coding_debugging","Urutan membuat es jus: (1) Potong buah (2) Masukkan batu bata (3) Nyalakan blender. Mana bahan yang salah?","shapes","🐞",0,0,"=",1,25,"[""Batu bata"",""Buah"",""Air""]","Jawaban pilihan [1] adalah yang paling tepat!"
"q_coding_debugging_84","coding_debugging","Robot bertugas menyeduh susu hangat: (1) Tuang air hangat (2) Masukkan bubuk susu (3) Masukkan kecap asin. Langkah mana yang salah?","shapes","🐞",0,0,"=",1,25,"[""Langkah 3 (Kecap asin)"",""Langkah 1 (Air hangat)"",""Langkah 2 (Bubuk susu)""]","Jawaban pilihan [1] adalah yang paling tepat!"
"q_coding_debugging_85","coding_debugging","Andi memakai pakaian sekolah: (1) Pakai celana (2) Pakai baju (3) Pakai sepatu di kepala. Apa yang salah?","shapes","🐞",0,0,"=",1,25,"[""Memakai sepatu di kepala"",""Memakai baju"",""Memakai celana""]","Jawaban pilihan [1] adalah yang paling tepat!"
"q_coding_debugging_86","coding_debugging","Dino membuat sereal: (1) Tuang sereal ke mangkuk (2) Tuang susu (3) Pakai sisir untuk makan sereal. Mana yang salah?","shapes","🐞",0,0,"=",1,25,"[""Menggunakan sisir untuk makan"",""Mentuangkan susu"",""Mentuangkan sereal""]","Jawaban pilihan [1] adalah yang paling tepat!"
"q_coding_debugging_87","coding_debugging","Petunjuk menuju dapur: 'Maju 2 langkah, lalu melompat ke genteng rumah'. Mana petunjuk yang aneh?","shapes","🐞",0,0,"=",1,25,"[""Melompat ke genteng rumah"",""Menuju dapur"",""Maju 2 langkah""]","Jawaban pilihan [1] adalah yang paling tepat!"
"q_coding_debugging_88","coding_debugging","Ibu menggambar buah apel warna merah. Zaid mewarnai daunnya dengan warna cokelat tua gelap sekali seperti tanah. Agar lebih segar, warna daun yang benar adalah...","shapes","🐞",0,0,"=",3,25,"[""Hitam"",""Ungu"",""Hijau""]","Jawaban pilihan [3] adalah yang paling tepat!"
"q_coding_debugging_89","coding_debugging","Mobil mainan tidak bisa berjalan karena rodanya lepas. Cara memperbaiki (debugging) mobil tersebut adalah...","shapes","🐞",0,0,"=",2,25,"[""Mencuci kaca mobil"",""Memasang kembali rodanya"",""Mengecat mobil""]","Jawaban pilihan [2] adalah yang paling tepat!"
"q_coding_debugging_90","coding_debugging","Senter tidak menyala saat ditekan tombolnya. Apa yang perlu diperiksa terlebih dahulu?","shapes","🐞",0,0,"=",3,25,"[""Warna wadah senter"",""Tali senter"",""Baterai di dalam senter""]","Jawaban pilihan [3] adalah yang paling tepat!"
"q_coding_debugging_91","coding_debugging","Langkah mewarnai gambar: (1) Buka kotak krayon (2) Ambil krayon (3) Mewarnai dengan mata dipejamkan rapat. Mana yang keliru?","shapes","🐞",0,0,"=",1,25,"[""Mewarnai dengan mata dipejamkan"",""Ambil krayon"",""Buka kotak krayon""]","Jawaban pilihan [1] adalah yang paling tepat!"
"q_coding_debugging_92","coding_debugging","Robot hendak menyiram bunga, tetapi malah menyiram sepatu Ayah. Kesalahan robot adalah...","shapes","🐞",0,0,"=",3,25,"[""Menyiram air"",""Menggunakan wadah siram"",""Menyiram sasaran yang salah (sepatu)""]","Jawaban pilihan [3] adalah yang paling tepat!"
"q_coding_debugging_93","coding_debugging","Perintah memasak nasi: (1) Cuci beras (2) Masukkan ke rice cooker (3) Colokkan ke listrik (4) Masukkan mainan plastik. Langkah mana yang salah?","shapes","🐞",0,0,"=",2,25,"[""Langkah 3 (Colok listrik)"",""Langkah 4 (Masukkan mainan)"",""Langkah 1 (Cuci beras)""]","Jawaban pilihan [2] adalah yang paling tepat!"
"q_coding_debugging_94","coding_debugging","Myesha memakai baju hangat tebal saat udara di pantai sangat panas terik. Pakaian Myesha...","shapes","🐞",0,0,"=",3,25,"[""Sangat keren untuk berenang"",""Sudah sangat cocok"",""Kurang tepat/salah kostum""]","Jawaban pilihan [3] adalah yang paling tepat!"
"q_coding_debugging_95","coding_debugging","Robot berjalan lalu menabrak kursi karena tidak melihat ke depan. Apa yang harus diperbaiki dari Robot?","shapes","🐞",0,0,"=",3,25,"[""Mengecat baju robot"",""Beri robot makanan"",""Tambahkan sensor/mata untuk melihat halangan""]","Jawaban pilihan [3] adalah yang paling tepat!"
"q_coding_debugging_96","coding_debugging","Perintah mewarnai laut: 'Warnai air laut dengan krayon warna MERAH TUA'. Agar gambar laut terlihat normal, warna krayon yang benar adalah...","shapes","🐞",0,0,"=",1,25,"[""Biru"",""Hitam"",""Kuning""]","Jawaban pilihan [1] adalah yang paling tepat!"
"q_coding_debugging_97","coding_debugging","Urutan membuat es jus: (1) Potong buah (2) Masukkan batu bata (3) Nyalakan blender. Mana bahan yang salah?","shapes","🐞",0,0,"=",2,25,"[""Air"",""Batu bata"",""Buah""]","Jawaban pilihan [2] adalah yang paling tepat!"
"q_coding_debugging_98","coding_debugging","Robot bertugas menyeduh susu hangat: (1) Tuang air hangat (2) Masukkan bubuk susu (3) Masukkan kecap asin. Langkah mana yang salah?","shapes","🐞",0,0,"=",1,25,"[""Langkah 3 (Kecap asin)"",""Langkah 2 (Bubuk susu)"",""Langkah 1 (Air hangat)""]","Jawaban pilihan [1] adalah yang paling tepat!"
"q_coding_debugging_99","coding_debugging","Andi memakai pakaian sekolah: (1) Pakai celana (2) Pakai baju (3) Pakai sepatu di kepala. Apa yang salah?","shapes","🐞",0,0,"=",3,25,"[""Memakai baju"",""Memakai celana"",""Memakai sepatu di kepala""]","Jawaban pilihan [3] adalah yang paling tepat!"
"q_coding_debugging_100","coding_debugging","Dino membuat sereal: (1) Tuang sereal ke mangkuk (2) Tuang susu (3) Pakai sisir untuk makan sereal. Mana yang salah?","shapes","🐞",0,0,"=",1,25,"[""Menggunakan sisir untuk makan"",""Mentuangkan sereal"",""Mentuangkan susu""]","Jawaban pilihan [1] adalah yang paling tepat!"
"q_coding_debugging_101","coding_debugging","Petunjuk menuju dapur: 'Maju 2 langkah, lalu melompat ke genteng rumah'. Mana petunjuk yang aneh?","shapes","🐞",0,0,"=",2,25,"[""Maju 2 langkah"",""Melompat ke genteng rumah"",""Menuju dapur""]","Jawaban pilihan [2] adalah yang paling tepat!"
"q_coding_debugging_102","coding_debugging","Ibu menggambar buah apel warna merah. Rani mewarnai daunnya dengan warna cokelat tua gelap sekali seperti tanah. Agar lebih segar, warna daun yang benar adalah...","shapes","🐞",0,0,"=",1,25,"[""Hijau"",""Hitam"",""Ungu""]","Jawaban pilihan [1] adalah yang paling tepat!"
"q_coding_debugging_103","coding_debugging","Mobil mainan tidak bisa berjalan karena rodanya lepas. Cara memperbaiki (debugging) mobil tersebut adalah...","shapes","🐞",0,0,"=",3,25,"[""Mengecat mobil"",""Mencuci kaca mobil"",""Memasang kembali rodanya""]","Jawaban pilihan [3] adalah yang paling tepat!"
"q_coding_debugging_104","coding_debugging","Senter tidak menyala saat ditekan tombolnya. Apa yang perlu diperiksa terlebih dahulu?","shapes","🐞",0,0,"=",1,25,"[""Baterai di dalam senter"",""Tali senter"",""Warna wadah senter""]","Jawaban pilihan [1] adalah yang paling tepat!"
"q_coding_debugging_105","coding_debugging","Langkah mewarnai gambar: (1) Buka kotak krayon (2) Ambil krayon (3) Mewarnai dengan mata dipejamkan rapat. Mana yang keliru?","shapes","🐞",0,0,"=",2,25,"[""Ambil krayon"",""Mewarnai dengan mata dipejamkan"",""Buka kotak krayon""]","Jawaban pilihan [2] adalah yang paling tepat!"
"q_coding_debugging_106","coding_debugging","Robot hendak menyiram bunga, tetapi malah menyiram sepatu Ayah. Kesalahan robot adalah...","shapes","🐞",0,0,"=",2,25,"[""Menyiram air"",""Menyiram sasaran yang salah (sepatu)"",""Menggunakan wadah siram""]","Jawaban pilihan [2] adalah yang paling tepat!"
"q_coding_debugging_107","coding_debugging","Perintah memasak nasi: (1) Cuci beras (2) Masukkan ke rice cooker (3) Colokkan ke listrik (4) Masukkan mainan plastik. Langkah mana yang salah?","shapes","🐞",0,0,"=",1,25,"[""Langkah 4 (Masukkan mainan)"",""Langkah 1 (Cuci beras)"",""Langkah 3 (Colok listrik)""]","Jawaban pilihan [1] adalah yang paling tepat!"
"q_coding_debugging_108","coding_debugging","Zaid memakai baju hangat tebal saat udara di pantai sangat panas terik. Pakaian Zaid...","shapes","🐞",0,0,"=",2,25,"[""Sudah sangat cocok"",""Kurang tepat/salah kostum"",""Sangat keren untuk berenang""]","Jawaban pilihan [2] adalah yang paling tepat!"
"q_coding_debugging_109","coding_debugging","Robot berjalan lalu menabrak kursi karena tidak melihat ke depan. Apa yang harus diperbaiki dari Robot?","shapes","🐞",0,0,"=",1,25,"[""Tambahkan sensor/mata untuk melihat halangan"",""Mengecat baju robot"",""Beri robot makanan""]","Jawaban pilihan [1] adalah yang paling tepat!"
"q_coding_debugging_110","coding_debugging","Perintah mewarnai laut: 'Warnai air laut dengan krayon warna MERAH TUA'. Agar gambar laut terlihat normal, warna krayon yang benar adalah...","shapes","🐞",0,0,"=",1,25,"[""Biru"",""Hitam"",""Kuning""]","Jawaban pilihan [1] adalah yang paling tepat!"
"q_coding_debugging_111","coding_debugging","Urutan membuat es jus: (1) Potong buah (2) Masukkan batu bata (3) Nyalakan blender. Mana bahan yang salah?","shapes","🐞",0,0,"=",2,25,"[""Air"",""Batu bata"",""Buah""]","Jawaban pilihan [2] adalah yang paling tepat!"
"q_coding_debugging_112","coding_debugging","Robot bertugas menyeduh susu hangat: (1) Tuang air hangat (2) Masukkan bubuk susu (3) Masukkan kecap asin. Langkah mana yang salah?","shapes","🐞",0,0,"=",1,25,"[""Langkah 3 (Kecap asin)"",""Langkah 1 (Air hangat)"",""Langkah 2 (Bubuk susu)""]","Jawaban pilihan [1] adalah yang paling tepat!"
"q_coding_debugging_113","coding_debugging","Andi memakai pakaian sekolah: (1) Pakai celana (2) Pakai baju (3) Pakai sepatu di kepala. Apa yang salah?","shapes","🐞",0,0,"=",3,25,"[""Memakai baju"",""Memakai celana"",""Memakai sepatu di kepala""]","Jawaban pilihan [3] adalah yang paling tepat!"
"q_coding_debugging_114","coding_debugging","Dino membuat sereal: (1) Tuang sereal ke mangkuk (2) Tuang susu (3) Pakai sisir untuk makan sereal. Mana yang salah?","shapes","🐞",0,0,"=",1,25,"[""Menggunakan sisir untuk makan"",""Mentuangkan susu"",""Mentuangkan sereal""]","Jawaban pilihan [1] adalah yang paling tepat!"
"q_coding_debugging_115","coding_debugging","Petunjuk menuju dapur: 'Maju 2 langkah, lalu melompat ke genteng rumah'. Mana petunjuk yang aneh?","shapes","🐞",0,0,"=",2,25,"[""Maju 2 langkah"",""Melompat ke genteng rumah"",""Menuju dapur""]","Jawaban pilihan [2] adalah yang paling tepat!"
"q_coding_debugging_116","coding_debugging","Ibu menggambar buah apel warna merah. Alif mewarnai daunnya dengan warna cokelat tua gelap sekali seperti tanah. Agar lebih segar, warna daun yang benar adalah...","shapes","🐞",0,0,"=",1,25,"[""Hijau"",""Hitam"",""Ungu""]","Jawaban pilihan [1] adalah yang paling tepat!"
"q_coding_debugging_117","coding_debugging","Mobil mainan tidak bisa berjalan karena rodanya lepas. Cara memperbaiki (debugging) mobil tersebut adalah...","shapes","🐞",0,0,"=",2,25,"[""Mencuci kaca mobil"",""Memasang kembali rodanya"",""Mengecat mobil""]","Jawaban pilihan [2] adalah yang paling tepat!"
"q_coding_debugging_118","coding_debugging","Senter tidak menyala saat ditekan tombolnya. Apa yang perlu diperiksa terlebih dahulu?","shapes","🐞",0,0,"=",2,25,"[""Warna wadah senter"",""Baterai di dalam senter"",""Tali senter""]","Jawaban pilihan [2] adalah yang paling tepat!"
"q_coding_debugging_119","coding_debugging","Langkah mewarnai gambar: (1) Buka kotak krayon (2) Ambil krayon (3) Mewarnai dengan mata dipejamkan rapat. Mana yang keliru?","shapes","🐞",0,0,"=",3,25,"[""Ambil krayon"",""Buka kotak krayon"",""Mewarnai dengan mata dipejamkan""]","Jawaban pilihan [3] adalah yang paling tepat!"
"q_coding_debugging_120","coding_debugging","Robot hendak menyiram bunga, tetapi malah menyiram sepatu Ayah. Kesalahan robot adalah...","shapes","🐞",0,0,"=",3,25,"[""Menyiram air"",""Menggunakan wadah siram"",""Menyiram sasaran yang salah (sepatu)""]","Jawaban pilihan [3] adalah yang paling tepat!"
"q_coding_debugging_121","coding_debugging","Perintah memasak nasi: (1) Cuci beras (2) Masukkan ke rice cooker (3) Colokkan ke listrik (4) Masukkan mainan plastik. Langkah mana yang salah?","shapes","🐞",0,0,"=",3,25,"[""Langkah 3 (Colok listrik)"",""Langkah 1 (Cuci beras)"",""Langkah 4 (Masukkan mainan)""]","Jawaban pilihan [3] adalah yang paling tepat!"
"q_coding_debugging_122","coding_debugging","Rani memakai baju hangat tebal saat udara di pantai sangat panas terik. Pakaian Rani...","shapes","🐞",0,0,"=",3,25,"[""Sudah sangat cocok"",""Sangat keren untuk berenang"",""Kurang tepat/salah kostum""]","Jawaban pilihan [3] adalah yang paling tepat!"
"q_coding_debugging_123","coding_debugging","Robot berjalan lalu menabrak kursi karena tidak melihat ke depan. Apa yang harus diperbaiki dari Robot?","shapes","🐞",0,0,"=",3,25,"[""Beri robot makanan"",""Mengecat baju robot"",""Tambahkan sensor/mata untuk melihat halangan""]","Jawaban pilihan [3] adalah yang paling tepat!"
"q_coding_debugging_124","coding_debugging","Perintah mewarnai laut: 'Warnai air laut dengan krayon warna MERAH TUA'. Agar gambar laut terlihat normal, warna krayon yang benar adalah...","shapes","🐞",0,0,"=",1,25,"[""Biru"",""Hitam"",""Kuning""]","Jawaban pilihan [1] adalah yang paling tepat!"
"q_coding_debugging_125","coding_debugging","Urutan membuat es jus: (1) Potong buah (2) Masukkan batu bata (3) Nyalakan blender. Mana bahan yang salah?","shapes","🐞",0,0,"=",2,25,"[""Buah"",""Batu bata"",""Air""]","Jawaban pilihan [2] adalah yang paling tepat!"
"q_coding_debugging_126","coding_debugging","Robot bertugas menyeduh susu hangat: (1) Tuang air hangat (2) Masukkan bubuk susu (3) Masukkan kecap asin. Langkah mana yang salah?","shapes","🐞",0,0,"=",2,25,"[""Langkah 2 (Bubuk susu)"",""Langkah 3 (Kecap asin)"",""Langkah 1 (Air hangat)""]","Jawaban pilihan [2] adalah yang paling tepat!"
"q_coding_debugging_127","coding_debugging","Andi memakai pakaian sekolah: (1) Pakai celana (2) Pakai baju (3) Pakai sepatu di kepala. Apa yang salah?","shapes","🐞",0,0,"=",2,25,"[""Memakai baju"",""Memakai sepatu di kepala"",""Memakai celana""]","Jawaban pilihan [2] adalah yang paling tepat!"
"q_coding_debugging_128","coding_debugging","Dino membuat sereal: (1) Tuang sereal ke mangkuk (2) Tuang susu (3) Pakai sisir untuk makan sereal. Mana yang salah?","shapes","🐞",0,0,"=",1,25,"[""Menggunakan sisir untuk makan"",""Mentuangkan sereal"",""Mentuangkan susu""]","Jawaban pilihan [1] adalah yang paling tepat!"
"q_coding_debugging_129","coding_debugging","Petunjuk menuju dapur: 'Maju 2 langkah, lalu melompat ke genteng rumah'. Mana petunjuk yang aneh?","shapes","🐞",0,0,"=",2,25,"[""Menuju dapur"",""Melompat ke genteng rumah"",""Maju 2 langkah""]","Jawaban pilihan [2] adalah yang paling tepat!"
"q_coding_debugging_130","coding_debugging","Ibu menggambar buah apel warna merah. Budi mewarnai daunnya dengan warna cokelat tua gelap sekali seperti tanah. Agar lebih segar, warna daun yang benar adalah...","shapes","🐞",0,0,"=",3,25,"[""Hitam"",""Ungu"",""Hijau""]","Jawaban pilihan [3] adalah yang paling tepat!"
"q_coding_debugging_131","coding_debugging","Mobil mainan tidak bisa berjalan karena rodanya lepas. Cara memperbaiki (debugging) mobil tersebut adalah...","shapes","🐞",0,0,"=",1,25,"[""Memasang kembali rodanya"",""Mengecat mobil"",""Mencuci kaca mobil""]","Jawaban pilihan [1] adalah yang paling tepat!"
"q_coding_debugging_132","coding_debugging","Senter tidak menyala saat ditekan tombolnya. Apa yang perlu diperiksa terlebih dahulu?","shapes","🐞",0,0,"=",1,25,"[""Baterai di dalam senter"",""Tali senter"",""Warna wadah senter""]","Jawaban pilihan [1] adalah yang paling tepat!"
"q_coding_debugging_133","coding_debugging","Langkah mewarnai gambar: (1) Buka kotak krayon (2) Ambil krayon (3) Mewarnai dengan mata dipejamkan rapat. Mana yang keliru?","shapes","🐞",0,0,"=",1,25,"[""Mewarnai dengan mata dipejamkan"",""Ambil krayon"",""Buka kotak krayon""]","Jawaban pilihan [1] adalah yang paling tepat!"
"q_coding_debugging_134","coding_debugging","Robot hendak menyiram bunga, tetapi malah menyiram sepatu Ayah. Kesalahan robot adalah...","shapes","🐞",0,0,"=",3,25,"[""Menggunakan wadah siram"",""Menyiram air"",""Menyiram sasaran yang salah (sepatu)""]","Jawaban pilihan [3] adalah yang paling tepat!"
"q_coding_debugging_135","coding_debugging","Perintah memasak nasi: (1) Cuci beras (2) Masukkan ke rice cooker (3) Colokkan ke listrik (4) Masukkan mainan plastik. Langkah mana yang salah?","shapes","🐞",0,0,"=",3,25,"[""Langkah 1 (Cuci beras)"",""Langkah 3 (Colok listrik)"",""Langkah 4 (Masukkan mainan)""]","Jawaban pilihan [3] adalah yang paling tepat!"
"q_coding_debugging_136","coding_debugging","Alif memakai baju hangat tebal saat udara di pantai sangat panas terik. Pakaian Alif...","shapes","🐞",0,0,"=",3,25,"[""Sangat keren untuk berenang"",""Sudah sangat cocok"",""Kurang tepat/salah kostum""]","Jawaban pilihan [3] adalah yang paling tepat!"
"q_coding_debugging_137","coding_debugging","Robot berjalan lalu menabrak kursi karena tidak melihat ke depan. Apa yang harus diperbaiki dari Robot?","shapes","🐞",0,0,"=",2,25,"[""Mengecat baju robot"",""Tambahkan sensor/mata untuk melihat halangan"",""Beri robot makanan""]","Jawaban pilihan [2] adalah yang paling tepat!"
"q_coding_debugging_138","coding_debugging","Perintah mewarnai laut: 'Warnai air laut dengan krayon warna MERAH TUA'. Agar gambar laut terlihat normal, warna krayon yang benar adalah...","shapes","🐞",0,0,"=",3,25,"[""Kuning"",""Hitam"",""Biru""]","Jawaban pilihan [3] adalah yang paling tepat!"
"q_coding_debugging_139","coding_debugging","Urutan membuat es jus: (1) Potong buah (2) Masukkan batu bata (3) Nyalakan blender. Mana bahan yang salah?","shapes","🐞",0,0,"=",2,25,"[""Buah"",""Batu bata"",""Air""]","Jawaban pilihan [2] adalah yang paling tepat!"
"q_coding_debugging_140","coding_debugging","Robot bertugas menyeduh susu hangat: (1) Tuang air hangat (2) Masukkan bubuk susu (3) Masukkan kecap asin. Langkah mana yang salah?","shapes","🐞",0,0,"=",1,25,"[""Langkah 3 (Kecap asin)"",""Langkah 2 (Bubuk susu)"",""Langkah 1 (Air hangat)""]","Jawaban pilihan [1] adalah yang paling tepat!"
"q_coding_debugging_141","coding_debugging","Andi memakai pakaian sekolah: (1) Pakai celana (2) Pakai baju (3) Pakai sepatu di kepala. Apa yang salah?","shapes","🐞",0,0,"=",2,25,"[""Memakai baju"",""Memakai sepatu di kepala"",""Memakai celana""]","Jawaban pilihan [2] adalah yang paling tepat!"
"q_coding_debugging_142","coding_debugging","Dino membuat sereal: (1) Tuang sereal ke mangkuk (2) Tuang susu (3) Pakai sisir untuk makan sereal. Mana yang salah?","shapes","🐞",0,0,"=",2,25,"[""Mentuangkan susu"",""Menggunakan sisir untuk makan"",""Mentuangkan sereal""]","Jawaban pilihan [2] adalah yang paling tepat!"
"q_coding_debugging_143","coding_debugging","Petunjuk menuju dapur: 'Maju 2 langkah, lalu melompat ke genteng rumah'. Mana petunjuk yang aneh?","shapes","🐞",0,0,"=",2,25,"[""Menuju dapur"",""Melompat ke genteng rumah"",""Maju 2 langkah""]","Jawaban pilihan [2] adalah yang paling tepat!"
"q_coding_debugging_144","coding_debugging","Ibu menggambar buah apel warna merah. Myesha mewarnai daunnya dengan warna cokelat tua gelap sekali seperti tanah. Agar lebih segar, warna daun yang benar adalah...","shapes","🐞",0,0,"=",1,25,"[""Hijau"",""Ungu"",""Hitam""]","Jawaban pilihan [1] adalah yang paling tepat!"
"q_coding_debugging_145","coding_debugging","Mobil mainan tidak bisa berjalan karena rodanya lepas. Cara memperbaiki (debugging) mobil tersebut adalah...","shapes","🐞",0,0,"=",1,25,"[""Memasang kembali rodanya"",""Mencuci kaca mobil"",""Mengecat mobil""]","Jawaban pilihan [1] adalah yang paling tepat!"
"q_coding_debugging_146","coding_debugging","Senter tidak menyala saat ditekan tombolnya. Apa yang perlu diperiksa terlebih dahulu?","shapes","🐞",0,0,"=",1,25,"[""Baterai di dalam senter"",""Warna wadah senter"",""Tali senter""]","Jawaban pilihan [1] adalah yang paling tepat!"
"q_coding_debugging_147","coding_debugging","Langkah mewarnai gambar: (1) Buka kotak krayon (2) Ambil krayon (3) Mewarnai dengan mata dipejamkan rapat. Mana yang keliru?","shapes","🐞",0,0,"=",3,25,"[""Buka kotak krayon"",""Ambil krayon"",""Mewarnai dengan mata dipejamkan""]","Jawaban pilihan [3] adalah yang paling tepat!"
"q_coding_debugging_148","coding_debugging","Robot hendak menyiram bunga, tetapi malah menyiram sepatu Ayah. Kesalahan robot adalah...","shapes","🐞",0,0,"=",2,25,"[""Menyiram air"",""Menyiram sasaran yang salah (sepatu)"",""Menggunakan wadah siram""]","Jawaban pilihan [2] adalah yang paling tepat!"
"q_coding_debugging_149","coding_debugging","Perintah memasak nasi: (1) Cuci beras (2) Masukkan ke rice cooker (3) Colokkan ke listrik (4) Masukkan mainan plastik. Langkah mana yang salah?","shapes","🐞",0,0,"=",1,25,"[""Langkah 4 (Masukkan mainan)"",""Langkah 1 (Cuci beras)"",""Langkah 3 (Colok listrik)""]","Jawaban pilihan [1] adalah yang paling tepat!"
"q_coding_debugging_150","coding_debugging","Budi memakai baju hangat tebal saat udara di pantai sangat panas terik. Pakaian Budi...","shapes","🐞",0,0,"=",2,25,"[""Sudah sangat cocok"",""Kurang tepat/salah kostum"",""Sangat keren untuk berenang""]","Jawaban pilihan [2] adalah yang paling tepat!"
"q_coding_debugging_151","coding_debugging","Robot berjalan lalu menabrak kursi karena tidak melihat ke depan. Apa yang harus diperbaiki dari Robot?","shapes","🐞",0,0,"=",2,25,"[""Beri robot makanan"",""Tambahkan sensor/mata untuk melihat halangan"",""Mengecat baju robot""]","Jawaban pilihan [2] adalah yang paling tepat!"
"q_coding_debugging_152","coding_debugging","Perintah mewarnai laut: 'Warnai air laut dengan krayon warna MERAH TUA'. Agar gambar laut terlihat normal, warna krayon yang benar adalah...","shapes","🐞",0,0,"=",1,25,"[""Biru"",""Hitam"",""Kuning""]","Jawaban pilihan [1] adalah yang paling tepat!"
"q_coding_debugging_153","coding_debugging","Urutan membuat es jus: (1) Potong buah (2) Masukkan batu bata (3) Nyalakan blender. Mana bahan yang salah?","shapes","🐞",0,0,"=",1,25,"[""Batu bata"",""Air"",""Buah""]","Jawaban pilihan [1] adalah yang paling tepat!"
"q_coding_debugging_154","coding_debugging","Robot bertugas menyeduh susu hangat: (1) Tuang air hangat (2) Masukkan bubuk susu (3) Masukkan kecap asin. Langkah mana yang salah?","shapes","🐞",0,0,"=",2,25,"[""Langkah 1 (Air hangat)"",""Langkah 3 (Kecap asin)"",""Langkah 2 (Bubuk susu)""]","Jawaban pilihan [2] adalah yang paling tepat!"
"q_coding_debugging_155","coding_debugging","Andi memakai pakaian sekolah: (1) Pakai celana (2) Pakai baju (3) Pakai sepatu di kepala. Apa yang salah?","shapes","🐞",0,0,"=",3,25,"[""Memakai celana"",""Memakai baju"",""Memakai sepatu di kepala""]","Jawaban pilihan [3] adalah yang paling tepat!"
"q_coding_debugging_156","coding_debugging","Dino membuat sereal: (1) Tuang sereal ke mangkuk (2) Tuang susu (3) Pakai sisir untuk makan sereal. Mana yang salah?","shapes","🐞",0,0,"=",3,25,"[""Mentuangkan sereal"",""Mentuangkan susu"",""Menggunakan sisir untuk makan""]","Jawaban pilihan [3] adalah yang paling tepat!"
"q_coding_debugging_157","coding_debugging","Petunjuk menuju dapur: 'Maju 2 langkah, lalu melompat ke genteng rumah'. Mana petunjuk yang aneh?","shapes","🐞",0,0,"=",1,25,"[""Melompat ke genteng rumah"",""Maju 2 langkah"",""Menuju dapur""]","Jawaban pilihan [1] adalah yang paling tepat!"
"q_coding_debugging_158","coding_debugging","Ibu menggambar buah apel warna merah. Zaid mewarnai daunnya dengan warna cokelat tua gelap sekali seperti tanah. Agar lebih segar, warna daun yang benar adalah...","shapes","🐞",0,0,"=",3,25,"[""Hitam"",""Ungu"",""Hijau""]","Jawaban pilihan [3] adalah yang paling tepat!"
"q_coding_debugging_159","coding_debugging","Mobil mainan tidak bisa berjalan karena rodanya lepas. Cara memperbaiki (debugging) mobil tersebut adalah...","shapes","🐞",0,0,"=",2,25,"[""Mengecat mobil"",""Memasang kembali rodanya"",""Mencuci kaca mobil""]","Jawaban pilihan [2] adalah yang paling tepat!"
"q_coding_debugging_160","coding_debugging","Senter tidak menyala saat ditekan tombolnya. Apa yang perlu diperiksa terlebih dahulu?","shapes","🐞",0,0,"=",3,25,"[""Tali senter"",""Warna wadah senter"",""Baterai di dalam senter""]","Jawaban pilihan [3] adalah yang paling tepat!"
"q_coding_debugging_161","coding_debugging","Langkah mewarnai gambar: (1) Buka kotak krayon (2) Ambil krayon (3) Mewarnai dengan mata dipejamkan rapat. Mana yang keliru?","shapes","🐞",0,0,"=",3,25,"[""Ambil krayon"",""Buka kotak krayon"",""Mewarnai dengan mata dipejamkan""]","Jawaban pilihan [3] adalah yang paling tepat!"
"q_coding_debugging_162","coding_debugging","Robot hendak menyiram bunga, tetapi malah menyiram sepatu Ayah. Kesalahan robot adalah...","shapes","🐞",0,0,"=",1,25,"[""Menyiram sasaran yang salah (sepatu)"",""Menyiram air"",""Menggunakan wadah siram""]","Jawaban pilihan [1] adalah yang paling tepat!"
"q_coding_debugging_163","coding_debugging","Perintah memasak nasi: (1) Cuci beras (2) Masukkan ke rice cooker (3) Colokkan ke listrik (4) Masukkan mainan plastik. Langkah mana yang salah?","shapes","🐞",0,0,"=",2,25,"[""Langkah 1 (Cuci beras)"",""Langkah 4 (Masukkan mainan)"",""Langkah 3 (Colok listrik)""]","Jawaban pilihan [2] adalah yang paling tepat!"
"q_coding_debugging_164","coding_debugging","Myesha memakai baju hangat tebal saat udara di pantai sangat panas terik. Pakaian Myesha...","shapes","🐞",0,0,"=",1,25,"[""Kurang tepat/salah kostum"",""Sangat keren untuk berenang"",""Sudah sangat cocok""]","Jawaban pilihan [1] adalah yang paling tepat!"
"q_coding_debugging_165","coding_debugging","Robot berjalan lalu menabrak kursi karena tidak melihat ke depan. Apa yang harus diperbaiki dari Robot?","shapes","🐞",0,0,"=",1,25,"[""Tambahkan sensor/mata untuk melihat halangan"",""Mengecat baju robot"",""Beri robot makanan""]","Jawaban pilihan [1] adalah yang paling tepat!"
"q_coding_debugging_166","coding_debugging","Perintah mewarnai laut: 'Warnai air laut dengan krayon warna MERAH TUA'. Agar gambar laut terlihat normal, warna krayon yang benar adalah...","shapes","🐞",0,0,"=",2,25,"[""Hitam"",""Biru"",""Kuning""]","Jawaban pilihan [2] adalah yang paling tepat!"
"q_coding_debugging_167","coding_debugging","Urutan membuat es jus: (1) Potong buah (2) Masukkan batu bata (3) Nyalakan blender. Mana bahan yang salah?","shapes","🐞",0,0,"=",1,25,"[""Batu bata"",""Buah"",""Air""]","Jawaban pilihan [1] adalah yang paling tepat!"
"q_coding_debugging_168","coding_debugging","Robot bertugas menyeduh susu hangat: (1) Tuang air hangat (2) Masukkan bubuk susu (3) Masukkan kecap asin. Langkah mana yang salah?","shapes","🐞",0,0,"=",1,25,"[""Langkah 3 (Kecap asin)"",""Langkah 2 (Bubuk susu)"",""Langkah 1 (Air hangat)""]","Jawaban pilihan [1] adalah yang paling tepat!"
"q_coding_debugging_169","coding_debugging","Andi memakai pakaian sekolah: (1) Pakai celana (2) Pakai baju (3) Pakai sepatu di kepala. Apa yang salah?","shapes","🐞",0,0,"=",3,25,"[""Memakai celana"",""Memakai baju"",""Memakai sepatu di kepala""]","Jawaban pilihan [3] adalah yang paling tepat!"
"q_coding_debugging_170","coding_debugging","Dino membuat sereal: (1) Tuang sereal ke mangkuk (2) Tuang susu (3) Pakai sisir untuk makan sereal. Mana yang salah?","shapes","🐞",0,0,"=",1,25,"[""Menggunakan sisir untuk makan"",""Mentuangkan sereal"",""Mentuangkan susu""]","Jawaban pilihan [1] adalah yang paling tepat!"
"q_coding_debugging_171","coding_debugging","Petunjuk menuju dapur: 'Maju 2 langkah, lalu melompat ke genteng rumah'. Mana petunjuk yang aneh?","shapes","🐞",0,0,"=",3,25,"[""Maju 2 langkah"",""Menuju dapur"",""Melompat ke genteng rumah""]","Jawaban pilihan [3] adalah yang paling tepat!"
"q_coding_debugging_172","coding_debugging","Ibu menggambar buah apel warna merah. Rani mewarnai daunnya dengan warna cokelat tua gelap sekali seperti tanah. Agar lebih segar, warna daun yang benar adalah...","shapes","🐞",0,0,"=",1,25,"[""Hijau"",""Ungu"",""Hitam""]","Jawaban pilihan [1] adalah yang paling tepat!"
"q_coding_debugging_173","coding_debugging","Mobil mainan tidak bisa berjalan karena rodanya lepas. Cara memperbaiki (debugging) mobil tersebut adalah...","shapes","🐞",0,0,"=",3,25,"[""Mengecat mobil"",""Mencuci kaca mobil"",""Memasang kembali rodanya""]","Jawaban pilihan [3] adalah yang paling tepat!"
"q_coding_debugging_174","coding_debugging","Senter tidak menyala saat ditekan tombolnya. Apa yang perlu diperiksa terlebih dahulu?","shapes","🐞",0,0,"=",1,25,"[""Baterai di dalam senter"",""Tali senter"",""Warna wadah senter""]","Jawaban pilihan [1] adalah yang paling tepat!"
"q_coding_debugging_175","coding_debugging","Langkah mewarnai gambar: (1) Buka kotak krayon (2) Ambil krayon (3) Mewarnai dengan mata dipejamkan rapat. Mana yang keliru?","shapes","🐞",0,0,"=",2,25,"[""Buka kotak krayon"",""Mewarnai dengan mata dipejamkan"",""Ambil krayon""]","Jawaban pilihan [2] adalah yang paling tepat!"
"q_coding_debugging_176","coding_debugging","Robot hendak menyiram bunga, tetapi malah menyiram sepatu Ayah. Kesalahan robot adalah...","shapes","🐞",0,0,"=",3,25,"[""Menyiram air"",""Menggunakan wadah siram"",""Menyiram sasaran yang salah (sepatu)""]","Jawaban pilihan [3] adalah yang paling tepat!"
"q_coding_debugging_177","coding_debugging","Perintah memasak nasi: (1) Cuci beras (2) Masukkan ke rice cooker (3) Colokkan ke listrik (4) Masukkan mainan plastik. Langkah mana yang salah?","shapes","🐞",0,0,"=",1,25,"[""Langkah 4 (Masukkan mainan)"",""Langkah 1 (Cuci beras)"",""Langkah 3 (Colok listrik)""]","Jawaban pilihan [1] adalah yang paling tepat!"
"q_coding_debugging_178","coding_debugging","Zaid memakai baju hangat tebal saat udara di pantai sangat panas terik. Pakaian Zaid...","shapes","🐞",0,0,"=",3,25,"[""Sangat keren untuk berenang"",""Sudah sangat cocok"",""Kurang tepat/salah kostum""]","Jawaban pilihan [3] adalah yang paling tepat!"
"q_coding_debugging_179","coding_debugging","Robot berjalan lalu menabrak kursi karena tidak melihat ke depan. Apa yang harus diperbaiki dari Robot?","shapes","🐞",0,0,"=",1,25,"[""Tambahkan sensor/mata untuk melihat halangan"",""Mengecat baju robot"",""Beri robot makanan""]","Jawaban pilihan [1] adalah yang paling tepat!"
"q_coding_debugging_180","coding_debugging","Perintah mewarnai laut: 'Warnai air laut dengan krayon warna MERAH TUA'. Agar gambar laut terlihat normal, warna krayon yang benar adalah...","shapes","🐞",0,0,"=",2,25,"[""Hitam"",""Biru"",""Kuning""]","Jawaban pilihan [2] adalah yang paling tepat!"
"q_coding_debugging_181","coding_debugging","Urutan membuat es jus: (1) Potong buah (2) Masukkan batu bata (3) Nyalakan blender. Mana bahan yang salah?","shapes","🐞",0,0,"=",3,25,"[""Buah"",""Air"",""Batu bata""]","Jawaban pilihan [3] adalah yang paling tepat!"
"q_coding_debugging_182","coding_debugging","Robot bertugas menyeduh susu hangat: (1) Tuang air hangat (2) Masukkan bubuk susu (3) Masukkan kecap asin. Langkah mana yang salah?","shapes","🐞",0,0,"=",2,25,"[""Langkah 2 (Bubuk susu)"",""Langkah 3 (Kecap asin)"",""Langkah 1 (Air hangat)""]","Jawaban pilihan [2] adalah yang paling tepat!"
"q_coding_debugging_183","coding_debugging","Andi memakai pakaian sekolah: (1) Pakai celana (2) Pakai baju (3) Pakai sepatu di kepala. Apa yang salah?","shapes","🐞",0,0,"=",3,25,"[""Memakai baju"",""Memakai celana"",""Memakai sepatu di kepala""]","Jawaban pilihan [3] adalah yang paling tepat!"
"q_coding_debugging_184","coding_debugging","Dino membuat sereal: (1) Tuang sereal ke mangkuk (2) Tuang susu (3) Pakai sisir untuk makan sereal. Mana yang salah?","shapes","🐞",0,0,"=",2,25,"[""Mentuangkan sereal"",""Menggunakan sisir untuk makan"",""Mentuangkan susu""]","Jawaban pilihan [2] adalah yang paling tepat!"
"q_coding_debugging_185","coding_debugging","Petunjuk menuju dapur: 'Maju 2 langkah, lalu melompat ke genteng rumah'. Mana petunjuk yang aneh?","shapes","🐞",0,0,"=",2,25,"[""Maju 2 langkah"",""Melompat ke genteng rumah"",""Menuju dapur""]","Jawaban pilihan [2] adalah yang paling tepat!"
"q_coding_debugging_186","coding_debugging","Ibu menggambar buah apel warna merah. Alif mewarnai daunnya dengan warna cokelat tua gelap sekali seperti tanah. Agar lebih segar, warna daun yang benar adalah...","shapes","🐞",0,0,"=",3,25,"[""Ungu"",""Hitam"",""Hijau""]","Jawaban pilihan [3] adalah yang paling tepat!"
"q_coding_debugging_187","coding_debugging","Mobil mainan tidak bisa berjalan karena rodanya lepas. Cara memperbaiki (debugging) mobil tersebut adalah...","shapes","🐞",0,0,"=",1,25,"[""Memasang kembali rodanya"",""Mengecat mobil"",""Mencuci kaca mobil""]","Jawaban pilihan [1] adalah yang paling tepat!"
"q_coding_debugging_188","coding_debugging","Senter tidak menyala saat ditekan tombolnya. Apa yang perlu diperiksa terlebih dahulu?","shapes","🐞",0,0,"=",3,25,"[""Tali senter"",""Warna wadah senter"",""Baterai di dalam senter""]","Jawaban pilihan [3] adalah yang paling tepat!"
"q_coding_debugging_189","coding_debugging","Langkah mewarnai gambar: (1) Buka kotak krayon (2) Ambil krayon (3) Mewarnai dengan mata dipejamkan rapat. Mana yang keliru?","shapes","🐞",0,0,"=",3,25,"[""Ambil krayon"",""Buka kotak krayon"",""Mewarnai dengan mata dipejamkan""]","Jawaban pilihan [3] adalah yang paling tepat!"
"q_coding_debugging_190","coding_debugging","Robot hendak menyiram bunga, tetapi malah menyiram sepatu Ayah. Kesalahan robot adalah...","shapes","🐞",0,0,"=",2,25,"[""Menyiram air"",""Menyiram sasaran yang salah (sepatu)"",""Menggunakan wadah siram""]","Jawaban pilihan [2] adalah yang paling tepat!"
"q_coding_debugging_191","coding_debugging","Perintah memasak nasi: (1) Cuci beras (2) Masukkan ke rice cooker (3) Colokkan ke listrik (4) Masukkan mainan plastik. Langkah mana yang salah?","shapes","🐞",0,0,"=",1,25,"[""Langkah 4 (Masukkan mainan)"",""Langkah 3 (Colok listrik)"",""Langkah 1 (Cuci beras)""]","Jawaban pilihan [1] adalah yang paling tepat!"
"q_coding_debugging_192","coding_debugging","Rani memakai baju hangat tebal saat udara di pantai sangat panas terik. Pakaian Rani...","shapes","🐞",0,0,"=",1,25,"[""Kurang tepat/salah kostum"",""Sangat keren untuk berenang"",""Sudah sangat cocok""]","Jawaban pilihan [1] adalah yang paling tepat!"
"q_coding_debugging_193","coding_debugging","Robot berjalan lalu menabrak kursi karena tidak melihat ke depan. Apa yang harus diperbaiki dari Robot?","shapes","🐞",0,0,"=",2,25,"[""Beri robot makanan"",""Tambahkan sensor/mata untuk melihat halangan"",""Mengecat baju robot""]","Jawaban pilihan [2] adalah yang paling tepat!"
"q_coding_debugging_194","coding_debugging","Perintah mewarnai laut: 'Warnai air laut dengan krayon warna MERAH TUA'. Agar gambar laut terlihat normal, warna krayon yang benar adalah...","shapes","🐞",0,0,"=",2,25,"[""Kuning"",""Biru"",""Hitam""]","Jawaban pilihan [2] adalah yang paling tepat!"
"q_coding_debugging_195","coding_debugging","Urutan membuat es jus: (1) Potong buah (2) Masukkan batu bata (3) Nyalakan blender. Mana bahan yang salah?","shapes","🐞",0,0,"=",2,25,"[""Buah"",""Batu bata"",""Air""]","Jawaban pilihan [2] adalah yang paling tepat!"
"q_coding_debugging_196","coding_debugging","Robot bertugas menyeduh susu hangat: (1) Tuang air hangat (2) Masukkan bubuk susu (3) Masukkan kecap asin. Langkah mana yang salah?","shapes","🐞",0,0,"=",3,25,"[""Langkah 2 (Bubuk susu)"",""Langkah 1 (Air hangat)"",""Langkah 3 (Kecap asin)""]","Jawaban pilihan [3] adalah yang paling tepat!"
"q_coding_debugging_197","coding_debugging","Andi memakai pakaian sekolah: (1) Pakai celana (2) Pakai baju (3) Pakai sepatu di kepala. Apa yang salah?","shapes","🐞",0,0,"=",3,25,"[""Memakai celana"",""Memakai baju"",""Memakai sepatu di kepala""]","Jawaban pilihan [3] adalah yang paling tepat!"
"q_coding_debugging_198","coding_debugging","Dino membuat sereal: (1) Tuang sereal ke mangkuk (2) Tuang susu (3) Pakai sisir untuk makan sereal. Mana yang salah?","shapes","🐞",0,0,"=",3,25,"[""Mentuangkan sereal"",""Mentuangkan susu"",""Menggunakan sisir untuk makan""]","Jawaban pilihan [3] adalah yang paling tepat!"
"q_coding_debugging_199","coding_debugging","Petunjuk menuju dapur: 'Maju 2 langkah, lalu melompat ke genteng rumah'. Mana petunjuk yang aneh?","shapes","🐞",0,0,"=",1,25,"[""Melompat ke genteng rumah"",""Maju 2 langkah"",""Menuju dapur""]","Jawaban pilihan [1] adalah yang paling tepat!"
"q_coding_debugging_200","coding_debugging","Ibu menggambar buah apel warna merah. Budi mewarnai daunnya dengan warna cokelat tua gelap sekali seperti tanah. Agar lebih segar, warna daun yang benar adalah...","shapes","🐞",0,0,"=",1,25,"[""Hijau"",""Hitam"",""Ungu""]","Jawaban pilihan [1] adalah yang paling tepat!"
"q_coding_debugging_201","coding_debugging","Mobil mainan tidak bisa berjalan karena rodanya lepas. Cara memperbaiki (debugging) mobil tersebut adalah...","shapes","🐞",0,0,"=",2,25,"[""Mencuci kaca mobil"",""Memasang kembali rodanya"",""Mengecat mobil""]","Jawaban pilihan [2] adalah yang paling tepat!"
"q_coding_debugging_202","coding_debugging","Senter tidak menyala saat ditekan tombolnya. Apa yang perlu diperiksa terlebih dahulu?","shapes","🐞",0,0,"=",3,25,"[""Tali senter"",""Warna wadah senter"",""Baterai di dalam senter""]","Jawaban pilihan [3] adalah yang paling tepat!"
"q_coding_debugging_203","coding_debugging","Langkah mewarnai gambar: (1) Buka kotak krayon (2) Ambil krayon (3) Mewarnai dengan mata dipejamkan rapat. Mana yang keliru?","shapes","🐞",0,0,"=",1,25,"[""Mewarnai dengan mata dipejamkan"",""Ambil krayon"",""Buka kotak krayon""]","Jawaban pilihan [1] adalah yang paling tepat!"
"q_coding_debugging_204","coding_debugging","Robot hendak menyiram bunga, tetapi malah menyiram sepatu Ayah. Kesalahan robot adalah...","shapes","🐞",0,0,"=",1,25,"[""Menyiram sasaran yang salah (sepatu)"",""Menggunakan wadah siram"",""Menyiram air""]","Jawaban pilihan [1] adalah yang paling tepat!"
"q_coding_debugging_205","coding_debugging","Perintah memasak nasi: (1) Cuci beras (2) Masukkan ke rice cooker (3) Colokkan ke listrik (4) Masukkan mainan plastik. Langkah mana yang salah?","shapes","🐞",0,0,"=",1,25,"[""Langkah 4 (Masukkan mainan)"",""Langkah 3 (Colok listrik)"",""Langkah 1 (Cuci beras)""]","Jawaban pilihan [1] adalah yang paling tepat!"
"q_coding_debugging_206","coding_debugging","Alif memakai baju hangat tebal saat udara di pantai sangat panas terik. Pakaian Alif...","shapes","🐞",0,0,"=",1,25,"[""Kurang tepat/salah kostum"",""Sangat keren untuk berenang"",""Sudah sangat cocok""]","Jawaban pilihan [1] adalah yang paling tepat!"
"q_coding_debugging_207","coding_debugging","Robot berjalan lalu menabrak kursi karena tidak melihat ke depan. Apa yang harus diperbaiki dari Robot?","shapes","🐞",0,0,"=",3,25,"[""Mengecat baju robot"",""Beri robot makanan"",""Tambahkan sensor/mata untuk melihat halangan""]","Jawaban pilihan [3] adalah yang paling tepat!"
"q_coding_debugging_208","coding_debugging","Perintah mewarnai laut: 'Warnai air laut dengan krayon warna MERAH TUA'. Agar gambar laut terlihat normal, warna krayon yang benar adalah...","shapes","🐞",0,0,"=",3,25,"[""Hitam"",""Kuning"",""Biru""]","Jawaban pilihan [3] adalah yang paling tepat!"
"q_coding_debugging_209","coding_debugging","Urutan membuat es jus: (1) Potong buah (2) Masukkan batu bata (3) Nyalakan blender. Mana bahan yang salah?","shapes","🐞",0,0,"=",2,25,"[""Air"",""Batu bata"",""Buah""]","Jawaban pilihan [2] adalah yang paling tepat!"
"q_coding_debugging_210","coding_debugging","Robot bertugas menyeduh susu hangat: (1) Tuang air hangat (2) Masukkan bubuk susu (3) Masukkan kecap asin. Langkah mana yang salah?","shapes","🐞",0,0,"=",1,25,"[""Langkah 3 (Kecap asin)"",""Langkah 1 (Air hangat)"",""Langkah 2 (Bubuk susu)""]","Jawaban pilihan [1] adalah yang paling tepat!"
"q_coding_debugging_211","coding_debugging","Andi memakai pakaian sekolah: (1) Pakai celana (2) Pakai baju (3) Pakai sepatu di kepala. Apa yang salah?","shapes","🐞",0,0,"=",3,25,"[""Memakai baju"",""Memakai celana"",""Memakai sepatu di kepala""]","Jawaban pilihan [3] adalah yang paling tepat!"
"q_coding_debugging_212","coding_debugging","Dino membuat sereal: (1) Tuang sereal ke mangkuk (2) Tuang susu (3) Pakai sisir untuk makan sereal. Mana yang salah?","shapes","🐞",0,0,"=",1,25,"[""Menggunakan sisir untuk makan"",""Mentuangkan sereal"",""Mentuangkan susu""]","Jawaban pilihan [1] adalah yang paling tepat!"
"q_coding_debugging_213","coding_debugging","Petunjuk menuju dapur: 'Maju 2 langkah, lalu melompat ke genteng rumah'. Mana petunjuk yang aneh?","shapes","🐞",0,0,"=",3,25,"[""Menuju dapur"",""Maju 2 langkah"",""Melompat ke genteng rumah""]","Jawaban pilihan [3] adalah yang paling tepat!"
"q_coding_debugging_214","coding_debugging","Ibu menggambar buah apel warna merah. Myesha mewarnai daunnya dengan warna cokelat tua gelap sekali seperti tanah. Agar lebih segar, warna daun yang benar adalah...","shapes","🐞",0,0,"=",2,25,"[""Hitam"",""Hijau"",""Ungu""]","Jawaban pilihan [2] adalah yang paling tepat!"
"q_coding_debugging_215","coding_debugging","Mobil mainan tidak bisa berjalan karena rodanya lepas. Cara memperbaiki (debugging) mobil tersebut adalah...","shapes","🐞",0,0,"=",2,25,"[""Mencuci kaca mobil"",""Memasang kembali rodanya"",""Mengecat mobil""]","Jawaban pilihan [2] adalah yang paling tepat!"
"q_coding_debugging_216","coding_debugging","Senter tidak menyala saat ditekan tombolnya. Apa yang perlu diperiksa terlebih dahulu?","shapes","🐞",0,0,"=",2,25,"[""Tali senter"",""Baterai di dalam senter"",""Warna wadah senter""]","Jawaban pilihan [2] adalah yang paling tepat!"
"q_coding_debugging_217","coding_debugging","Langkah mewarnai gambar: (1) Buka kotak krayon (2) Ambil krayon (3) Mewarnai dengan mata dipejamkan rapat. Mana yang keliru?","shapes","🐞",0,0,"=",1,25,"[""Mewarnai dengan mata dipejamkan"",""Ambil krayon"",""Buka kotak krayon""]","Jawaban pilihan [1] adalah yang paling tepat!"
"q_coding_debugging_218","coding_debugging","Robot hendak menyiram bunga, tetapi malah menyiram sepatu Ayah. Kesalahan robot adalah...","shapes","🐞",0,0,"=",2,25,"[""Menyiram air"",""Menyiram sasaran yang salah (sepatu)"",""Menggunakan wadah siram""]","Jawaban pilihan [2] adalah yang paling tepat!"
"q_coding_debugging_219","coding_debugging","Perintah memasak nasi: (1) Cuci beras (2) Masukkan ke rice cooker (3) Colokkan ke listrik (4) Masukkan mainan plastik. Langkah mana yang salah?","shapes","🐞",0,0,"=",1,25,"[""Langkah 4 (Masukkan mainan)"",""Langkah 1 (Cuci beras)"",""Langkah 3 (Colok listrik)""]","Jawaban pilihan [1] adalah yang paling tepat!"
"q_coding_debugging_220","coding_debugging","Budi memakai baju hangat tebal saat udara di pantai sangat panas terik. Pakaian Budi...","shapes","🐞",0,0,"=",3,25,"[""Sangat keren untuk berenang"",""Sudah sangat cocok"",""Kurang tepat/salah kostum""]","Jawaban pilihan [3] adalah yang paling tepat!"
"q_coding_debugging_221","coding_debugging","Robot berjalan lalu menabrak kursi karena tidak melihat ke depan. Apa yang harus diperbaiki dari Robot?","shapes","🐞",0,0,"=",1,25,"[""Tambahkan sensor/mata untuk melihat halangan"",""Mengecat baju robot"",""Beri robot makanan""]","Jawaban pilihan [1] adalah yang paling tepat!"
"q_coding_debugging_222","coding_debugging","Perintah mewarnai laut: 'Warnai air laut dengan krayon warna MERAH TUA'. Agar gambar laut terlihat normal, warna krayon yang benar adalah...","shapes","🐞",0,0,"=",2,25,"[""Kuning"",""Biru"",""Hitam""]","Jawaban pilihan [2] adalah yang paling tepat!"
"q_coding_debugging_223","coding_debugging","Urutan membuat es jus: (1) Potong buah (2) Masukkan batu bata (3) Nyalakan blender. Mana bahan yang salah?","shapes","🐞",0,0,"=",3,25,"[""Buah"",""Air"",""Batu bata""]","Jawaban pilihan [3] adalah yang paling tepat!"
"q_coding_debugging_224","coding_debugging","Robot bertugas menyeduh susu hangat: (1) Tuang air hangat (2) Masukkan bubuk susu (3) Masukkan kecap asin. Langkah mana yang salah?","shapes","🐞",0,0,"=",2,25,"[""Langkah 2 (Bubuk susu)"",""Langkah 3 (Kecap asin)"",""Langkah 1 (Air hangat)""]","Jawaban pilihan [2] adalah yang paling tepat!"
"q_coding_debugging_225","coding_debugging","Andi memakai pakaian sekolah: (1) Pakai celana (2) Pakai baju (3) Pakai sepatu di kepala. Apa yang salah?","shapes","🐞",0,0,"=",1,25,"[""Memakai sepatu di kepala"",""Memakai baju"",""Memakai celana""]","Jawaban pilihan [1] adalah yang paling tepat!"
"q_coding_debugging_226","coding_debugging","Dino membuat sereal: (1) Tuang sereal ke mangkuk (2) Tuang susu (3) Pakai sisir untuk makan sereal. Mana yang salah?","shapes","🐞",0,0,"=",3,25,"[""Mentuangkan sereal"",""Mentuangkan susu"",""Menggunakan sisir untuk makan""]","Jawaban pilihan [3] adalah yang paling tepat!"
"q_coding_debugging_227","coding_debugging","Petunjuk menuju dapur: 'Maju 2 langkah, lalu melompat ke genteng rumah'. Mana petunjuk yang aneh?","shapes","🐞",0,0,"=",2,25,"[""Menuju dapur"",""Melompat ke genteng rumah"",""Maju 2 langkah""]","Jawaban pilihan [2] adalah yang paling tepat!"
"q_coding_debugging_228","coding_debugging","Ibu menggambar buah apel warna merah. Zaid mewarnai daunnya dengan warna cokelat tua gelap sekali seperti tanah. Agar lebih segar, warna daun yang benar adalah...","shapes","🐞",0,0,"=",1,25,"[""Hijau"",""Ungu"",""Hitam""]","Jawaban pilihan [1] adalah yang paling tepat!"
"q_coding_debugging_229","coding_debugging","Mobil mainan tidak bisa berjalan karena rodanya lepas. Cara memperbaiki (debugging) mobil tersebut adalah...","shapes","🐞",0,0,"=",1,25,"[""Memasang kembali rodanya"",""Mencuci kaca mobil"",""Mengecat mobil""]","Jawaban pilihan [1] adalah yang paling tepat!"
"q_coding_debugging_230","coding_debugging","Senter tidak menyala saat ditekan tombolnya. Apa yang perlu diperiksa terlebih dahulu?","shapes","🐞",0,0,"=",1,25,"[""Baterai di dalam senter"",""Tali senter"",""Warna wadah senter""]","Jawaban pilihan [1] adalah yang paling tepat!"
"q_coding_debugging_231","coding_debugging","Langkah mewarnai gambar: (1) Buka kotak krayon (2) Ambil krayon (3) Mewarnai dengan mata dipejamkan rapat. Mana yang keliru?","shapes","🐞",0,0,"=",3,25,"[""Buka kotak krayon"",""Ambil krayon"",""Mewarnai dengan mata dipejamkan""]","Jawaban pilihan [3] adalah yang paling tepat!"
"q_coding_debugging_232","coding_debugging","Robot hendak menyiram bunga, tetapi malah menyiram sepatu Ayah. Kesalahan robot adalah...","shapes","🐞",0,0,"=",1,25,"[""Menyiram sasaran yang salah (sepatu)"",""Menyiram air"",""Menggunakan wadah siram""]","Jawaban pilihan [1] adalah yang paling tepat!"
"q_coding_debugging_233","coding_debugging","Perintah memasak nasi: (1) Cuci beras (2) Masukkan ke rice cooker (3) Colokkan ke listrik (4) Masukkan mainan plastik. Langkah mana yang salah?","shapes","🐞",0,0,"=",3,25,"[""Langkah 3 (Colok listrik)"",""Langkah 1 (Cuci beras)"",""Langkah 4 (Masukkan mainan)""]","Jawaban pilihan [3] adalah yang paling tepat!"
"q_coding_debugging_234","coding_debugging","Myesha memakai baju hangat tebal saat udara di pantai sangat panas terik. Pakaian Myesha...","shapes","🐞",0,0,"=",1,25,"[""Kurang tepat/salah kostum"",""Sudah sangat cocok"",""Sangat keren untuk berenang""]","Jawaban pilihan [1] adalah yang paling tepat!"
"q_coding_debugging_235","coding_debugging","Robot berjalan lalu menabrak kursi karena tidak melihat ke depan. Apa yang harus diperbaiki dari Robot?","shapes","🐞",0,0,"=",3,25,"[""Beri robot makanan"",""Mengecat baju robot"",""Tambahkan sensor/mata untuk melihat halangan""]","Jawaban pilihan [3] adalah yang paling tepat!"
"q_coding_debugging_236","coding_debugging","Perintah mewarnai laut: 'Warnai air laut dengan krayon warna MERAH TUA'. Agar gambar laut terlihat normal, warna krayon yang benar adalah...","shapes","🐞",0,0,"=",2,25,"[""Kuning"",""Biru"",""Hitam""]","Jawaban pilihan [2] adalah yang paling tepat!"
"q_coding_debugging_237","coding_debugging","Urutan membuat es jus: (1) Potong buah (2) Masukkan batu bata (3) Nyalakan blender. Mana bahan yang salah?","shapes","🐞",0,0,"=",1,25,"[""Batu bata"",""Buah"",""Air""]","Jawaban pilihan [1] adalah yang paling tepat!"
"q_coding_debugging_238","coding_debugging","Robot bertugas menyeduh susu hangat: (1) Tuang air hangat (2) Masukkan bubuk susu (3) Masukkan kecap asin. Langkah mana yang salah?","shapes","🐞",0,0,"=",2,25,"[""Langkah 2 (Bubuk susu)"",""Langkah 3 (Kecap asin)"",""Langkah 1 (Air hangat)""]","Jawaban pilihan [2] adalah yang paling tepat!"
"q_coding_debugging_239","coding_debugging","Andi memakai pakaian sekolah: (1) Pakai celana (2) Pakai baju (3) Pakai sepatu di kepala. Apa yang salah?","shapes","🐞",0,0,"=",2,25,"[""Memakai baju"",""Memakai sepatu di kepala"",""Memakai celana""]","Jawaban pilihan [2] adalah yang paling tepat!"
"q_coding_debugging_240","coding_debugging","Dino membuat sereal: (1) Tuang sereal ke mangkuk (2) Tuang susu (3) Pakai sisir untuk makan sereal. Mana yang salah?","shapes","🐞",0,0,"=",1,25,"[""Menggunakan sisir untuk makan"",""Mentuangkan sereal"",""Mentuangkan susu""]","Jawaban pilihan [1] adalah yang paling tepat!"
"q_coding_debugging_241","coding_debugging","Petunjuk menuju dapur: 'Maju 2 langkah, lalu melompat ke genteng rumah'. Mana petunjuk yang aneh?","shapes","🐞",0,0,"=",1,25,"[""Melompat ke genteng rumah"",""Menuju dapur"",""Maju 2 langkah""]","Jawaban pilihan [1] adalah yang paling tepat!"
"q_coding_debugging_242","coding_debugging","Ibu menggambar buah apel warna merah. Rani mewarnai daunnya dengan warna cokelat tua gelap sekali seperti tanah. Agar lebih segar, warna daun yang benar adalah...","shapes","🐞",0,0,"=",2,25,"[""Hitam"",""Hijau"",""Ungu""]","Jawaban pilihan [2] adalah yang paling tepat!"
"q_coding_debugging_243","coding_debugging","Mobil mainan tidak bisa berjalan karena rodanya lepas. Cara memperbaiki (debugging) mobil tersebut adalah...","shapes","🐞",0,0,"=",3,25,"[""Mencuci kaca mobil"",""Mengecat mobil"",""Memasang kembali rodanya""]","Jawaban pilihan [3] adalah yang paling tepat!"
"q_coding_debugging_244","coding_debugging","Senter tidak menyala saat ditekan tombolnya. Apa yang perlu diperiksa terlebih dahulu?","shapes","🐞",0,0,"=",2,25,"[""Warna wadah senter"",""Baterai di dalam senter"",""Tali senter""]","Jawaban pilihan [2] adalah yang paling tepat!"
"q_coding_debugging_245","coding_debugging","Langkah mewarnai gambar: (1) Buka kotak krayon (2) Ambil krayon (3) Mewarnai dengan mata dipejamkan rapat. Mana yang keliru?","shapes","🐞",0,0,"=",2,25,"[""Buka kotak krayon"",""Mewarnai dengan mata dipejamkan"",""Ambil krayon""]","Jawaban pilihan [2] adalah yang paling tepat!"
"q_coding_debugging_246","coding_debugging","Robot hendak menyiram bunga, tetapi malah menyiram sepatu Ayah. Kesalahan robot adalah...","shapes","🐞",0,0,"=",1,25,"[""Menyiram sasaran yang salah (sepatu)"",""Menggunakan wadah siram"",""Menyiram air""]","Jawaban pilihan [1] adalah yang paling tepat!"
"q_coding_debugging_247","coding_debugging","Perintah memasak nasi: (1) Cuci beras (2) Masukkan ke rice cooker (3) Colokkan ke listrik (4) Masukkan mainan plastik. Langkah mana yang salah?","shapes","🐞",0,0,"=",2,25,"[""Langkah 1 (Cuci beras)"",""Langkah 4 (Masukkan mainan)"",""Langkah 3 (Colok listrik)""]","Jawaban pilihan [2] adalah yang paling tepat!"
"q_coding_debugging_248","coding_debugging","Zaid memakai baju hangat tebal saat udara di pantai sangat panas terik. Pakaian Zaid...","shapes","🐞",0,0,"=",3,25,"[""Sangat keren untuk berenang"",""Sudah sangat cocok"",""Kurang tepat/salah kostum""]","Jawaban pilihan [3] adalah yang paling tepat!"
"q_coding_debugging_249","coding_debugging","Robot berjalan lalu menabrak kursi karena tidak melihat ke depan. Apa yang harus diperbaiki dari Robot?","shapes","🐞",0,0,"=",1,25,"[""Tambahkan sensor/mata untuk melihat halangan"",""Beri robot makanan"",""Mengecat baju robot""]","Jawaban pilihan [1] adalah yang paling tepat!"
"q_coding_debugging_250","coding_debugging","Perintah mewarnai laut: 'Warnai air laut dengan krayon warna MERAH TUA'. Agar gambar laut terlihat normal, warna krayon yang benar adalah...","shapes","🐞",0,0,"=",3,25,"[""Hitam"",""Kuning"",""Biru""]","Jawaban pilihan [3] adalah yang paling tepat!"
"q_coding_debugging_251","coding_debugging","Urutan membuat es jus: (1) Potong buah (2) Masukkan batu bata (3) Nyalakan blender. Mana bahan yang salah?","shapes","🐞",0,0,"=",1,25,"[""Batu bata"",""Buah"",""Air""]","Jawaban pilihan [1] adalah yang paling tepat!"
"q_coding_debugging_252","coding_debugging","Robot bertugas menyeduh susu hangat: (1) Tuang air hangat (2) Masukkan bubuk susu (3) Masukkan kecap asin. Langkah mana yang salah?","shapes","🐞",0,0,"=",2,25,"[""Langkah 2 (Bubuk susu)"",""Langkah 3 (Kecap asin)"",""Langkah 1 (Air hangat)""]","Jawaban pilihan [2] adalah yang paling tepat!"
"q_coding_debugging_253","coding_debugging","Andi memakai pakaian sekolah: (1) Pakai celana (2) Pakai baju (3) Pakai sepatu di kepala. Apa yang salah?","shapes","🐞",0,0,"=",2,25,"[""Memakai baju"",""Memakai sepatu di kepala"",""Memakai celana""]","Jawaban pilihan [2] adalah yang paling tepat!"
"q_coding_debugging_254","coding_debugging","Dino membuat sereal: (1) Tuang sereal ke mangkuk (2) Tuang susu (3) Pakai sisir untuk makan sereal. Mana yang salah?","shapes","🐞",0,0,"=",2,25,"[""Mentuangkan susu"",""Menggunakan sisir untuk makan"",""Mentuangkan sereal""]","Jawaban pilihan [2] adalah yang paling tepat!"
"q_coding_debugging_255","coding_debugging","Petunjuk menuju dapur: 'Maju 2 langkah, lalu melompat ke genteng rumah'. Mana petunjuk yang aneh?","shapes","🐞",0,0,"=",3,25,"[""Maju 2 langkah"",""Menuju dapur"",""Melompat ke genteng rumah""]","Jawaban pilihan [3] adalah yang paling tepat!"
"q_coding_debugging_256","coding_debugging","Ibu menggambar buah apel warna merah. Alif mewarnai daunnya dengan warna cokelat tua gelap sekali seperti tanah. Agar lebih segar, warna daun yang benar adalah...","shapes","🐞",0,0,"=",2,25,"[""Ungu"",""Hijau"",""Hitam""]","Jawaban pilihan [2] adalah yang paling tepat!"
"q_coding_debugging_257","coding_debugging","Mobil mainan tidak bisa berjalan karena rodanya lepas. Cara memperbaiki (debugging) mobil tersebut adalah...","shapes","🐞",0,0,"=",1,25,"[""Memasang kembali rodanya"",""Mengecat mobil"",""Mencuci kaca mobil""]","Jawaban pilihan [1] adalah yang paling tepat!"
"q_coding_debugging_258","coding_debugging","Senter tidak menyala saat ditekan tombolnya. Apa yang perlu diperiksa terlebih dahulu?","shapes","🐞",0,0,"=",1,25,"[""Baterai di dalam senter"",""Tali senter"",""Warna wadah senter""]","Jawaban pilihan [1] adalah yang paling tepat!"
"q_coding_debugging_259","coding_debugging","Langkah mewarnai gambar: (1) Buka kotak krayon (2) Ambil krayon (3) Mewarnai dengan mata dipejamkan rapat. Mana yang keliru?","shapes","🐞",0,0,"=",3,25,"[""Buka kotak krayon"",""Ambil krayon"",""Mewarnai dengan mata dipejamkan""]","Jawaban pilihan [3] adalah yang paling tepat!"
"q_coding_debugging_260","coding_debugging","Robot hendak menyiram bunga, tetapi malah menyiram sepatu Ayah. Kesalahan robot adalah...","shapes","🐞",0,0,"=",1,25,"[""Menyiram sasaran yang salah (sepatu)"",""Menggunakan wadah siram"",""Menyiram air""]","Jawaban pilihan [1] adalah yang paling tepat!"
"q_coding_debugging_261","coding_debugging","Perintah memasak nasi: (1) Cuci beras (2) Masukkan ke rice cooker (3) Colokkan ke listrik (4) Masukkan mainan plastik. Langkah mana yang salah?","shapes","🐞",0,0,"=",3,25,"[""Langkah 3 (Colok listrik)"",""Langkah 1 (Cuci beras)"",""Langkah 4 (Masukkan mainan)""]","Jawaban pilihan [3] adalah yang paling tepat!"
"q_coding_debugging_262","coding_debugging","Rani memakai baju hangat tebal saat udara di pantai sangat panas terik. Pakaian Rani...","shapes","🐞",0,0,"=",1,25,"[""Kurang tepat/salah kostum"",""Sangat keren untuk berenang"",""Sudah sangat cocok""]","Jawaban pilihan [1] adalah yang paling tepat!"
"q_coding_debugging_263","coding_debugging","Robot berjalan lalu menabrak kursi karena tidak melihat ke depan. Apa yang harus diperbaiki dari Robot?","shapes","🐞",0,0,"=",3,25,"[""Beri robot makanan"",""Mengecat baju robot"",""Tambahkan sensor/mata untuk melihat halangan""]","Jawaban pilihan [3] adalah yang paling tepat!"
"q_coding_debugging_264","coding_debugging","Perintah mewarnai laut: 'Warnai air laut dengan krayon warna MERAH TUA'. Agar gambar laut terlihat normal, warna krayon yang benar adalah...","shapes","🐞",0,0,"=",1,25,"[""Biru"",""Hitam"",""Kuning""]","Jawaban pilihan [1] adalah yang paling tepat!"
"q_coding_debugging_265","coding_debugging","Urutan membuat es jus: (1) Potong buah (2) Masukkan batu bata (3) Nyalakan blender. Mana bahan yang salah?","shapes","🐞",0,0,"=",1,25,"[""Batu bata"",""Buah"",""Air""]","Jawaban pilihan [1] adalah yang paling tepat!"
"q_coding_debugging_266","coding_debugging","Robot bertugas menyeduh susu hangat: (1) Tuang air hangat (2) Masukkan bubuk susu (3) Masukkan kecap asin. Langkah mana yang salah?","shapes","🐞",0,0,"=",1,25,"[""Langkah 3 (Kecap asin)"",""Langkah 1 (Air hangat)"",""Langkah 2 (Bubuk susu)""]","Jawaban pilihan [1] adalah yang paling tepat!"
"q_coding_debugging_267","coding_debugging","Andi memakai pakaian sekolah: (1) Pakai celana (2) Pakai baju (3) Pakai sepatu di kepala. Apa yang salah?","shapes","🐞",0,0,"=",3,25,"[""Memakai celana"",""Memakai baju"",""Memakai sepatu di kepala""]","Jawaban pilihan [3] adalah yang paling tepat!"
"q_coding_debugging_268","coding_debugging","Dino membuat sereal: (1) Tuang sereal ke mangkuk (2) Tuang susu (3) Pakai sisir untuk makan sereal. Mana yang salah?","shapes","🐞",0,0,"=",1,25,"[""Menggunakan sisir untuk makan"",""Mentuangkan sereal"",""Mentuangkan susu""]","Jawaban pilihan [1] adalah yang paling tepat!"
"q_coding_debugging_269","coding_debugging","Petunjuk menuju dapur: 'Maju 2 langkah, lalu melompat ke genteng rumah'. Mana petunjuk yang aneh?","shapes","🐞",0,0,"=",3,25,"[""Menuju dapur"",""Maju 2 langkah"",""Melompat ke genteng rumah""]","Jawaban pilihan [3] adalah yang paling tepat!"
"q_coding_debugging_270","coding_debugging","Ibu menggambar buah apel warna merah. Budi mewarnai daunnya dengan warna cokelat tua gelap sekali seperti tanah. Agar lebih segar, warna daun yang benar adalah...","shapes","🐞",0,0,"=",3,25,"[""Ungu"",""Hitam"",""Hijau""]","Jawaban pilihan [3] adalah yang paling tepat!"
"q_coding_debugging_271","coding_debugging","Mobil mainan tidak bisa berjalan karena rodanya lepas. Cara memperbaiki (debugging) mobil tersebut adalah...","shapes","🐞",0,0,"=",1,25,"[""Memasang kembali rodanya"",""Mengecat mobil"",""Mencuci kaca mobil""]","Jawaban pilihan [1] adalah yang paling tepat!"
"q_coding_debugging_272","coding_debugging","Senter tidak menyala saat ditekan tombolnya. Apa yang perlu diperiksa terlebih dahulu?","shapes","🐞",0,0,"=",1,25,"[""Baterai di dalam senter"",""Tali senter"",""Warna wadah senter""]","Jawaban pilihan [1] adalah yang paling tepat!"
"q_coding_debugging_273","coding_debugging","Langkah mewarnai gambar: (1) Buka kotak krayon (2) Ambil krayon (3) Mewarnai dengan mata dipejamkan rapat. Mana yang keliru?","shapes","🐞",0,0,"=",1,25,"[""Mewarnai dengan mata dipejamkan"",""Buka kotak krayon"",""Ambil krayon""]","Jawaban pilihan [1] adalah yang paling tepat!"
"q_coding_debugging_274","coding_debugging","Robot hendak menyiram bunga, tetapi malah menyiram sepatu Ayah. Kesalahan robot adalah...","shapes","🐞",0,0,"=",3,25,"[""Menyiram air"",""Menggunakan wadah siram"",""Menyiram sasaran yang salah (sepatu)""]","Jawaban pilihan [3] adalah yang paling tepat!"
"q_coding_debugging_275","coding_debugging","Perintah memasak nasi: (1) Cuci beras (2) Masukkan ke rice cooker (3) Colokkan ke listrik (4) Masukkan mainan plastik. Langkah mana yang salah?","shapes","🐞",0,0,"=",3,25,"[""Langkah 3 (Colok listrik)"",""Langkah 1 (Cuci beras)"",""Langkah 4 (Masukkan mainan)""]","Jawaban pilihan [3] adalah yang paling tepat!"
"q_coding_debugging_276","coding_debugging","Alif memakai baju hangat tebal saat udara di pantai sangat panas terik. Pakaian Alif...","shapes","🐞",0,0,"=",2,25,"[""Sangat keren untuk berenang"",""Kurang tepat/salah kostum"",""Sudah sangat cocok""]","Jawaban pilihan [2] adalah yang paling tepat!"
"q_coding_debugging_277","coding_debugging","Robot berjalan lalu menabrak kursi karena tidak melihat ke depan. Apa yang harus diperbaiki dari Robot?","shapes","🐞",0,0,"=",1,25,"[""Tambahkan sensor/mata untuk melihat halangan"",""Beri robot makanan"",""Mengecat baju robot""]","Jawaban pilihan [1] adalah yang paling tepat!"
"q_coding_debugging_278","coding_debugging","Perintah mewarnai laut: 'Warnai air laut dengan krayon warna MERAH TUA'. Agar gambar laut terlihat normal, warna krayon yang benar adalah...","shapes","🐞",0,0,"=",3,25,"[""Kuning"",""Hitam"",""Biru""]","Jawaban pilihan [3] adalah yang paling tepat!"
"q_coding_debugging_279","coding_debugging","Urutan membuat es jus: (1) Potong buah (2) Masukkan batu bata (3) Nyalakan blender. Mana bahan yang salah?","shapes","🐞",0,0,"=",2,25,"[""Buah"",""Batu bata"",""Air""]","Jawaban pilihan [2] adalah yang paling tepat!"
"q_coding_debugging_280","coding_debugging","Robot bertugas menyeduh susu hangat: (1) Tuang air hangat (2) Masukkan bubuk susu (3) Masukkan kecap asin. Langkah mana yang salah?","shapes","🐞",0,0,"=",1,25,"[""Langkah 3 (Kecap asin)"",""Langkah 1 (Air hangat)"",""Langkah 2 (Bubuk susu)""]","Jawaban pilihan [1] adalah yang paling tepat!"
"q_coding_debugging_281","coding_debugging","Andi memakai pakaian sekolah: (1) Pakai celana (2) Pakai baju (3) Pakai sepatu di kepala. Apa yang salah?","shapes","🐞",0,0,"=",1,25,"[""Memakai sepatu di kepala"",""Memakai baju"",""Memakai celana""]","Jawaban pilihan [1] adalah yang paling tepat!"
"q_coding_debugging_282","coding_debugging","Dino membuat sereal: (1) Tuang sereal ke mangkuk (2) Tuang susu (3) Pakai sisir untuk makan sereal. Mana yang salah?","shapes","🐞",0,0,"=",1,25,"[""Menggunakan sisir untuk makan"",""Mentuangkan susu"",""Mentuangkan sereal""]","Jawaban pilihan [1] adalah yang paling tepat!"
"q_coding_debugging_283","coding_debugging","Petunjuk menuju dapur: 'Maju 2 langkah, lalu melompat ke genteng rumah'. Mana petunjuk yang aneh?","shapes","🐞",0,0,"=",3,25,"[""Menuju dapur"",""Maju 2 langkah"",""Melompat ke genteng rumah""]","Jawaban pilihan [3] adalah yang paling tepat!"
"q_coding_debugging_284","coding_debugging","Ibu menggambar buah apel warna merah. Myesha mewarnai daunnya dengan warna cokelat tua gelap sekali seperti tanah. Agar lebih segar, warna daun yang benar adalah...","shapes","🐞",0,0,"=",3,25,"[""Ungu"",""Hitam"",""Hijau""]","Jawaban pilihan [3] adalah yang paling tepat!"
"q_coding_debugging_285","coding_debugging","Mobil mainan tidak bisa berjalan karena rodanya lepas. Cara memperbaiki (debugging) mobil tersebut adalah...","shapes","🐞",0,0,"=",1,25,"[""Memasang kembali rodanya"",""Mengecat mobil"",""Mencuci kaca mobil""]","Jawaban pilihan [1] adalah yang paling tepat!"
"q_coding_debugging_286","coding_debugging","Senter tidak menyala saat ditekan tombolnya. Apa yang perlu diperiksa terlebih dahulu?","shapes","🐞",0,0,"=",1,25,"[""Baterai di dalam senter"",""Tali senter"",""Warna wadah senter""]","Jawaban pilihan [1] adalah yang paling tepat!"
"q_coding_debugging_287","coding_debugging","Langkah mewarnai gambar: (1) Buka kotak krayon (2) Ambil krayon (3) Mewarnai dengan mata dipejamkan rapat. Mana yang keliru?","shapes","🐞",0,0,"=",3,25,"[""Ambil krayon"",""Buka kotak krayon"",""Mewarnai dengan mata dipejamkan""]","Jawaban pilihan [3] adalah yang paling tepat!"
"q_coding_debugging_288","coding_debugging","Robot hendak menyiram bunga, tetapi malah menyiram sepatu Ayah. Kesalahan robot adalah...","shapes","🐞",0,0,"=",3,25,"[""Menyiram air"",""Menggunakan wadah siram"",""Menyiram sasaran yang salah (sepatu)""]","Jawaban pilihan [3] adalah yang paling tepat!"
"q_coding_debugging_289","coding_debugging","Perintah memasak nasi: (1) Cuci beras (2) Masukkan ke rice cooker (3) Colokkan ke listrik (4) Masukkan mainan plastik. Langkah mana yang salah?","shapes","🐞",0,0,"=",2,25,"[""Langkah 1 (Cuci beras)"",""Langkah 4 (Masukkan mainan)"",""Langkah 3 (Colok listrik)""]","Jawaban pilihan [2] adalah yang paling tepat!"
"q_coding_debugging_290","coding_debugging","Budi memakai baju hangat tebal saat udara di pantai sangat panas terik. Pakaian Budi...","shapes","🐞",0,0,"=",1,25,"[""Kurang tepat/salah kostum"",""Sudah sangat cocok"",""Sangat keren untuk berenang""]","Jawaban pilihan [1] adalah yang paling tepat!"
"q_coding_debugging_291","coding_debugging","Robot berjalan lalu menabrak kursi karena tidak melihat ke depan. Apa yang harus diperbaiki dari Robot?","shapes","🐞",0,0,"=",2,25,"[""Beri robot makanan"",""Tambahkan sensor/mata untuk melihat halangan"",""Mengecat baju robot""]","Jawaban pilihan [2] adalah yang paling tepat!"
"q_coding_debugging_292","coding_debugging","Perintah mewarnai laut: 'Warnai air laut dengan krayon warna MERAH TUA'. Agar gambar laut terlihat normal, warna krayon yang benar adalah...","shapes","🐞",0,0,"=",3,25,"[""Hitam"",""Kuning"",""Biru""]","Jawaban pilihan [3] adalah yang paling tepat!"
"q_coding_debugging_293","coding_debugging","Urutan membuat es jus: (1) Potong buah (2) Masukkan batu bata (3) Nyalakan blender. Mana bahan yang salah?","shapes","🐞",0,0,"=",2,25,"[""Air"",""Batu bata"",""Buah""]","Jawaban pilihan [2] adalah yang paling tepat!"
"q_coding_debugging_294","coding_debugging","Robot bertugas menyeduh susu hangat: (1) Tuang air hangat (2) Masukkan bubuk susu (3) Masukkan kecap asin. Langkah mana yang salah?","shapes","🐞",0,0,"=",3,25,"[""Langkah 1 (Air hangat)"",""Langkah 2 (Bubuk susu)"",""Langkah 3 (Kecap asin)""]","Jawaban pilihan [3] adalah yang paling tepat!"
"q_coding_debugging_295","coding_debugging","Andi memakai pakaian sekolah: (1) Pakai celana (2) Pakai baju (3) Pakai sepatu di kepala. Apa yang salah?","shapes","🐞",0,0,"=",1,25,"[""Memakai sepatu di kepala"",""Memakai celana"",""Memakai baju""]","Jawaban pilihan [1] adalah yang paling tepat!"
"q_coding_debugging_296","coding_debugging","Dino membuat sereal: (1) Tuang sereal ke mangkuk (2) Tuang susu (3) Pakai sisir untuk makan sereal. Mana yang salah?","shapes","🐞",0,0,"=",2,25,"[""Mentuangkan sereal"",""Menggunakan sisir untuk makan"",""Mentuangkan susu""]","Jawaban pilihan [2] adalah yang paling tepat!"
"q_coding_debugging_297","coding_debugging","Petunjuk menuju dapur: 'Maju 2 langkah, lalu melompat ke genteng rumah'. Mana petunjuk yang aneh?","shapes","🐞",0,0,"=",1,25,"[""Melompat ke genteng rumah"",""Menuju dapur"",""Maju 2 langkah""]","Jawaban pilihan [1] adalah yang paling tepat!"
"q_coding_debugging_298","coding_debugging","Ibu menggambar buah apel warna merah. Zaid mewarnai daunnya dengan warna cokelat tua gelap sekali seperti tanah. Agar lebih segar, warna daun yang benar adalah...","shapes","🐞",0,0,"=",2,25,"[""Hitam"",""Hijau"",""Ungu""]","Jawaban pilihan [2] adalah yang paling tepat!"
"q_coding_debugging_299","coding_debugging","Mobil mainan tidak bisa berjalan karena rodanya lepas. Cara memperbaiki (debugging) mobil tersebut adalah...","shapes","🐞",0,0,"=",3,25,"[""Mengecat mobil"",""Mencuci kaca mobil"",""Memasang kembali rodanya""]","Jawaban pilihan [3] adalah yang paling tepat!"
"q_coding_debugging_300","coding_debugging","Senter tidak menyala saat ditekan tombolnya. Apa yang perlu diperiksa terlebih dahulu?","shapes","🐞",0,0,"=",2,25,"[""Tali senter"",""Baterai di dalam senter"",""Warna wadah senter""]","Jawaban pilihan [2] adalah yang paling tepat!"
"q_coding_klasifikasi_1","coding_klasifikasi","Manakah kelompok benda yang berwarna MERAH?","shapes","🗂️",0,0,"=",3,25,"[""Awan, Garam, Susu murni"",""Daun rumput, Pohon, Melon"",""Stroberi, Cabai matang, Tomat matang""]","Jawaban pilihan [3] adalah yang paling tepat!"
"q_coding_klasifikasi_2","coding_klasifikasi","Bantu Robot memilah benda yang berbentuk LINGKARAN:","shapes","🗂️",0,0,"=",2,25,"[""Atap rumah, Penggaris segitiga, Potongan pizza"",""Uang koin, Roda sepeda, Piring bulat"",""Buku cerita, Kotak pensil, Pintu""]","Jawaban pilihan [2] adalah yang paling tepat!"
"q_coding_klasifikasi_3","coding_klasifikasi","Kelompokkan hewan yang bisa TERBANG di udara:","shapes","🗂️",0,0,"=",3,25,"[""Ikan, Kepiting, Udang"",""Kucing, Anjing, Sapi"",""Burung, Kupu-kupu, Lebah""]","Jawaban pilihan [3] adalah yang paling tepat!"
"q_coding_klasifikasi_4","coding_klasifikasi","Manakah benda yang bertekstur HALUS dan LEMBUT?","shapes","🗂️",0,0,"=",1,25,"[""Boneka bulu halus"",""Batu jalanan"",""Batang pohon""]","Jawaban pilihan [1] adalah yang paling tepat!"
"q_coding_klasifikasi_5","coding_klasifikasi","Bantu Robot mengelompokkan benda-benda yang terasa PANAS:","shapes","🗂️",0,0,"=",1,25,"[""Api unggun, Air mendidih, Sup hangat"",""Es krim, Es batu, Air dingin"",""Mainan plastik, Kertas, Pensil""]","Jawaban pilihan [1] adalah yang paling tepat!"
"q_coding_klasifikasi_6","coding_klasifikasi","Kelompokkan benda-benda yang bisa DILIPAT:","shapes","🗂️",0,0,"=",1,25,"[""Baju, Celana, Handuk"",""Sendok, Garpu, Piring kaca"",""Batu, Kayu, Besi""]","Jawaban pilihan [1] adalah yang paling tepat!"
"q_coding_klasifikasi_7","coding_klasifikasi","Pilih kelompok kendaraan yang berjalan di AIR / LAUT:","shapes","🗂️",0,0,"=",1,25,"[""Kapal laut, Perahu, Perahu karet"",""Mobil, Sepeda motor, Bus"",""Pesawat terbang, Helikopter, Balon udara""]","Jawaban pilihan [1] adalah yang paling tepat!"
"q_coding_klasifikasi_8","coding_klasifikasi","Kelompokkan hewan yang hidup di AIR:","shapes","🗂️",0,0,"=",3,25,"[""Kelinci, Burung hantu, Kucing"",""Sapi, Kambing, Ayam"",""Ikan mas, Lumba-lumba, Cumi-cumi""]","Jawaban pilihan [3] adalah yang paling tepat!"
"q_coding_klasifikasi_9","coding_klasifikasi","Di meja ada buah dan mainan. Kelompokkan mana yang termasuk BUAH:","shapes","🗂️",0,0,"=",3,25,"[""Pensil, Penghapus, Penggaris"",""Mobil-mobilan, Boneka, Bola"",""Apel, Pisang, Jeruk""]","Jawaban pilihan [3] adalah yang paling tepat!"
"q_coding_klasifikasi_10","coding_klasifikasi","Manakah kelompok benda yang berwarna MERAH?","shapes","🗂️",0,0,"=",3,25,"[""Awan, Garam, Susu murni"",""Daun rumput, Pohon, Melon"",""Stroberi, Cabai matang, Tomat matang""]","Jawaban pilihan [3] adalah yang paling tepat!"
"q_coding_klasifikasi_11","coding_klasifikasi","Bantu Robot memilah benda yang berbentuk LINGKARAN:","shapes","🗂️",0,0,"=",3,25,"[""Atap rumah, Penggaris segitiga, Potongan pizza"",""Buku cerita, Kotak pensil, Pintu"",""Uang koin, Roda sepeda, Piring bulat""]","Jawaban pilihan [3] adalah yang paling tepat!"
"q_coding_klasifikasi_12","coding_klasifikasi","Kelompokkan hewan yang bisa TERBANG di udara:","shapes","🗂️",0,0,"=",1,25,"[""Burung, Kupu-kupu, Lebah"",""Kucing, Anjing, Sapi"",""Ikan, Kepiting, Udang""]","Jawaban pilihan [1] adalah yang paling tepat!"
"q_coding_klasifikasi_13","coding_klasifikasi","Manakah benda yang bertekstur HALUS dan LEMBUT?","shapes","🗂️",0,0,"=",3,25,"[""Batang pohon"",""Batu jalanan"",""Boneka bulu halus""]","Jawaban pilihan [3] adalah yang paling tepat!"
"q_coding_klasifikasi_14","coding_klasifikasi","Bantu Robot mengelompokkan benda-benda yang terasa PANAS:","shapes","🗂️",0,0,"=",1,25,"[""Api unggun, Air mendidih, Sup hangat"",""Mainan plastik, Kertas, Pensil"",""Es krim, Es batu, Air dingin""]","Jawaban pilihan [1] adalah yang paling tepat!"
"q_coding_klasifikasi_15","coding_klasifikasi","Kelompokkan benda-benda yang bisa DILIPAT:","shapes","🗂️",0,0,"=",2,25,"[""Batu, Kayu, Besi"",""Baju, Celana, Handuk"",""Sendok, Garpu, Piring kaca""]","Jawaban pilihan [2] adalah yang paling tepat!"
"q_coding_klasifikasi_16","coding_klasifikasi","Pilih kelompok kendaraan yang berjalan di AIR / LAUT:","shapes","🗂️",0,0,"=",3,25,"[""Mobil, Sepeda motor, Bus"",""Pesawat terbang, Helikopter, Balon udara"",""Kapal laut, Perahu, Perahu karet""]","Jawaban pilihan [3] adalah yang paling tepat!"
"q_coding_klasifikasi_17","coding_klasifikasi","Kelompokkan hewan yang hidup di AIR:","shapes","🗂️",0,0,"=",3,25,"[""Kelinci, Burung hantu, Kucing"",""Sapi, Kambing, Ayam"",""Ikan mas, Lumba-lumba, Cumi-cumi""]","Jawaban pilihan [3] adalah yang paling tepat!"
"q_coding_klasifikasi_18","coding_klasifikasi","Di meja ada buah dan mainan. Kelompokkan mana yang termasuk BUAH:","shapes","🗂️",0,0,"=",2,25,"[""Mobil-mobilan, Boneka, Bola"",""Apel, Pisang, Jeruk"",""Pensil, Penghapus, Penggaris""]","Jawaban pilihan [2] adalah yang paling tepat!"
"q_coding_klasifikasi_19","coding_klasifikasi","Manakah kelompok benda yang berwarna MERAH?","shapes","🗂️",0,0,"=",3,25,"[""Daun rumput, Pohon, Melon"",""Awan, Garam, Susu murni"",""Stroberi, Cabai matang, Tomat matang""]","Jawaban pilihan [3] adalah yang paling tepat!"
"q_coding_klasifikasi_20","coding_klasifikasi","Bantu Robot memilah benda yang berbentuk LINGKARAN:","shapes","🗂️",0,0,"=",2,25,"[""Atap rumah, Penggaris segitiga, Potongan pizza"",""Uang koin, Roda sepeda, Piring bulat"",""Buku cerita, Kotak pensil, Pintu""]","Jawaban pilihan [2] adalah yang paling tepat!"
"q_coding_klasifikasi_21","coding_klasifikasi","Kelompokkan hewan yang bisa TERBANG di udara:","shapes","🗂️",0,0,"=",2,25,"[""Ikan, Kepiting, Udang"",""Burung, Kupu-kupu, Lebah"",""Kucing, Anjing, Sapi""]","Jawaban pilihan [2] adalah yang paling tepat!"
"q_coding_klasifikasi_22","coding_klasifikasi","Manakah benda yang bertekstur HALUS dan LEMBUT?","shapes","🗂️",0,0,"=",2,25,"[""Batang pohon"",""Boneka bulu halus"",""Batu jalanan""]","Jawaban pilihan [2] adalah yang paling tepat!"
"q_coding_klasifikasi_23","coding_klasifikasi","Bantu Robot mengelompokkan benda-benda yang terasa PANAS:","shapes","🗂️",0,0,"=",3,25,"[""Es krim, Es batu, Air dingin"",""Mainan plastik, Kertas, Pensil"",""Api unggun, Air mendidih, Sup hangat""]","Jawaban pilihan [3] adalah yang paling tepat!"
"q_coding_klasifikasi_24","coding_klasifikasi","Kelompokkan benda-benda yang bisa DILIPAT:","shapes","🗂️",0,0,"=",3,25,"[""Batu, Kayu, Besi"",""Sendok, Garpu, Piring kaca"",""Baju, Celana, Handuk""]","Jawaban pilihan [3] adalah yang paling tepat!"
"q_coding_klasifikasi_25","coding_klasifikasi","Pilih kelompok kendaraan yang berjalan di AIR / LAUT:","shapes","🗂️",0,0,"=",3,25,"[""Mobil, Sepeda motor, Bus"",""Pesawat terbang, Helikopter, Balon udara"",""Kapal laut, Perahu, Perahu karet""]","Jawaban pilihan [3] adalah yang paling tepat!"
"q_coding_klasifikasi_26","coding_klasifikasi","Kelompokkan hewan yang hidup di AIR:","shapes","🗂️",0,0,"=",1,25,"[""Ikan mas, Lumba-lumba, Cumi-cumi"",""Sapi, Kambing, Ayam"",""Kelinci, Burung hantu, Kucing""]","Jawaban pilihan [1] adalah yang paling tepat!"
"q_coding_klasifikasi_27","coding_klasifikasi","Di meja ada buah dan mainan. Kelompokkan mana yang termasuk BUAH:","shapes","🗂️",0,0,"=",3,25,"[""Pensil, Penghapus, Penggaris"",""Mobil-mobilan, Boneka, Bola"",""Apel, Pisang, Jeruk""]","Jawaban pilihan [3] adalah yang paling tepat!"
"q_coding_klasifikasi_28","coding_klasifikasi","Manakah kelompok benda yang berwarna MERAH?","shapes","🗂️",0,0,"=",1,25,"[""Stroberi, Cabai matang, Tomat matang"",""Awan, Garam, Susu murni"",""Daun rumput, Pohon, Melon""]","Jawaban pilihan [1] adalah yang paling tepat!"
"q_coding_klasifikasi_29","coding_klasifikasi","Bantu Robot memilah benda yang berbentuk LINGKARAN:","shapes","🗂️",0,0,"=",2,25,"[""Atap rumah, Penggaris segitiga, Potongan pizza"",""Uang koin, Roda sepeda, Piring bulat"",""Buku cerita, Kotak pensil, Pintu""]","Jawaban pilihan [2] adalah yang paling tepat!"
"q_coding_klasifikasi_30","coding_klasifikasi","Kelompokkan hewan yang bisa TERBANG di udara:","shapes","🗂️",0,0,"=",1,25,"[""Burung, Kupu-kupu, Lebah"",""Kucing, Anjing, Sapi"",""Ikan, Kepiting, Udang""]","Jawaban pilihan [1] adalah yang paling tepat!"
"q_coding_klasifikasi_31","coding_klasifikasi","Manakah benda yang bertekstur HALUS dan LEMBUT?","shapes","🗂️",0,0,"=",2,25,"[""Batang pohon"",""Boneka bulu halus"",""Batu jalanan""]","Jawaban pilihan [2] adalah yang paling tepat!"
"q_coding_klasifikasi_32","coding_klasifikasi","Bantu Robot mengelompokkan benda-benda yang terasa PANAS:","shapes","🗂️",0,0,"=",2,25,"[""Es krim, Es batu, Air dingin"",""Api unggun, Air mendidih, Sup hangat"",""Mainan plastik, Kertas, Pensil""]","Jawaban pilihan [2] adalah yang paling tepat!"
"q_coding_klasifikasi_33","coding_klasifikasi","Kelompokkan benda-benda yang bisa DILIPAT:","shapes","🗂️",0,0,"=",1,25,"[""Baju, Celana, Handuk"",""Sendok, Garpu, Piring kaca"",""Batu, Kayu, Besi""]","Jawaban pilihan [1] adalah yang paling tepat!"
"q_coding_klasifikasi_34","coding_klasifikasi","Pilih kelompok kendaraan yang berjalan di AIR / LAUT:","shapes","🗂️",0,0,"=",2,25,"[""Pesawat terbang, Helikopter, Balon udara"",""Kapal laut, Perahu, Perahu karet"",""Mobil, Sepeda motor, Bus""]","Jawaban pilihan [2] adalah yang paling tepat!"
"q_coding_klasifikasi_35","coding_klasifikasi","Kelompokkan hewan yang hidup di AIR:","shapes","🗂️",0,0,"=",3,25,"[""Kelinci, Burung hantu, Kucing"",""Sapi, Kambing, Ayam"",""Ikan mas, Lumba-lumba, Cumi-cumi""]","Jawaban pilihan [3] adalah yang paling tepat!"
"q_coding_klasifikasi_36","coding_klasifikasi","Di meja ada buah dan mainan. Kelompokkan mana yang termasuk BUAH:","shapes","🗂️",0,0,"=",2,25,"[""Mobil-mobilan, Boneka, Bola"",""Apel, Pisang, Jeruk"",""Pensil, Penghapus, Penggaris""]","Jawaban pilihan [2] adalah yang paling tepat!"
"q_coding_klasifikasi_37","coding_klasifikasi","Manakah kelompok benda yang berwarna MERAH?","shapes","🗂️",0,0,"=",1,25,"[""Stroberi, Cabai matang, Tomat matang"",""Daun rumput, Pohon, Melon"",""Awan, Garam, Susu murni""]","Jawaban pilihan [1] adalah yang paling tepat!"
"q_coding_klasifikasi_38","coding_klasifikasi","Bantu Robot memilah benda yang berbentuk LINGKARAN:","shapes","🗂️",0,0,"=",1,25,"[""Uang koin, Roda sepeda, Piring bulat"",""Buku cerita, Kotak pensil, Pintu"",""Atap rumah, Penggaris segitiga, Potongan pizza""]","Jawaban pilihan [1] adalah yang paling tepat!"
"q_coding_klasifikasi_39","coding_klasifikasi","Kelompokkan hewan yang bisa TERBANG di udara:","shapes","🗂️",0,0,"=",3,25,"[""Ikan, Kepiting, Udang"",""Kucing, Anjing, Sapi"",""Burung, Kupu-kupu, Lebah""]","Jawaban pilihan [3] adalah yang paling tepat!"
"q_coding_klasifikasi_40","coding_klasifikasi","Manakah benda yang bertekstur HALUS dan LEMBUT?","shapes","🗂️",0,0,"=",2,25,"[""Batu jalanan"",""Boneka bulu halus"",""Batang pohon""]","Jawaban pilihan [2] adalah yang paling tepat!"
"q_coding_klasifikasi_41","coding_klasifikasi","Bantu Robot mengelompokkan benda-benda yang terasa PANAS:","shapes","🗂️",0,0,"=",1,25,"[""Api unggun, Air mendidih, Sup hangat"",""Mainan plastik, Kertas, Pensil"",""Es krim, Es batu, Air dingin""]","Jawaban pilihan [1] adalah yang paling tepat!"
"q_coding_klasifikasi_42","coding_klasifikasi","Kelompokkan benda-benda yang bisa DILIPAT:","shapes","🗂️",0,0,"=",1,25,"[""Baju, Celana, Handuk"",""Batu, Kayu, Besi"",""Sendok, Garpu, Piring kaca""]","Jawaban pilihan [1] adalah yang paling tepat!"
"q_coding_klasifikasi_43","coding_klasifikasi","Pilih kelompok kendaraan yang berjalan di AIR / LAUT:","shapes","🗂️",0,0,"=",2,25,"[""Mobil, Sepeda motor, Bus"",""Kapal laut, Perahu, Perahu karet"",""Pesawat terbang, Helikopter, Balon udara""]","Jawaban pilihan [2] adalah yang paling tepat!"
"q_coding_klasifikasi_44","coding_klasifikasi","Kelompokkan hewan yang hidup di AIR:","shapes","🗂️",0,0,"=",1,25,"[""Ikan mas, Lumba-lumba, Cumi-cumi"",""Sapi, Kambing, Ayam"",""Kelinci, Burung hantu, Kucing""]","Jawaban pilihan [1] adalah yang paling tepat!"
"q_coding_klasifikasi_45","coding_klasifikasi","Di meja ada buah dan mainan. Kelompokkan mana yang termasuk BUAH:","shapes","🗂️",0,0,"=",3,25,"[""Pensil, Penghapus, Penggaris"",""Mobil-mobilan, Boneka, Bola"",""Apel, Pisang, Jeruk""]","Jawaban pilihan [3] adalah yang paling tepat!"
"q_coding_klasifikasi_46","coding_klasifikasi","Manakah kelompok benda yang berwarna MERAH?","shapes","🗂️",0,0,"=",3,25,"[""Daun rumput, Pohon, Melon"",""Awan, Garam, Susu murni"",""Stroberi, Cabai matang, Tomat matang""]","Jawaban pilihan [3] adalah yang paling tepat!"
"q_coding_klasifikasi_47","coding_klasifikasi","Bantu Robot memilah benda yang berbentuk LINGKARAN:","shapes","🗂️",0,0,"=",2,25,"[""Atap rumah, Penggaris segitiga, Potongan pizza"",""Uang koin, Roda sepeda, Piring bulat"",""Buku cerita, Kotak pensil, Pintu""]","Jawaban pilihan [2] adalah yang paling tepat!"
"q_coding_klasifikasi_48","coding_klasifikasi","Kelompokkan hewan yang bisa TERBANG di udara:","shapes","🗂️",0,0,"=",2,25,"[""Ikan, Kepiting, Udang"",""Burung, Kupu-kupu, Lebah"",""Kucing, Anjing, Sapi""]","Jawaban pilihan [2] adalah yang paling tepat!"
"q_coding_klasifikasi_49","coding_klasifikasi","Manakah benda yang bertekstur HALUS dan LEMBUT?","shapes","🗂️",0,0,"=",2,25,"[""Batu jalanan"",""Boneka bulu halus"",""Batang pohon""]","Jawaban pilihan [2] adalah yang paling tepat!"
"q_coding_klasifikasi_50","coding_klasifikasi","Bantu Robot mengelompokkan benda-benda yang terasa PANAS:","shapes","🗂️",0,0,"=",3,25,"[""Es krim, Es batu, Air dingin"",""Mainan plastik, Kertas, Pensil"",""Api unggun, Air mendidih, Sup hangat""]","Jawaban pilihan [3] adalah yang paling tepat!"
"q_coding_klasifikasi_51","coding_klasifikasi","Kelompokkan benda-benda yang bisa DILIPAT:","shapes","🗂️",0,0,"=",2,25,"[""Sendok, Garpu, Piring kaca"",""Baju, Celana, Handuk"",""Batu, Kayu, Besi""]","Jawaban pilihan [2] adalah yang paling tepat!"
"q_coding_klasifikasi_52","coding_klasifikasi","Pilih kelompok kendaraan yang berjalan di AIR / LAUT:","shapes","🗂️",0,0,"=",1,25,"[""Kapal laut, Perahu, Perahu karet"",""Pesawat terbang, Helikopter, Balon udara"",""Mobil, Sepeda motor, Bus""]","Jawaban pilihan [1] adalah yang paling tepat!"
"q_coding_klasifikasi_53","coding_klasifikasi","Kelompokkan hewan yang hidup di AIR:","shapes","🗂️",0,0,"=",1,25,"[""Ikan mas, Lumba-lumba, Cumi-cumi"",""Kelinci, Burung hantu, Kucing"",""Sapi, Kambing, Ayam""]","Jawaban pilihan [1] adalah yang paling tepat!"
"q_coding_klasifikasi_54","coding_klasifikasi","Di meja ada buah dan mainan. Kelompokkan mana yang termasuk BUAH:","shapes","🗂️",0,0,"=",2,25,"[""Mobil-mobilan, Boneka, Bola"",""Apel, Pisang, Jeruk"",""Pensil, Penghapus, Penggaris""]","Jawaban pilihan [2] adalah yang paling tepat!"
"q_coding_klasifikasi_55","coding_klasifikasi","Manakah kelompok benda yang berwarna MERAH?","shapes","🗂️",0,0,"=",1,25,"[""Stroberi, Cabai matang, Tomat matang"",""Daun rumput, Pohon, Melon"",""Awan, Garam, Susu murni""]","Jawaban pilihan [1] adalah yang paling tepat!"
"q_coding_klasifikasi_56","coding_klasifikasi","Bantu Robot memilah benda yang berbentuk LINGKARAN:","shapes","🗂️",0,0,"=",2,25,"[""Buku cerita, Kotak pensil, Pintu"",""Uang koin, Roda sepeda, Piring bulat"",""Atap rumah, Penggaris segitiga, Potongan pizza""]","Jawaban pilihan [2] adalah yang paling tepat!"
"q_coding_klasifikasi_57","coding_klasifikasi","Kelompokkan hewan yang bisa TERBANG di udara:","shapes","🗂️",0,0,"=",1,25,"[""Burung, Kupu-kupu, Lebah"",""Ikan, Kepiting, Udang"",""Kucing, Anjing, Sapi""]","Jawaban pilihan [1] adalah yang paling tepat!"
"q_coding_klasifikasi_58","coding_klasifikasi","Manakah benda yang bertekstur HALUS dan LEMBUT?","shapes","🗂️",0,0,"=",2,25,"[""Batu jalanan"",""Boneka bulu halus"",""Batang pohon""]","Jawaban pilihan [2] adalah yang paling tepat!"
"q_coding_klasifikasi_59","coding_klasifikasi","Bantu Robot mengelompokkan benda-benda yang terasa PANAS:","shapes","🗂️",0,0,"=",1,25,"[""Api unggun, Air mendidih, Sup hangat"",""Mainan plastik, Kertas, Pensil"",""Es krim, Es batu, Air dingin""]","Jawaban pilihan [1] adalah yang paling tepat!"
"q_coding_klasifikasi_60","coding_klasifikasi","Kelompokkan benda-benda yang bisa DILIPAT:","shapes","🗂️",0,0,"=",2,25,"[""Sendok, Garpu, Piring kaca"",""Baju, Celana, Handuk"",""Batu, Kayu, Besi""]","Jawaban pilihan [2] adalah yang paling tepat!"
"q_coding_klasifikasi_61","coding_klasifikasi","Pilih kelompok kendaraan yang berjalan di AIR / LAUT:","shapes","🗂️",0,0,"=",1,25,"[""Kapal laut, Perahu, Perahu karet"",""Mobil, Sepeda motor, Bus"",""Pesawat terbang, Helikopter, Balon udara""]","Jawaban pilihan [1] adalah yang paling tepat!"
"q_coding_klasifikasi_62","coding_klasifikasi","Kelompokkan hewan yang hidup di AIR:","shapes","🗂️",0,0,"=",2,25,"[""Sapi, Kambing, Ayam"",""Ikan mas, Lumba-lumba, Cumi-cumi"",""Kelinci, Burung hantu, Kucing""]","Jawaban pilihan [2] adalah yang paling tepat!"
"q_coding_klasifikasi_63","coding_klasifikasi","Di meja ada buah dan mainan. Kelompokkan mana yang termasuk BUAH:","shapes","🗂️",0,0,"=",2,25,"[""Mobil-mobilan, Boneka, Bola"",""Apel, Pisang, Jeruk"",""Pensil, Penghapus, Penggaris""]","Jawaban pilihan [2] adalah yang paling tepat!"
"q_coding_klasifikasi_64","coding_klasifikasi","Manakah kelompok benda yang berwarna MERAH?","shapes","🗂️",0,0,"=",1,25,"[""Stroberi, Cabai matang, Tomat matang"",""Daun rumput, Pohon, Melon"",""Awan, Garam, Susu murni""]","Jawaban pilihan [1] adalah yang paling tepat!"
"q_coding_klasifikasi_65","coding_klasifikasi","Bantu Robot memilah benda yang berbentuk LINGKARAN:","shapes","🗂️",0,0,"=",2,25,"[""Buku cerita, Kotak pensil, Pintu"",""Uang koin, Roda sepeda, Piring bulat"",""Atap rumah, Penggaris segitiga, Potongan pizza""]","Jawaban pilihan [2] adalah yang paling tepat!"
"q_coding_klasifikasi_66","coding_klasifikasi","Kelompokkan hewan yang bisa TERBANG di udara:","shapes","🗂️",0,0,"=",2,25,"[""Kucing, Anjing, Sapi"",""Burung, Kupu-kupu, Lebah"",""Ikan, Kepiting, Udang""]","Jawaban pilihan [2] adalah yang paling tepat!"
"q_coding_klasifikasi_67","coding_klasifikasi","Manakah benda yang bertekstur HALUS dan LEMBUT?","shapes","🗂️",0,0,"=",2,25,"[""Batang pohon"",""Boneka bulu halus"",""Batu jalanan""]","Jawaban pilihan [2] adalah yang paling tepat!"
"q_coding_klasifikasi_68","coding_klasifikasi","Bantu Robot mengelompokkan benda-benda yang terasa PANAS:","shapes","🗂️",0,0,"=",2,25,"[""Es krim, Es batu, Air dingin"",""Api unggun, Air mendidih, Sup hangat"",""Mainan plastik, Kertas, Pensil""]","Jawaban pilihan [2] adalah yang paling tepat!"
"q_coding_klasifikasi_69","coding_klasifikasi","Kelompokkan benda-benda yang bisa DILIPAT:","shapes","🗂️",0,0,"=",3,25,"[""Sendok, Garpu, Piring kaca"",""Batu, Kayu, Besi"",""Baju, Celana, Handuk""]","Jawaban pilihan [3] adalah yang paling tepat!"
"q_coding_klasifikasi_70","coding_klasifikasi","Pilih kelompok kendaraan yang berjalan di AIR / LAUT:","shapes","🗂️",0,0,"=",2,25,"[""Pesawat terbang, Helikopter, Balon udara"",""Kapal laut, Perahu, Perahu karet"",""Mobil, Sepeda motor, Bus""]","Jawaban pilihan [2] adalah yang paling tepat!"
"q_coding_klasifikasi_71","coding_klasifikasi","Kelompokkan hewan yang hidup di AIR:","shapes","🗂️",0,0,"=",3,25,"[""Sapi, Kambing, Ayam"",""Kelinci, Burung hantu, Kucing"",""Ikan mas, Lumba-lumba, Cumi-cumi""]","Jawaban pilihan [3] adalah yang paling tepat!"
"q_coding_klasifikasi_72","coding_klasifikasi","Di meja ada buah dan mainan. Kelompokkan mana yang termasuk BUAH:","shapes","🗂️",0,0,"=",1,25,"[""Apel, Pisang, Jeruk"",""Mobil-mobilan, Boneka, Bola"",""Pensil, Penghapus, Penggaris""]","Jawaban pilihan [1] adalah yang paling tepat!"
"q_coding_klasifikasi_73","coding_klasifikasi","Manakah kelompok benda yang berwarna MERAH?","shapes","🗂️",0,0,"=",1,25,"[""Stroberi, Cabai matang, Tomat matang"",""Daun rumput, Pohon, Melon"",""Awan, Garam, Susu murni""]","Jawaban pilihan [1] adalah yang paling tepat!"
"q_coding_klasifikasi_74","coding_klasifikasi","Bantu Robot memilah benda yang berbentuk LINGKARAN:","shapes","🗂️",0,0,"=",1,25,"[""Uang koin, Roda sepeda, Piring bulat"",""Atap rumah, Penggaris segitiga, Potongan pizza"",""Buku cerita, Kotak pensil, Pintu""]","Jawaban pilihan [1] adalah yang paling tepat!"
"q_coding_klasifikasi_75","coding_klasifikasi","Kelompokkan hewan yang bisa TERBANG di udara:","shapes","🗂️",0,0,"=",1,25,"[""Burung, Kupu-kupu, Lebah"",""Ikan, Kepiting, Udang"",""Kucing, Anjing, Sapi""]","Jawaban pilihan [1] adalah yang paling tepat!"
"q_coding_klasifikasi_76","coding_klasifikasi","Manakah benda yang bertekstur HALUS dan LEMBUT?","shapes","🗂️",0,0,"=",1,25,"[""Boneka bulu halus"",""Batu jalanan"",""Batang pohon""]","Jawaban pilihan [1] adalah yang paling tepat!"
"q_coding_klasifikasi_77","coding_klasifikasi","Bantu Robot mengelompokkan benda-benda yang terasa PANAS:","shapes","🗂️",0,0,"=",2,25,"[""Es krim, Es batu, Air dingin"",""Api unggun, Air mendidih, Sup hangat"",""Mainan plastik, Kertas, Pensil""]","Jawaban pilihan [2] adalah yang paling tepat!"
"q_coding_klasifikasi_78","coding_klasifikasi","Kelompokkan benda-benda yang bisa DILIPAT:","shapes","🗂️",0,0,"=",1,25,"[""Baju, Celana, Handuk"",""Sendok, Garpu, Piring kaca"",""Batu, Kayu, Besi""]","Jawaban pilihan [1] adalah yang paling tepat!"
"q_coding_klasifikasi_79","coding_klasifikasi","Pilih kelompok kendaraan yang berjalan di AIR / LAUT:","shapes","🗂️",0,0,"=",1,25,"[""Kapal laut, Perahu, Perahu karet"",""Pesawat terbang, Helikopter, Balon udara"",""Mobil, Sepeda motor, Bus""]","Jawaban pilihan [1] adalah yang paling tepat!"
"q_coding_klasifikasi_80","coding_klasifikasi","Kelompokkan hewan yang hidup di AIR:","shapes","🗂️",0,0,"=",2,25,"[""Sapi, Kambing, Ayam"",""Ikan mas, Lumba-lumba, Cumi-cumi"",""Kelinci, Burung hantu, Kucing""]","Jawaban pilihan [2] adalah yang paling tepat!"
"q_coding_klasifikasi_81","coding_klasifikasi","Di meja ada buah dan mainan. Kelompokkan mana yang termasuk BUAH:","shapes","🗂️",0,0,"=",1,25,"[""Apel, Pisang, Jeruk"",""Pensil, Penghapus, Penggaris"",""Mobil-mobilan, Boneka, Bola""]","Jawaban pilihan [1] adalah yang paling tepat!"
"q_coding_klasifikasi_82","coding_klasifikasi","Manakah kelompok benda yang berwarna MERAH?","shapes","🗂️",0,0,"=",2,25,"[""Awan, Garam, Susu murni"",""Stroberi, Cabai matang, Tomat matang"",""Daun rumput, Pohon, Melon""]","Jawaban pilihan [2] adalah yang paling tepat!"
"q_coding_klasifikasi_83","coding_klasifikasi","Bantu Robot memilah benda yang berbentuk LINGKARAN:","shapes","🗂️",0,0,"=",1,25,"[""Uang koin, Roda sepeda, Piring bulat"",""Buku cerita, Kotak pensil, Pintu"",""Atap rumah, Penggaris segitiga, Potongan pizza""]","Jawaban pilihan [1] adalah yang paling tepat!"
"q_coding_klasifikasi_84","coding_klasifikasi","Kelompokkan hewan yang bisa TERBANG di udara:","shapes","🗂️",0,0,"=",1,25,"[""Burung, Kupu-kupu, Lebah"",""Ikan, Kepiting, Udang"",""Kucing, Anjing, Sapi""]","Jawaban pilihan [1] adalah yang paling tepat!"
"q_coding_klasifikasi_85","coding_klasifikasi","Manakah benda yang bertekstur HALUS dan LEMBUT?","shapes","🗂️",0,0,"=",2,25,"[""Batang pohon"",""Boneka bulu halus"",""Batu jalanan""]","Jawaban pilihan [2] adalah yang paling tepat!"
"q_coding_klasifikasi_86","coding_klasifikasi","Bantu Robot mengelompokkan benda-benda yang terasa PANAS:","shapes","🗂️",0,0,"=",3,25,"[""Mainan plastik, Kertas, Pensil"",""Es krim, Es batu, Air dingin"",""Api unggun, Air mendidih, Sup hangat""]","Jawaban pilihan [3] adalah yang paling tepat!"
"q_coding_klasifikasi_87","coding_klasifikasi","Kelompokkan benda-benda yang bisa DILIPAT:","shapes","🗂️",0,0,"=",3,25,"[""Sendok, Garpu, Piring kaca"",""Batu, Kayu, Besi"",""Baju, Celana, Handuk""]","Jawaban pilihan [3] adalah yang paling tepat!"
"q_coding_klasifikasi_88","coding_klasifikasi","Pilih kelompok kendaraan yang berjalan di AIR / LAUT:","shapes","🗂️",0,0,"=",3,25,"[""Mobil, Sepeda motor, Bus"",""Pesawat terbang, Helikopter, Balon udara"",""Kapal laut, Perahu, Perahu karet""]","Jawaban pilihan [3] adalah yang paling tepat!"
"q_coding_klasifikasi_89","coding_klasifikasi","Kelompokkan hewan yang hidup di AIR:","shapes","🗂️",0,0,"=",2,25,"[""Sapi, Kambing, Ayam"",""Ikan mas, Lumba-lumba, Cumi-cumi"",""Kelinci, Burung hantu, Kucing""]","Jawaban pilihan [2] adalah yang paling tepat!"
"q_coding_klasifikasi_90","coding_klasifikasi","Di meja ada buah dan mainan. Kelompokkan mana yang termasuk BUAH:","shapes","🗂️",0,0,"=",1,25,"[""Apel, Pisang, Jeruk"",""Pensil, Penghapus, Penggaris"",""Mobil-mobilan, Boneka, Bola""]","Jawaban pilihan [1] adalah yang paling tepat!"
"q_coding_klasifikasi_91","coding_klasifikasi","Manakah kelompok benda yang berwarna MERAH?","shapes","🗂️",0,0,"=",1,25,"[""Stroberi, Cabai matang, Tomat matang"",""Daun rumput, Pohon, Melon"",""Awan, Garam, Susu murni""]","Jawaban pilihan [1] adalah yang paling tepat!"
"q_coding_klasifikasi_92","coding_klasifikasi","Bantu Robot memilah benda yang berbentuk LINGKARAN:","shapes","🗂️",0,0,"=",1,25,"[""Uang koin, Roda sepeda, Piring bulat"",""Atap rumah, Penggaris segitiga, Potongan pizza"",""Buku cerita, Kotak pensil, Pintu""]","Jawaban pilihan [1] adalah yang paling tepat!"
"q_coding_klasifikasi_93","coding_klasifikasi","Kelompokkan hewan yang bisa TERBANG di udara:","shapes","🗂️",0,0,"=",2,25,"[""Kucing, Anjing, Sapi"",""Burung, Kupu-kupu, Lebah"",""Ikan, Kepiting, Udang""]","Jawaban pilihan [2] adalah yang paling tepat!"
"q_coding_klasifikasi_94","coding_klasifikasi","Manakah benda yang bertekstur HALUS dan LEMBUT?","shapes","🗂️",0,0,"=",2,25,"[""Batang pohon"",""Boneka bulu halus"",""Batu jalanan""]","Jawaban pilihan [2] adalah yang paling tepat!"
"q_coding_klasifikasi_95","coding_klasifikasi","Bantu Robot mengelompokkan benda-benda yang terasa PANAS:","shapes","🗂️",0,0,"=",2,25,"[""Es krim, Es batu, Air dingin"",""Api unggun, Air mendidih, Sup hangat"",""Mainan plastik, Kertas, Pensil""]","Jawaban pilihan [2] adalah yang paling tepat!"
"q_coding_klasifikasi_96","coding_klasifikasi","Kelompokkan benda-benda yang bisa DILIPAT:","shapes","🗂️",0,0,"=",3,25,"[""Sendok, Garpu, Piring kaca"",""Batu, Kayu, Besi"",""Baju, Celana, Handuk""]","Jawaban pilihan [3] adalah yang paling tepat!"
"q_coding_klasifikasi_97","coding_klasifikasi","Pilih kelompok kendaraan yang berjalan di AIR / LAUT:","shapes","🗂️",0,0,"=",3,25,"[""Pesawat terbang, Helikopter, Balon udara"",""Mobil, Sepeda motor, Bus"",""Kapal laut, Perahu, Perahu karet""]","Jawaban pilihan [3] adalah yang paling tepat!"
"q_coding_klasifikasi_98","coding_klasifikasi","Kelompokkan hewan yang hidup di AIR:","shapes","🗂️",0,0,"=",1,25,"[""Ikan mas, Lumba-lumba, Cumi-cumi"",""Kelinci, Burung hantu, Kucing"",""Sapi, Kambing, Ayam""]","Jawaban pilihan [1] adalah yang paling tepat!"
"q_coding_klasifikasi_99","coding_klasifikasi","Di meja ada buah dan mainan. Kelompokkan mana yang termasuk BUAH:","shapes","🗂️",0,0,"=",3,25,"[""Pensil, Penghapus, Penggaris"",""Mobil-mobilan, Boneka, Bola"",""Apel, Pisang, Jeruk""]","Jawaban pilihan [3] adalah yang paling tepat!"
"q_coding_klasifikasi_100","coding_klasifikasi","Manakah kelompok benda yang berwarna MERAH?","shapes","🗂️",0,0,"=",1,25,"[""Stroberi, Cabai matang, Tomat matang"",""Awan, Garam, Susu murni"",""Daun rumput, Pohon, Melon""]","Jawaban pilihan [1] adalah yang paling tepat!"
"q_coding_klasifikasi_101","coding_klasifikasi","Bantu Robot memilah benda yang berbentuk LINGKARAN:","shapes","🗂️",0,0,"=",1,25,"[""Uang koin, Roda sepeda, Piring bulat"",""Buku cerita, Kotak pensil, Pintu"",""Atap rumah, Penggaris segitiga, Potongan pizza""]","Jawaban pilihan [1] adalah yang paling tepat!"
"q_coding_klasifikasi_102","coding_klasifikasi","Kelompokkan hewan yang bisa TERBANG di udara:","shapes","🗂️",0,0,"=",1,25,"[""Burung, Kupu-kupu, Lebah"",""Kucing, Anjing, Sapi"",""Ikan, Kepiting, Udang""]","Jawaban pilihan [1] adalah yang paling tepat!"
"q_coding_klasifikasi_103","coding_klasifikasi","Manakah benda yang bertekstur HALUS dan LEMBUT?","shapes","🗂️",0,0,"=",3,25,"[""Batang pohon"",""Batu jalanan"",""Boneka bulu halus""]","Jawaban pilihan [3] adalah yang paling tepat!"
"q_coding_klasifikasi_104","coding_klasifikasi","Bantu Robot mengelompokkan benda-benda yang terasa PANAS:","shapes","🗂️",0,0,"=",3,25,"[""Mainan plastik, Kertas, Pensil"",""Es krim, Es batu, Air dingin"",""Api unggun, Air mendidih, Sup hangat""]","Jawaban pilihan [3] adalah yang paling tepat!"
"q_coding_klasifikasi_105","coding_klasifikasi","Kelompokkan benda-benda yang bisa DILIPAT:","shapes","🗂️",0,0,"=",1,25,"[""Baju, Celana, Handuk"",""Batu, Kayu, Besi"",""Sendok, Garpu, Piring kaca""]","Jawaban pilihan [1] adalah yang paling tepat!"
"q_coding_klasifikasi_106","coding_klasifikasi","Pilih kelompok kendaraan yang berjalan di AIR / LAUT:","shapes","🗂️",0,0,"=",1,25,"[""Kapal laut, Perahu, Perahu karet"",""Pesawat terbang, Helikopter, Balon udara"",""Mobil, Sepeda motor, Bus""]","Jawaban pilihan [1] adalah yang paling tepat!"
"q_coding_klasifikasi_107","coding_klasifikasi","Kelompokkan hewan yang hidup di AIR:","shapes","🗂️",0,0,"=",1,25,"[""Ikan mas, Lumba-lumba, Cumi-cumi"",""Sapi, Kambing, Ayam"",""Kelinci, Burung hantu, Kucing""]","Jawaban pilihan [1] adalah yang paling tepat!"
"q_coding_klasifikasi_108","coding_klasifikasi","Di meja ada buah dan mainan. Kelompokkan mana yang termasuk BUAH:","shapes","🗂️",0,0,"=",2,25,"[""Mobil-mobilan, Boneka, Bola"",""Apel, Pisang, Jeruk"",""Pensil, Penghapus, Penggaris""]","Jawaban pilihan [2] adalah yang paling tepat!"
"q_coding_klasifikasi_109","coding_klasifikasi","Manakah kelompok benda yang berwarna MERAH?","shapes","🗂️",0,0,"=",1,25,"[""Stroberi, Cabai matang, Tomat matang"",""Daun rumput, Pohon, Melon"",""Awan, Garam, Susu murni""]","Jawaban pilihan [1] adalah yang paling tepat!"
"q_coding_klasifikasi_110","coding_klasifikasi","Bantu Robot memilah benda yang berbentuk LINGKARAN:","shapes","🗂️",0,0,"=",2,25,"[""Atap rumah, Penggaris segitiga, Potongan pizza"",""Uang koin, Roda sepeda, Piring bulat"",""Buku cerita, Kotak pensil, Pintu""]","Jawaban pilihan [2] adalah yang paling tepat!"
"q_coding_klasifikasi_111","coding_klasifikasi","Kelompokkan hewan yang bisa TERBANG di udara:","shapes","🗂️",0,0,"=",2,25,"[""Ikan, Kepiting, Udang"",""Burung, Kupu-kupu, Lebah"",""Kucing, Anjing, Sapi""]","Jawaban pilihan [2] adalah yang paling tepat!"
"q_coding_klasifikasi_112","coding_klasifikasi","Manakah benda yang bertekstur HALUS dan LEMBUT?","shapes","🗂️",0,0,"=",1,25,"[""Boneka bulu halus"",""Batang pohon"",""Batu jalanan""]","Jawaban pilihan [1] adalah yang paling tepat!"
"q_coding_klasifikasi_113","coding_klasifikasi","Bantu Robot mengelompokkan benda-benda yang terasa PANAS:","shapes","🗂️",0,0,"=",3,25,"[""Mainan plastik, Kertas, Pensil"",""Es krim, Es batu, Air dingin"",""Api unggun, Air mendidih, Sup hangat""]","Jawaban pilihan [3] adalah yang paling tepat!"
"q_coding_klasifikasi_114","coding_klasifikasi","Kelompokkan benda-benda yang bisa DILIPAT:","shapes","🗂️",0,0,"=",3,25,"[""Batu, Kayu, Besi"",""Sendok, Garpu, Piring kaca"",""Baju, Celana, Handuk""]","Jawaban pilihan [3] adalah yang paling tepat!"
"q_coding_klasifikasi_115","coding_klasifikasi","Pilih kelompok kendaraan yang berjalan di AIR / LAUT:","shapes","🗂️",0,0,"=",2,25,"[""Pesawat terbang, Helikopter, Balon udara"",""Kapal laut, Perahu, Perahu karet"",""Mobil, Sepeda motor, Bus""]","Jawaban pilihan [2] adalah yang paling tepat!"
"q_coding_klasifikasi_116","coding_klasifikasi","Kelompokkan hewan yang hidup di AIR:","shapes","🗂️",0,0,"=",3,25,"[""Sapi, Kambing, Ayam"",""Kelinci, Burung hantu, Kucing"",""Ikan mas, Lumba-lumba, Cumi-cumi""]","Jawaban pilihan [3] adalah yang paling tepat!"
"q_coding_klasifikasi_117","coding_klasifikasi","Di meja ada buah dan mainan. Kelompokkan mana yang termasuk BUAH:","shapes","🗂️",0,0,"=",2,25,"[""Mobil-mobilan, Boneka, Bola"",""Apel, Pisang, Jeruk"",""Pensil, Penghapus, Penggaris""]","Jawaban pilihan [2] adalah yang paling tepat!"
"q_coding_klasifikasi_118","coding_klasifikasi","Manakah kelompok benda yang berwarna MERAH?","shapes","🗂️",0,0,"=",2,25,"[""Awan, Garam, Susu murni"",""Stroberi, Cabai matang, Tomat matang"",""Daun rumput, Pohon, Melon""]","Jawaban pilihan [2] adalah yang paling tepat!"
"q_coding_klasifikasi_119","coding_klasifikasi","Bantu Robot memilah benda yang berbentuk LINGKARAN:","shapes","🗂️",0,0,"=",3,25,"[""Atap rumah, Penggaris segitiga, Potongan pizza"",""Buku cerita, Kotak pensil, Pintu"",""Uang koin, Roda sepeda, Piring bulat""]","Jawaban pilihan [3] adalah yang paling tepat!"
"q_coding_klasifikasi_120","coding_klasifikasi","Kelompokkan hewan yang bisa TERBANG di udara:","shapes","🗂️",0,0,"=",1,25,"[""Burung, Kupu-kupu, Lebah"",""Kucing, Anjing, Sapi"",""Ikan, Kepiting, Udang""]","Jawaban pilihan [1] adalah yang paling tepat!"
"q_coding_klasifikasi_121","coding_klasifikasi","Manakah benda yang bertekstur HALUS dan LEMBUT?","shapes","🗂️",0,0,"=",1,25,"[""Boneka bulu halus"",""Batang pohon"",""Batu jalanan""]","Jawaban pilihan [1] adalah yang paling tepat!"
"q_coding_klasifikasi_122","coding_klasifikasi","Bantu Robot mengelompokkan benda-benda yang terasa PANAS:","shapes","🗂️",0,0,"=",1,25,"[""Api unggun, Air mendidih, Sup hangat"",""Es krim, Es batu, Air dingin"",""Mainan plastik, Kertas, Pensil""]","Jawaban pilihan [1] adalah yang paling tepat!"
"q_coding_klasifikasi_123","coding_klasifikasi","Kelompokkan benda-benda yang bisa DILIPAT:","shapes","🗂️",0,0,"=",1,25,"[""Baju, Celana, Handuk"",""Batu, Kayu, Besi"",""Sendok, Garpu, Piring kaca""]","Jawaban pilihan [1] adalah yang paling tepat!"
"q_coding_klasifikasi_124","coding_klasifikasi","Pilih kelompok kendaraan yang berjalan di AIR / LAUT:","shapes","🗂️",0,0,"=",2,25,"[""Pesawat terbang, Helikopter, Balon udara"",""Kapal laut, Perahu, Perahu karet"",""Mobil, Sepeda motor, Bus""]","Jawaban pilihan [2] adalah yang paling tepat!"
"q_coding_klasifikasi_125","coding_klasifikasi","Kelompokkan hewan yang hidup di AIR:","shapes","🗂️",0,0,"=",2,25,"[""Kelinci, Burung hantu, Kucing"",""Ikan mas, Lumba-lumba, Cumi-cumi"",""Sapi, Kambing, Ayam""]","Jawaban pilihan [2] adalah yang paling tepat!"
"q_coding_klasifikasi_126","coding_klasifikasi","Di meja ada buah dan mainan. Kelompokkan mana yang termasuk BUAH:","shapes","🗂️",0,0,"=",1,25,"[""Apel, Pisang, Jeruk"",""Pensil, Penghapus, Penggaris"",""Mobil-mobilan, Boneka, Bola""]","Jawaban pilihan [1] adalah yang paling tepat!"
"q_coding_klasifikasi_127","coding_klasifikasi","Manakah kelompok benda yang berwarna MERAH?","shapes","🗂️",0,0,"=",3,25,"[""Daun rumput, Pohon, Melon"",""Awan, Garam, Susu murni"",""Stroberi, Cabai matang, Tomat matang""]","Jawaban pilihan [3] adalah yang paling tepat!"
"q_coding_klasifikasi_128","coding_klasifikasi","Bantu Robot memilah benda yang berbentuk LINGKARAN:","shapes","🗂️",0,0,"=",2,25,"[""Atap rumah, Penggaris segitiga, Potongan pizza"",""Uang koin, Roda sepeda, Piring bulat"",""Buku cerita, Kotak pensil, Pintu""]","Jawaban pilihan [2] adalah yang paling tepat!"
"q_coding_klasifikasi_129","coding_klasifikasi","Kelompokkan hewan yang bisa TERBANG di udara:","shapes","🗂️",0,0,"=",2,25,"[""Kucing, Anjing, Sapi"",""Burung, Kupu-kupu, Lebah"",""Ikan, Kepiting, Udang""]","Jawaban pilihan [2] adalah yang paling tepat!"
"q_coding_klasifikasi_130","coding_klasifikasi","Manakah benda yang bertekstur HALUS dan LEMBUT?","shapes","🗂️",0,0,"=",2,25,"[""Batang pohon"",""Boneka bulu halus"",""Batu jalanan""]","Jawaban pilihan [2] adalah yang paling tepat!"
"q_coding_klasifikasi_131","coding_klasifikasi","Bantu Robot mengelompokkan benda-benda yang terasa PANAS:","shapes","🗂️",0,0,"=",1,25,"[""Api unggun, Air mendidih, Sup hangat"",""Es krim, Es batu, Air dingin"",""Mainan plastik, Kertas, Pensil""]","Jawaban pilihan [1] adalah yang paling tepat!"
"q_coding_klasifikasi_132","coding_klasifikasi","Kelompokkan benda-benda yang bisa DILIPAT:","shapes","🗂️",0,0,"=",1,25,"[""Baju, Celana, Handuk"",""Sendok, Garpu, Piring kaca"",""Batu, Kayu, Besi""]","Jawaban pilihan [1] adalah yang paling tepat!"
"q_coding_klasifikasi_133","coding_klasifikasi","Pilih kelompok kendaraan yang berjalan di AIR / LAUT:","shapes","🗂️",0,0,"=",2,25,"[""Pesawat terbang, Helikopter, Balon udara"",""Kapal laut, Perahu, Perahu karet"",""Mobil, Sepeda motor, Bus""]","Jawaban pilihan [2] adalah yang paling tepat!"
"q_coding_klasifikasi_134","coding_klasifikasi","Kelompokkan hewan yang hidup di AIR:","shapes","🗂️",0,0,"=",2,25,"[""Sapi, Kambing, Ayam"",""Ikan mas, Lumba-lumba, Cumi-cumi"",""Kelinci, Burung hantu, Kucing""]","Jawaban pilihan [2] adalah yang paling tepat!"
"q_coding_klasifikasi_135","coding_klasifikasi","Di meja ada buah dan mainan. Kelompokkan mana yang termasuk BUAH:","shapes","🗂️",0,0,"=",3,25,"[""Pensil, Penghapus, Penggaris"",""Mobil-mobilan, Boneka, Bola"",""Apel, Pisang, Jeruk""]","Jawaban pilihan [3] adalah yang paling tepat!"
"q_coding_klasifikasi_136","coding_klasifikasi","Manakah kelompok benda yang berwarna MERAH?","shapes","🗂️",0,0,"=",3,25,"[""Awan, Garam, Susu murni"",""Daun rumput, Pohon, Melon"",""Stroberi, Cabai matang, Tomat matang""]","Jawaban pilihan [3] adalah yang paling tepat!"
"q_coding_klasifikasi_137","coding_klasifikasi","Bantu Robot memilah benda yang berbentuk LINGKARAN:","shapes","🗂️",0,0,"=",3,25,"[""Buku cerita, Kotak pensil, Pintu"",""Atap rumah, Penggaris segitiga, Potongan pizza"",""Uang koin, Roda sepeda, Piring bulat""]","Jawaban pilihan [3] adalah yang paling tepat!"
"q_coding_klasifikasi_138","coding_klasifikasi","Kelompokkan hewan yang bisa TERBANG di udara:","shapes","🗂️",0,0,"=",1,25,"[""Burung, Kupu-kupu, Lebah"",""Kucing, Anjing, Sapi"",""Ikan, Kepiting, Udang""]","Jawaban pilihan [1] adalah yang paling tepat!"
"q_coding_klasifikasi_139","coding_klasifikasi","Manakah benda yang bertekstur HALUS dan LEMBUT?","shapes","🗂️",0,0,"=",2,25,"[""Batu jalanan"",""Boneka bulu halus"",""Batang pohon""]","Jawaban pilihan [2] adalah yang paling tepat!"
"q_coding_klasifikasi_140","coding_klasifikasi","Bantu Robot mengelompokkan benda-benda yang terasa PANAS:","shapes","🗂️",0,0,"=",1,25,"[""Api unggun, Air mendidih, Sup hangat"",""Es krim, Es batu, Air dingin"",""Mainan plastik, Kertas, Pensil""]","Jawaban pilihan [1] adalah yang paling tepat!"
"q_coding_klasifikasi_141","coding_klasifikasi","Kelompokkan benda-benda yang bisa DILIPAT:","shapes","🗂️",0,0,"=",2,25,"[""Batu, Kayu, Besi"",""Baju, Celana, Handuk"",""Sendok, Garpu, Piring kaca""]","Jawaban pilihan [2] adalah yang paling tepat!"
"q_coding_klasifikasi_142","coding_klasifikasi","Pilih kelompok kendaraan yang berjalan di AIR / LAUT:","shapes","🗂️",0,0,"=",2,25,"[""Pesawat terbang, Helikopter, Balon udara"",""Kapal laut, Perahu, Perahu karet"",""Mobil, Sepeda motor, Bus""]","Jawaban pilihan [2] adalah yang paling tepat!"
"q_coding_klasifikasi_143","coding_klasifikasi","Kelompokkan hewan yang hidup di AIR:","shapes","🗂️",0,0,"=",2,25,"[""Sapi, Kambing, Ayam"",""Ikan mas, Lumba-lumba, Cumi-cumi"",""Kelinci, Burung hantu, Kucing""]","Jawaban pilihan [2] adalah yang paling tepat!"
"q_coding_klasifikasi_144","coding_klasifikasi","Di meja ada buah dan mainan. Kelompokkan mana yang termasuk BUAH:","shapes","🗂️",0,0,"=",2,25,"[""Mobil-mobilan, Boneka, Bola"",""Apel, Pisang, Jeruk"",""Pensil, Penghapus, Penggaris""]","Jawaban pilihan [2] adalah yang paling tepat!"
"q_coding_klasifikasi_145","coding_klasifikasi","Manakah kelompok benda yang berwarna MERAH?","shapes","🗂️",0,0,"=",1,25,"[""Stroberi, Cabai matang, Tomat matang"",""Awan, Garam, Susu murni"",""Daun rumput, Pohon, Melon""]","Jawaban pilihan [1] adalah yang paling tepat!"
"q_coding_klasifikasi_146","coding_klasifikasi","Bantu Robot memilah benda yang berbentuk LINGKARAN:","shapes","🗂️",0,0,"=",1,25,"[""Uang koin, Roda sepeda, Piring bulat"",""Buku cerita, Kotak pensil, Pintu"",""Atap rumah, Penggaris segitiga, Potongan pizza""]","Jawaban pilihan [1] adalah yang paling tepat!"
"q_coding_klasifikasi_147","coding_klasifikasi","Kelompokkan hewan yang bisa TERBANG di udara:","shapes","🗂️",0,0,"=",2,25,"[""Kucing, Anjing, Sapi"",""Burung, Kupu-kupu, Lebah"",""Ikan, Kepiting, Udang""]","Jawaban pilihan [2] adalah yang paling tepat!"
"q_coding_klasifikasi_148","coding_klasifikasi","Manakah benda yang bertekstur HALUS dan LEMBUT?","shapes","🗂️",0,0,"=",3,25,"[""Batang pohon"",""Batu jalanan"",""Boneka bulu halus""]","Jawaban pilihan [3] adalah yang paling tepat!"
"q_coding_klasifikasi_149","coding_klasifikasi","Bantu Robot mengelompokkan benda-benda yang terasa PANAS:","shapes","🗂️",0,0,"=",3,25,"[""Es krim, Es batu, Air dingin"",""Mainan plastik, Kertas, Pensil"",""Api unggun, Air mendidih, Sup hangat""]","Jawaban pilihan [3] adalah yang paling tepat!"
"q_coding_klasifikasi_150","coding_klasifikasi","Kelompokkan benda-benda yang bisa DILIPAT:","shapes","🗂️",0,0,"=",1,25,"[""Baju, Celana, Handuk"",""Batu, Kayu, Besi"",""Sendok, Garpu, Piring kaca""]","Jawaban pilihan [1] adalah yang paling tepat!"
"q_coding_klasifikasi_151","coding_klasifikasi","Pilih kelompok kendaraan yang berjalan di AIR / LAUT:","shapes","🗂️",0,0,"=",1,25,"[""Kapal laut, Perahu, Perahu karet"",""Mobil, Sepeda motor, Bus"",""Pesawat terbang, Helikopter, Balon udara""]","Jawaban pilihan [1] adalah yang paling tepat!"
"q_coding_klasifikasi_152","coding_klasifikasi","Kelompokkan hewan yang hidup di AIR:","shapes","🗂️",0,0,"=",2,25,"[""Sapi, Kambing, Ayam"",""Ikan mas, Lumba-lumba, Cumi-cumi"",""Kelinci, Burung hantu, Kucing""]","Jawaban pilihan [2] adalah yang paling tepat!"
"q_coding_klasifikasi_153","coding_klasifikasi","Di meja ada buah dan mainan. Kelompokkan mana yang termasuk BUAH:","shapes","🗂️",0,0,"=",1,25,"[""Apel, Pisang, Jeruk"",""Mobil-mobilan, Boneka, Bola"",""Pensil, Penghapus, Penggaris""]","Jawaban pilihan [1] adalah yang paling tepat!"
"q_coding_klasifikasi_154","coding_klasifikasi","Manakah kelompok benda yang berwarna MERAH?","shapes","🗂️",0,0,"=",2,25,"[""Awan, Garam, Susu murni"",""Stroberi, Cabai matang, Tomat matang"",""Daun rumput, Pohon, Melon""]","Jawaban pilihan [2] adalah yang paling tepat!"
"q_coding_klasifikasi_155","coding_klasifikasi","Bantu Robot memilah benda yang berbentuk LINGKARAN:","shapes","🗂️",0,0,"=",2,25,"[""Buku cerita, Kotak pensil, Pintu"",""Uang koin, Roda sepeda, Piring bulat"",""Atap rumah, Penggaris segitiga, Potongan pizza""]","Jawaban pilihan [2] adalah yang paling tepat!"
"q_coding_klasifikasi_156","coding_klasifikasi","Kelompokkan hewan yang bisa TERBANG di udara:","shapes","🗂️",0,0,"=",1,25,"[""Burung, Kupu-kupu, Lebah"",""Ikan, Kepiting, Udang"",""Kucing, Anjing, Sapi""]","Jawaban pilihan [1] adalah yang paling tepat!"
"q_coding_klasifikasi_157","coding_klasifikasi","Manakah benda yang bertekstur HALUS dan LEMBUT?","shapes","🗂️",0,0,"=",1,25,"[""Boneka bulu halus"",""Batu jalanan"",""Batang pohon""]","Jawaban pilihan [1] adalah yang paling tepat!"
"q_coding_klasifikasi_158","coding_klasifikasi","Bantu Robot mengelompokkan benda-benda yang terasa PANAS:","shapes","🗂️",0,0,"=",1,25,"[""Api unggun, Air mendidih, Sup hangat"",""Es krim, Es batu, Air dingin"",""Mainan plastik, Kertas, Pensil""]","Jawaban pilihan [1] adalah yang paling tepat!"
"q_coding_klasifikasi_159","coding_klasifikasi","Kelompokkan benda-benda yang bisa DILIPAT:","shapes","🗂️",0,0,"=",1,25,"[""Baju, Celana, Handuk"",""Sendok, Garpu, Piring kaca"",""Batu, Kayu, Besi""]","Jawaban pilihan [1] adalah yang paling tepat!"
"q_coding_klasifikasi_160","coding_klasifikasi","Pilih kelompok kendaraan yang berjalan di AIR / LAUT:","shapes","🗂️",0,0,"=",2,25,"[""Mobil, Sepeda motor, Bus"",""Kapal laut, Perahu, Perahu karet"",""Pesawat terbang, Helikopter, Balon udara""]","Jawaban pilihan [2] adalah yang paling tepat!"
"q_coding_klasifikasi_161","coding_klasifikasi","Kelompokkan hewan yang hidup di AIR:","shapes","🗂️",0,0,"=",3,25,"[""Kelinci, Burung hantu, Kucing"",""Sapi, Kambing, Ayam"",""Ikan mas, Lumba-lumba, Cumi-cumi""]","Jawaban pilihan [3] adalah yang paling tepat!"
"q_coding_klasifikasi_162","coding_klasifikasi","Di meja ada buah dan mainan. Kelompokkan mana yang termasuk BUAH:","shapes","🗂️",0,0,"=",1,25,"[""Apel, Pisang, Jeruk"",""Pensil, Penghapus, Penggaris"",""Mobil-mobilan, Boneka, Bola""]","Jawaban pilihan [1] adalah yang paling tepat!"
"q_coding_klasifikasi_163","coding_klasifikasi","Manakah kelompok benda yang berwarna MERAH?","shapes","🗂️",0,0,"=",3,25,"[""Awan, Garam, Susu murni"",""Daun rumput, Pohon, Melon"",""Stroberi, Cabai matang, Tomat matang""]","Jawaban pilihan [3] adalah yang paling tepat!"
"q_coding_klasifikasi_164","coding_klasifikasi","Bantu Robot memilah benda yang berbentuk LINGKARAN:","shapes","🗂️",0,0,"=",2,25,"[""Buku cerita, Kotak pensil, Pintu"",""Uang koin, Roda sepeda, Piring bulat"",""Atap rumah, Penggaris segitiga, Potongan pizza""]","Jawaban pilihan [2] adalah yang paling tepat!"
"q_coding_klasifikasi_165","coding_klasifikasi","Kelompokkan hewan yang bisa TERBANG di udara:","shapes","🗂️",0,0,"=",3,25,"[""Ikan, Kepiting, Udang"",""Kucing, Anjing, Sapi"",""Burung, Kupu-kupu, Lebah""]","Jawaban pilihan [3] adalah yang paling tepat!"
"q_coding_klasifikasi_166","coding_klasifikasi","Manakah benda yang bertekstur HALUS dan LEMBUT?","shapes","🗂️",0,0,"=",2,25,"[""Batu jalanan"",""Boneka bulu halus"",""Batang pohon""]","Jawaban pilihan [2] adalah yang paling tepat!"
"q_coding_klasifikasi_167","coding_klasifikasi","Bantu Robot mengelompokkan benda-benda yang terasa PANAS:","shapes","🗂️",0,0,"=",1,25,"[""Api unggun, Air mendidih, Sup hangat"",""Mainan plastik, Kertas, Pensil"",""Es krim, Es batu, Air dingin""]","Jawaban pilihan [1] adalah yang paling tepat!"
"q_coding_klasifikasi_168","coding_klasifikasi","Kelompokkan benda-benda yang bisa DILIPAT:","shapes","🗂️",0,0,"=",1,25,"[""Baju, Celana, Handuk"",""Sendok, Garpu, Piring kaca"",""Batu, Kayu, Besi""]","Jawaban pilihan [1] adalah yang paling tepat!"
"q_coding_klasifikasi_169","coding_klasifikasi","Pilih kelompok kendaraan yang berjalan di AIR / LAUT:","shapes","🗂️",0,0,"=",1,25,"[""Kapal laut, Perahu, Perahu karet"",""Pesawat terbang, Helikopter, Balon udara"",""Mobil, Sepeda motor, Bus""]","Jawaban pilihan [1] adalah yang paling tepat!"
"q_coding_klasifikasi_170","coding_klasifikasi","Kelompokkan hewan yang hidup di AIR:","shapes","🗂️",0,0,"=",3,25,"[""Kelinci, Burung hantu, Kucing"",""Sapi, Kambing, Ayam"",""Ikan mas, Lumba-lumba, Cumi-cumi""]","Jawaban pilihan [3] adalah yang paling tepat!"
"q_coding_klasifikasi_171","coding_klasifikasi","Di meja ada buah dan mainan. Kelompokkan mana yang termasuk BUAH:","shapes","🗂️",0,0,"=",1,25,"[""Apel, Pisang, Jeruk"",""Mobil-mobilan, Boneka, Bola"",""Pensil, Penghapus, Penggaris""]","Jawaban pilihan [1] adalah yang paling tepat!"
"q_coding_klasifikasi_172","coding_klasifikasi","Manakah kelompok benda yang berwarna MERAH?","shapes","🗂️",0,0,"=",1,25,"[""Stroberi, Cabai matang, Tomat matang"",""Daun rumput, Pohon, Melon"",""Awan, Garam, Susu murni""]","Jawaban pilihan [1] adalah yang paling tepat!"
"q_coding_klasifikasi_173","coding_klasifikasi","Bantu Robot memilah benda yang berbentuk LINGKARAN:","shapes","🗂️",0,0,"=",3,25,"[""Atap rumah, Penggaris segitiga, Potongan pizza"",""Buku cerita, Kotak pensil, Pintu"",""Uang koin, Roda sepeda, Piring bulat""]","Jawaban pilihan [3] adalah yang paling tepat!"
"q_coding_klasifikasi_174","coding_klasifikasi","Kelompokkan hewan yang bisa TERBANG di udara:","shapes","🗂️",0,0,"=",3,25,"[""Kucing, Anjing, Sapi"",""Ikan, Kepiting, Udang"",""Burung, Kupu-kupu, Lebah""]","Jawaban pilihan [3] adalah yang paling tepat!"
"q_coding_klasifikasi_175","coding_klasifikasi","Manakah benda yang bertekstur HALUS dan LEMBUT?","shapes","🗂️",0,0,"=",2,25,"[""Batang pohon"",""Boneka bulu halus"",""Batu jalanan""]","Jawaban pilihan [2] adalah yang paling tepat!"
"q_coding_klasifikasi_176","coding_klasifikasi","Bantu Robot mengelompokkan benda-benda yang terasa PANAS:","shapes","🗂️",0,0,"=",3,25,"[""Mainan plastik, Kertas, Pensil"",""Es krim, Es batu, Air dingin"",""Api unggun, Air mendidih, Sup hangat""]","Jawaban pilihan [3] adalah yang paling tepat!"
"q_coding_klasifikasi_177","coding_klasifikasi","Kelompokkan benda-benda yang bisa DILIPAT:","shapes","🗂️",0,0,"=",3,25,"[""Sendok, Garpu, Piring kaca"",""Batu, Kayu, Besi"",""Baju, Celana, Handuk""]","Jawaban pilihan [3] adalah yang paling tepat!"
"q_coding_klasifikasi_178","coding_klasifikasi","Pilih kelompok kendaraan yang berjalan di AIR / LAUT:","shapes","🗂️",0,0,"=",1,25,"[""Kapal laut, Perahu, Perahu karet"",""Mobil, Sepeda motor, Bus"",""Pesawat terbang, Helikopter, Balon udara""]","Jawaban pilihan [1] adalah yang paling tepat!"
"q_coding_klasifikasi_179","coding_klasifikasi","Kelompokkan hewan yang hidup di AIR:","shapes","🗂️",0,0,"=",1,25,"[""Ikan mas, Lumba-lumba, Cumi-cumi"",""Kelinci, Burung hantu, Kucing"",""Sapi, Kambing, Ayam""]","Jawaban pilihan [1] adalah yang paling tepat!"
"q_coding_klasifikasi_180","coding_klasifikasi","Di meja ada buah dan mainan. Kelompokkan mana yang termasuk BUAH:","shapes","🗂️",0,0,"=",2,25,"[""Mobil-mobilan, Boneka, Bola"",""Apel, Pisang, Jeruk"",""Pensil, Penghapus, Penggaris""]","Jawaban pilihan [2] adalah yang paling tepat!"
"q_coding_klasifikasi_181","coding_klasifikasi","Manakah kelompok benda yang berwarna MERAH?","shapes","🗂️",0,0,"=",2,25,"[""Awan, Garam, Susu murni"",""Stroberi, Cabai matang, Tomat matang"",""Daun rumput, Pohon, Melon""]","Jawaban pilihan [2] adalah yang paling tepat!"
"q_coding_klasifikasi_182","coding_klasifikasi","Bantu Robot memilah benda yang berbentuk LINGKARAN:","shapes","🗂️",0,0,"=",1,25,"[""Uang koin, Roda sepeda, Piring bulat"",""Atap rumah, Penggaris segitiga, Potongan pizza"",""Buku cerita, Kotak pensil, Pintu""]","Jawaban pilihan [1] adalah yang paling tepat!"
"q_coding_klasifikasi_183","coding_klasifikasi","Kelompokkan hewan yang bisa TERBANG di udara:","shapes","🗂️",0,0,"=",1,25,"[""Burung, Kupu-kupu, Lebah"",""Ikan, Kepiting, Udang"",""Kucing, Anjing, Sapi""]","Jawaban pilihan [1] adalah yang paling tepat!"
"q_coding_klasifikasi_184","coding_klasifikasi","Manakah benda yang bertekstur HALUS dan LEMBUT?","shapes","🗂️",0,0,"=",2,25,"[""Batu jalanan"",""Boneka bulu halus"",""Batang pohon""]","Jawaban pilihan [2] adalah yang paling tepat!"
"q_coding_klasifikasi_185","coding_klasifikasi","Bantu Robot mengelompokkan benda-benda yang terasa PANAS:","shapes","🗂️",0,0,"=",1,25,"[""Api unggun, Air mendidih, Sup hangat"",""Mainan plastik, Kertas, Pensil"",""Es krim, Es batu, Air dingin""]","Jawaban pilihan [1] adalah yang paling tepat!"
"q_coding_klasifikasi_186","coding_klasifikasi","Kelompokkan benda-benda yang bisa DILIPAT:","shapes","🗂️",0,0,"=",2,25,"[""Sendok, Garpu, Piring kaca"",""Baju, Celana, Handuk"",""Batu, Kayu, Besi""]","Jawaban pilihan [2] adalah yang paling tepat!"
"q_coding_klasifikasi_187","coding_klasifikasi","Pilih kelompok kendaraan yang berjalan di AIR / LAUT:","shapes","🗂️",0,0,"=",2,25,"[""Mobil, Sepeda motor, Bus"",""Kapal laut, Perahu, Perahu karet"",""Pesawat terbang, Helikopter, Balon udara""]","Jawaban pilihan [2] adalah yang paling tepat!"
"q_coding_klasifikasi_188","coding_klasifikasi","Kelompokkan hewan yang hidup di AIR:","shapes","🗂️",0,0,"=",3,25,"[""Sapi, Kambing, Ayam"",""Kelinci, Burung hantu, Kucing"",""Ikan mas, Lumba-lumba, Cumi-cumi""]","Jawaban pilihan [3] adalah yang paling tepat!"
"q_coding_klasifikasi_189","coding_klasifikasi","Di meja ada buah dan mainan. Kelompokkan mana yang termasuk BUAH:","shapes","🗂️",0,0,"=",1,25,"[""Apel, Pisang, Jeruk"",""Pensil, Penghapus, Penggaris"",""Mobil-mobilan, Boneka, Bola""]","Jawaban pilihan [1] adalah yang paling tepat!"
"q_coding_klasifikasi_190","coding_klasifikasi","Manakah kelompok benda yang berwarna MERAH?","shapes","🗂️",0,0,"=",3,25,"[""Awan, Garam, Susu murni"",""Daun rumput, Pohon, Melon"",""Stroberi, Cabai matang, Tomat matang""]","Jawaban pilihan [3] adalah yang paling tepat!"
"q_coding_klasifikasi_191","coding_klasifikasi","Bantu Robot memilah benda yang berbentuk LINGKARAN:","shapes","🗂️",0,0,"=",1,25,"[""Uang koin, Roda sepeda, Piring bulat"",""Atap rumah, Penggaris segitiga, Potongan pizza"",""Buku cerita, Kotak pensil, Pintu""]","Jawaban pilihan [1] adalah yang paling tepat!"
"q_coding_klasifikasi_192","coding_klasifikasi","Kelompokkan hewan yang bisa TERBANG di udara:","shapes","🗂️",0,0,"=",1,25,"[""Burung, Kupu-kupu, Lebah"",""Ikan, Kepiting, Udang"",""Kucing, Anjing, Sapi""]","Jawaban pilihan [1] adalah yang paling tepat!"
"q_coding_klasifikasi_193","coding_klasifikasi","Manakah benda yang bertekstur HALUS dan LEMBUT?","shapes","🗂️",0,0,"=",2,25,"[""Batang pohon"",""Boneka bulu halus"",""Batu jalanan""]","Jawaban pilihan [2] adalah yang paling tepat!"
"q_coding_klasifikasi_194","coding_klasifikasi","Bantu Robot mengelompokkan benda-benda yang terasa PANAS:","shapes","🗂️",0,0,"=",3,25,"[""Es krim, Es batu, Air dingin"",""Mainan plastik, Kertas, Pensil"",""Api unggun, Air mendidih, Sup hangat""]","Jawaban pilihan [3] adalah yang paling tepat!"
"q_coding_klasifikasi_195","coding_klasifikasi","Kelompokkan benda-benda yang bisa DILIPAT:","shapes","🗂️",0,0,"=",1,25,"[""Baju, Celana, Handuk"",""Sendok, Garpu, Piring kaca"",""Batu, Kayu, Besi""]","Jawaban pilihan [1] adalah yang paling tepat!"
"q_coding_klasifikasi_196","coding_klasifikasi","Pilih kelompok kendaraan yang berjalan di AIR / LAUT:","shapes","🗂️",0,0,"=",2,25,"[""Mobil, Sepeda motor, Bus"",""Kapal laut, Perahu, Perahu karet"",""Pesawat terbang, Helikopter, Balon udara""]","Jawaban pilihan [2] adalah yang paling tepat!"
"q_coding_klasifikasi_197","coding_klasifikasi","Kelompokkan hewan yang hidup di AIR:","shapes","🗂️",0,0,"=",3,25,"[""Sapi, Kambing, Ayam"",""Kelinci, Burung hantu, Kucing"",""Ikan mas, Lumba-lumba, Cumi-cumi""]","Jawaban pilihan [3] adalah yang paling tepat!"
"q_coding_klasifikasi_198","coding_klasifikasi","Di meja ada buah dan mainan. Kelompokkan mana yang termasuk BUAH:","shapes","🗂️",0,0,"=",1,25,"[""Apel, Pisang, Jeruk"",""Mobil-mobilan, Boneka, Bola"",""Pensil, Penghapus, Penggaris""]","Jawaban pilihan [1] adalah yang paling tepat!"
"q_coding_klasifikasi_199","coding_klasifikasi","Manakah kelompok benda yang berwarna MERAH?","shapes","🗂️",0,0,"=",3,25,"[""Daun rumput, Pohon, Melon"",""Awan, Garam, Susu murni"",""Stroberi, Cabai matang, Tomat matang""]","Jawaban pilihan [3] adalah yang paling tepat!"
"q_coding_klasifikasi_200","coding_klasifikasi","Bantu Robot memilah benda yang berbentuk LINGKARAN:","shapes","🗂️",0,0,"=",1,25,"[""Uang koin, Roda sepeda, Piring bulat"",""Buku cerita, Kotak pensil, Pintu"",""Atap rumah, Penggaris segitiga, Potongan pizza""]","Jawaban pilihan [1] adalah yang paling tepat!"
"q_coding_klasifikasi_201","coding_klasifikasi","Kelompokkan hewan yang bisa TERBANG di udara:","shapes","🗂️",0,0,"=",2,25,"[""Kucing, Anjing, Sapi"",""Burung, Kupu-kupu, Lebah"",""Ikan, Kepiting, Udang""]","Jawaban pilihan [2] adalah yang paling tepat!"
"q_coding_klasifikasi_202","coding_klasifikasi","Manakah benda yang bertekstur HALUS dan LEMBUT?","shapes","🗂️",0,0,"=",1,25,"[""Boneka bulu halus"",""Batang pohon"",""Batu jalanan""]","Jawaban pilihan [1] adalah yang paling tepat!"
"q_coding_klasifikasi_203","coding_klasifikasi","Bantu Robot mengelompokkan benda-benda yang terasa PANAS:","shapes","🗂️",0,0,"=",2,25,"[""Es krim, Es batu, Air dingin"",""Api unggun, Air mendidih, Sup hangat"",""Mainan plastik, Kertas, Pensil""]","Jawaban pilihan [2] adalah yang paling tepat!"
"q_coding_klasifikasi_204","coding_klasifikasi","Kelompokkan benda-benda yang bisa DILIPAT:","shapes","🗂️",0,0,"=",3,25,"[""Batu, Kayu, Besi"",""Sendok, Garpu, Piring kaca"",""Baju, Celana, Handuk""]","Jawaban pilihan [3] adalah yang paling tepat!"
"q_coding_klasifikasi_205","coding_klasifikasi","Pilih kelompok kendaraan yang berjalan di AIR / LAUT:","shapes","🗂️",0,0,"=",1,25,"[""Kapal laut, Perahu, Perahu karet"",""Pesawat terbang, Helikopter, Balon udara"",""Mobil, Sepeda motor, Bus""]","Jawaban pilihan [1] adalah yang paling tepat!"
"q_coding_klasifikasi_206","coding_klasifikasi","Kelompokkan hewan yang hidup di AIR:","shapes","🗂️",0,0,"=",3,25,"[""Kelinci, Burung hantu, Kucing"",""Sapi, Kambing, Ayam"",""Ikan mas, Lumba-lumba, Cumi-cumi""]","Jawaban pilihan [3] adalah yang paling tepat!"
"q_coding_klasifikasi_207","coding_klasifikasi","Di meja ada buah dan mainan. Kelompokkan mana yang termasuk BUAH:","shapes","🗂️",0,0,"=",3,25,"[""Pensil, Penghapus, Penggaris"",""Mobil-mobilan, Boneka, Bola"",""Apel, Pisang, Jeruk""]","Jawaban pilihan [3] adalah yang paling tepat!"
"q_coding_klasifikasi_208","coding_klasifikasi","Manakah kelompok benda yang berwarna MERAH?","shapes","🗂️",0,0,"=",1,25,"[""Stroberi, Cabai matang, Tomat matang"",""Awan, Garam, Susu murni"",""Daun rumput, Pohon, Melon""]","Jawaban pilihan [1] adalah yang paling tepat!"
"q_coding_klasifikasi_209","coding_klasifikasi","Bantu Robot memilah benda yang berbentuk LINGKARAN:","shapes","🗂️",0,0,"=",2,25,"[""Buku cerita, Kotak pensil, Pintu"",""Uang koin, Roda sepeda, Piring bulat"",""Atap rumah, Penggaris segitiga, Potongan pizza""]","Jawaban pilihan [2] adalah yang paling tepat!"
"q_coding_klasifikasi_210","coding_klasifikasi","Kelompokkan hewan yang bisa TERBANG di udara:","shapes","🗂️",0,0,"=",3,25,"[""Kucing, Anjing, Sapi"",""Ikan, Kepiting, Udang"",""Burung, Kupu-kupu, Lebah""]","Jawaban pilihan [3] adalah yang paling tepat!"
"q_coding_klasifikasi_211","coding_klasifikasi","Manakah benda yang bertekstur HALUS dan LEMBUT?","shapes","🗂️",0,0,"=",3,25,"[""Batu jalanan"",""Batang pohon"",""Boneka bulu halus""]","Jawaban pilihan [3] adalah yang paling tepat!"
"q_coding_klasifikasi_212","coding_klasifikasi","Bantu Robot mengelompokkan benda-benda yang terasa PANAS:","shapes","🗂️",0,0,"=",2,25,"[""Es krim, Es batu, Air dingin"",""Api unggun, Air mendidih, Sup hangat"",""Mainan plastik, Kertas, Pensil""]","Jawaban pilihan [2] adalah yang paling tepat!"
"q_coding_klasifikasi_213","coding_klasifikasi","Kelompokkan benda-benda yang bisa DILIPAT:","shapes","🗂️",0,0,"=",2,25,"[""Sendok, Garpu, Piring kaca"",""Baju, Celana, Handuk"",""Batu, Kayu, Besi""]","Jawaban pilihan [2] adalah yang paling tepat!"
"q_coding_klasifikasi_214","coding_klasifikasi","Pilih kelompok kendaraan yang berjalan di AIR / LAUT:","shapes","🗂️",0,0,"=",3,25,"[""Pesawat terbang, Helikopter, Balon udara"",""Mobil, Sepeda motor, Bus"",""Kapal laut, Perahu, Perahu karet""]","Jawaban pilihan [3] adalah yang paling tepat!"
"q_coding_klasifikasi_215","coding_klasifikasi","Kelompokkan hewan yang hidup di AIR:","shapes","🗂️",0,0,"=",2,25,"[""Sapi, Kambing, Ayam"",""Ikan mas, Lumba-lumba, Cumi-cumi"",""Kelinci, Burung hantu, Kucing""]","Jawaban pilihan [2] adalah yang paling tepat!"
"q_coding_klasifikasi_216","coding_klasifikasi","Di meja ada buah dan mainan. Kelompokkan mana yang termasuk BUAH:","shapes","🗂️",0,0,"=",2,25,"[""Mobil-mobilan, Boneka, Bola"",""Apel, Pisang, Jeruk"",""Pensil, Penghapus, Penggaris""]","Jawaban pilihan [2] adalah yang paling tepat!"
"q_coding_klasifikasi_217","coding_klasifikasi","Manakah kelompok benda yang berwarna MERAH?","shapes","🗂️",0,0,"=",3,25,"[""Daun rumput, Pohon, Melon"",""Awan, Garam, Susu murni"",""Stroberi, Cabai matang, Tomat matang""]","Jawaban pilihan [3] adalah yang paling tepat!"
"q_coding_klasifikasi_218","coding_klasifikasi","Bantu Robot memilah benda yang berbentuk LINGKARAN:","shapes","🗂️",0,0,"=",2,25,"[""Buku cerita, Kotak pensil, Pintu"",""Uang koin, Roda sepeda, Piring bulat"",""Atap rumah, Penggaris segitiga, Potongan pizza""]","Jawaban pilihan [2] adalah yang paling tepat!"
"q_coding_klasifikasi_219","coding_klasifikasi","Kelompokkan hewan yang bisa TERBANG di udara:","shapes","🗂️",0,0,"=",3,25,"[""Ikan, Kepiting, Udang"",""Kucing, Anjing, Sapi"",""Burung, Kupu-kupu, Lebah""]","Jawaban pilihan [3] adalah yang paling tepat!"
"q_coding_klasifikasi_220","coding_klasifikasi","Manakah benda yang bertekstur HALUS dan LEMBUT?","shapes","🗂️",0,0,"=",2,25,"[""Batang pohon"",""Boneka bulu halus"",""Batu jalanan""]","Jawaban pilihan [2] adalah yang paling tepat!"
"q_coding_klasifikasi_221","coding_klasifikasi","Bantu Robot mengelompokkan benda-benda yang terasa PANAS:","shapes","🗂️",0,0,"=",3,25,"[""Es krim, Es batu, Air dingin"",""Mainan plastik, Kertas, Pensil"",""Api unggun, Air mendidih, Sup hangat""]","Jawaban pilihan [3] adalah yang paling tepat!"
"q_coding_klasifikasi_222","coding_klasifikasi","Kelompokkan benda-benda yang bisa DILIPAT:","shapes","🗂️",0,0,"=",2,25,"[""Sendok, Garpu, Piring kaca"",""Baju, Celana, Handuk"",""Batu, Kayu, Besi""]","Jawaban pilihan [2] adalah yang paling tepat!"
"q_coding_klasifikasi_223","coding_klasifikasi","Pilih kelompok kendaraan yang berjalan di AIR / LAUT:","shapes","🗂️",0,0,"=",2,25,"[""Mobil, Sepeda motor, Bus"",""Kapal laut, Perahu, Perahu karet"",""Pesawat terbang, Helikopter, Balon udara""]","Jawaban pilihan [2] adalah yang paling tepat!"
"q_coding_klasifikasi_224","coding_klasifikasi","Kelompokkan hewan yang hidup di AIR:","shapes","🗂️",0,0,"=",3,25,"[""Sapi, Kambing, Ayam"",""Kelinci, Burung hantu, Kucing"",""Ikan mas, Lumba-lumba, Cumi-cumi""]","Jawaban pilihan [3] adalah yang paling tepat!"
"q_coding_klasifikasi_225","coding_klasifikasi","Di meja ada buah dan mainan. Kelompokkan mana yang termasuk BUAH:","shapes","🗂️",0,0,"=",3,25,"[""Pensil, Penghapus, Penggaris"",""Mobil-mobilan, Boneka, Bola"",""Apel, Pisang, Jeruk""]","Jawaban pilihan [3] adalah yang paling tepat!"
"q_coding_klasifikasi_226","coding_klasifikasi","Manakah kelompok benda yang berwarna MERAH?","shapes","🗂️",0,0,"=",1,25,"[""Stroberi, Cabai matang, Tomat matang"",""Awan, Garam, Susu murni"",""Daun rumput, Pohon, Melon""]","Jawaban pilihan [1] adalah yang paling tepat!"
"q_coding_klasifikasi_227","coding_klasifikasi","Bantu Robot memilah benda yang berbentuk LINGKARAN:","shapes","🗂️",0,0,"=",1,25,"[""Uang koin, Roda sepeda, Piring bulat"",""Buku cerita, Kotak pensil, Pintu"",""Atap rumah, Penggaris segitiga, Potongan pizza""]","Jawaban pilihan [1] adalah yang paling tepat!"
"q_coding_klasifikasi_228","coding_klasifikasi","Kelompokkan hewan yang bisa TERBANG di udara:","shapes","🗂️",0,0,"=",3,25,"[""Kucing, Anjing, Sapi"",""Ikan, Kepiting, Udang"",""Burung, Kupu-kupu, Lebah""]","Jawaban pilihan [3] adalah yang paling tepat!"
"q_coding_klasifikasi_229","coding_klasifikasi","Manakah benda yang bertekstur HALUS dan LEMBUT?","shapes","🗂️",0,0,"=",2,25,"[""Batu jalanan"",""Boneka bulu halus"",""Batang pohon""]","Jawaban pilihan [2] adalah yang paling tepat!"
"q_coding_klasifikasi_230","coding_klasifikasi","Bantu Robot mengelompokkan benda-benda yang terasa PANAS:","shapes","🗂️",0,0,"=",1,25,"[""Api unggun, Air mendidih, Sup hangat"",""Mainan plastik, Kertas, Pensil"",""Es krim, Es batu, Air dingin""]","Jawaban pilihan [1] adalah yang paling tepat!"
"q_coding_klasifikasi_231","coding_klasifikasi","Kelompokkan benda-benda yang bisa DILIPAT:","shapes","🗂️",0,0,"=",3,25,"[""Batu, Kayu, Besi"",""Sendok, Garpu, Piring kaca"",""Baju, Celana, Handuk""]","Jawaban pilihan [3] adalah yang paling tepat!"
"q_coding_klasifikasi_232","coding_klasifikasi","Pilih kelompok kendaraan yang berjalan di AIR / LAUT:","shapes","🗂️",0,0,"=",3,25,"[""Pesawat terbang, Helikopter, Balon udara"",""Mobil, Sepeda motor, Bus"",""Kapal laut, Perahu, Perahu karet""]","Jawaban pilihan [3] adalah yang paling tepat!"
"q_coding_klasifikasi_233","coding_klasifikasi","Kelompokkan hewan yang hidup di AIR:","shapes","🗂️",0,0,"=",3,25,"[""Sapi, Kambing, Ayam"",""Kelinci, Burung hantu, Kucing"",""Ikan mas, Lumba-lumba, Cumi-cumi""]","Jawaban pilihan [3] adalah yang paling tepat!"
"q_coding_klasifikasi_234","coding_klasifikasi","Di meja ada buah dan mainan. Kelompokkan mana yang termasuk BUAH:","shapes","🗂️",0,0,"=",3,25,"[""Mobil-mobilan, Boneka, Bola"",""Pensil, Penghapus, Penggaris"",""Apel, Pisang, Jeruk""]","Jawaban pilihan [3] adalah yang paling tepat!"
"q_coding_klasifikasi_235","coding_klasifikasi","Manakah kelompok benda yang berwarna MERAH?","shapes","🗂️",0,0,"=",3,25,"[""Daun rumput, Pohon, Melon"",""Awan, Garam, Susu murni"",""Stroberi, Cabai matang, Tomat matang""]","Jawaban pilihan [3] adalah yang paling tepat!"
"q_coding_klasifikasi_236","coding_klasifikasi","Bantu Robot memilah benda yang berbentuk LINGKARAN:","shapes","🗂️",0,0,"=",3,25,"[""Buku cerita, Kotak pensil, Pintu"",""Atap rumah, Penggaris segitiga, Potongan pizza"",""Uang koin, Roda sepeda, Piring bulat""]","Jawaban pilihan [3] adalah yang paling tepat!"
"q_coding_klasifikasi_237","coding_klasifikasi","Kelompokkan hewan yang bisa TERBANG di udara:","shapes","🗂️",0,0,"=",2,25,"[""Ikan, Kepiting, Udang"",""Burung, Kupu-kupu, Lebah"",""Kucing, Anjing, Sapi""]","Jawaban pilihan [2] adalah yang paling tepat!"
"q_coding_klasifikasi_238","coding_klasifikasi","Manakah benda yang bertekstur HALUS dan LEMBUT?","shapes","🗂️",0,0,"=",1,25,"[""Boneka bulu halus"",""Batu jalanan"",""Batang pohon""]","Jawaban pilihan [1] adalah yang paling tepat!"
"q_coding_klasifikasi_239","coding_klasifikasi","Bantu Robot mengelompokkan benda-benda yang terasa PANAS:","shapes","🗂️",0,0,"=",1,25,"[""Api unggun, Air mendidih, Sup hangat"",""Es krim, Es batu, Air dingin"",""Mainan plastik, Kertas, Pensil""]","Jawaban pilihan [1] adalah yang paling tepat!"
"q_coding_klasifikasi_240","coding_klasifikasi","Kelompokkan benda-benda yang bisa DILIPAT:","shapes","🗂️",0,0,"=",3,25,"[""Batu, Kayu, Besi"",""Sendok, Garpu, Piring kaca"",""Baju, Celana, Handuk""]","Jawaban pilihan [3] adalah yang paling tepat!"
"q_coding_klasifikasi_241","coding_klasifikasi","Pilih kelompok kendaraan yang berjalan di AIR / LAUT:","shapes","🗂️",0,0,"=",2,25,"[""Pesawat terbang, Helikopter, Balon udara"",""Kapal laut, Perahu, Perahu karet"",""Mobil, Sepeda motor, Bus""]","Jawaban pilihan [2] adalah yang paling tepat!"
"q_coding_klasifikasi_242","coding_klasifikasi","Kelompokkan hewan yang hidup di AIR:","shapes","🗂️",0,0,"=",2,25,"[""Kelinci, Burung hantu, Kucing"",""Ikan mas, Lumba-lumba, Cumi-cumi"",""Sapi, Kambing, Ayam""]","Jawaban pilihan [2] adalah yang paling tepat!"
"q_coding_klasifikasi_243","coding_klasifikasi","Di meja ada buah dan mainan. Kelompokkan mana yang termasuk BUAH:","shapes","🗂️",0,0,"=",1,25,"[""Apel, Pisang, Jeruk"",""Mobil-mobilan, Boneka, Bola"",""Pensil, Penghapus, Penggaris""]","Jawaban pilihan [1] adalah yang paling tepat!"
"q_coding_klasifikasi_244","coding_klasifikasi","Manakah kelompok benda yang berwarna MERAH?","shapes","🗂️",0,0,"=",2,25,"[""Awan, Garam, Susu murni"",""Stroberi, Cabai matang, Tomat matang"",""Daun rumput, Pohon, Melon""]","Jawaban pilihan [2] adalah yang paling tepat!"
"q_coding_klasifikasi_245","coding_klasifikasi","Bantu Robot memilah benda yang berbentuk LINGKARAN:","shapes","🗂️",0,0,"=",1,25,"[""Uang koin, Roda sepeda, Piring bulat"",""Buku cerita, Kotak pensil, Pintu"",""Atap rumah, Penggaris segitiga, Potongan pizza""]","Jawaban pilihan [1] adalah yang paling tepat!"
"q_coding_klasifikasi_246","coding_klasifikasi","Kelompokkan hewan yang bisa TERBANG di udara:","shapes","🗂️",0,0,"=",3,25,"[""Kucing, Anjing, Sapi"",""Ikan, Kepiting, Udang"",""Burung, Kupu-kupu, Lebah""]","Jawaban pilihan [3] adalah yang paling tepat!"
"q_coding_klasifikasi_247","coding_klasifikasi","Manakah benda yang bertekstur HALUS dan LEMBUT?","shapes","🗂️",0,0,"=",3,25,"[""Batu jalanan"",""Batang pohon"",""Boneka bulu halus""]","Jawaban pilihan [3] adalah yang paling tepat!"
"q_coding_klasifikasi_248","coding_klasifikasi","Bantu Robot mengelompokkan benda-benda yang terasa PANAS:","shapes","🗂️",0,0,"=",1,25,"[""Api unggun, Air mendidih, Sup hangat"",""Mainan plastik, Kertas, Pensil"",""Es krim, Es batu, Air dingin""]","Jawaban pilihan [1] adalah yang paling tepat!"
"q_coding_klasifikasi_249","coding_klasifikasi","Kelompokkan benda-benda yang bisa DILIPAT:","shapes","🗂️",0,0,"=",1,25,"[""Baju, Celana, Handuk"",""Batu, Kayu, Besi"",""Sendok, Garpu, Piring kaca""]","Jawaban pilihan [1] adalah yang paling tepat!"
"q_coding_klasifikasi_250","coding_klasifikasi","Pilih kelompok kendaraan yang berjalan di AIR / LAUT:","shapes","🗂️",0,0,"=",3,25,"[""Mobil, Sepeda motor, Bus"",""Pesawat terbang, Helikopter, Balon udara"",""Kapal laut, Perahu, Perahu karet""]","Jawaban pilihan [3] adalah yang paling tepat!"
"q_coding_klasifikasi_251","coding_klasifikasi","Kelompokkan hewan yang hidup di AIR:","shapes","🗂️",0,0,"=",3,25,"[""Kelinci, Burung hantu, Kucing"",""Sapi, Kambing, Ayam"",""Ikan mas, Lumba-lumba, Cumi-cumi""]","Jawaban pilihan [3] adalah yang paling tepat!"
"q_coding_klasifikasi_252","coding_klasifikasi","Di meja ada buah dan mainan. Kelompokkan mana yang termasuk BUAH:","shapes","🗂️",0,0,"=",3,25,"[""Pensil, Penghapus, Penggaris"",""Mobil-mobilan, Boneka, Bola"",""Apel, Pisang, Jeruk""]","Jawaban pilihan [3] adalah yang paling tepat!"
"q_coding_klasifikasi_253","coding_klasifikasi","Manakah kelompok benda yang berwarna MERAH?","shapes","🗂️",0,0,"=",1,25,"[""Stroberi, Cabai matang, Tomat matang"",""Daun rumput, Pohon, Melon"",""Awan, Garam, Susu murni""]","Jawaban pilihan [1] adalah yang paling tepat!"
"q_coding_klasifikasi_254","coding_klasifikasi","Bantu Robot memilah benda yang berbentuk LINGKARAN:","shapes","🗂️",0,0,"=",3,25,"[""Atap rumah, Penggaris segitiga, Potongan pizza"",""Buku cerita, Kotak pensil, Pintu"",""Uang koin, Roda sepeda, Piring bulat""]","Jawaban pilihan [3] adalah yang paling tepat!"
"q_coding_klasifikasi_255","coding_klasifikasi","Kelompokkan hewan yang bisa TERBANG di udara:","shapes","🗂️",0,0,"=",1,25,"[""Burung, Kupu-kupu, Lebah"",""Kucing, Anjing, Sapi"",""Ikan, Kepiting, Udang""]","Jawaban pilihan [1] adalah yang paling tepat!"
"q_coding_klasifikasi_256","coding_klasifikasi","Manakah benda yang bertekstur HALUS dan LEMBUT?","shapes","🗂️",0,0,"=",1,25,"[""Boneka bulu halus"",""Batu jalanan"",""Batang pohon""]","Jawaban pilihan [1] adalah yang paling tepat!"
"q_coding_klasifikasi_257","coding_klasifikasi","Bantu Robot mengelompokkan benda-benda yang terasa PANAS:","shapes","🗂️",0,0,"=",3,25,"[""Es krim, Es batu, Air dingin"",""Mainan plastik, Kertas, Pensil"",""Api unggun, Air mendidih, Sup hangat""]","Jawaban pilihan [3] adalah yang paling tepat!"
"q_coding_klasifikasi_258","coding_klasifikasi","Kelompokkan benda-benda yang bisa DILIPAT:","shapes","🗂️",0,0,"=",1,25,"[""Baju, Celana, Handuk"",""Sendok, Garpu, Piring kaca"",""Batu, Kayu, Besi""]","Jawaban pilihan [1] adalah yang paling tepat!"
"q_coding_klasifikasi_259","coding_klasifikasi","Pilih kelompok kendaraan yang berjalan di AIR / LAUT:","shapes","🗂️",0,0,"=",3,25,"[""Pesawat terbang, Helikopter, Balon udara"",""Mobil, Sepeda motor, Bus"",""Kapal laut, Perahu, Perahu karet""]","Jawaban pilihan [3] adalah yang paling tepat!"
"q_coding_klasifikasi_260","coding_klasifikasi","Kelompokkan hewan yang hidup di AIR:","shapes","🗂️",0,0,"=",3,25,"[""Kelinci, Burung hantu, Kucing"",""Sapi, Kambing, Ayam"",""Ikan mas, Lumba-lumba, Cumi-cumi""]","Jawaban pilihan [3] adalah yang paling tepat!"
"q_coding_klasifikasi_261","coding_klasifikasi","Di meja ada buah dan mainan. Kelompokkan mana yang termasuk BUAH:","shapes","🗂️",0,0,"=",3,25,"[""Mobil-mobilan, Boneka, Bola"",""Pensil, Penghapus, Penggaris"",""Apel, Pisang, Jeruk""]","Jawaban pilihan [3] adalah yang paling tepat!"
"q_coding_klasifikasi_262","coding_klasifikasi","Manakah kelompok benda yang berwarna MERAH?","shapes","🗂️",0,0,"=",1,25,"[""Stroberi, Cabai matang, Tomat matang"",""Awan, Garam, Susu murni"",""Daun rumput, Pohon, Melon""]","Jawaban pilihan [1] adalah yang paling tepat!"
"q_coding_klasifikasi_263","coding_klasifikasi","Bantu Robot memilah benda yang berbentuk LINGKARAN:","shapes","🗂️",0,0,"=",2,25,"[""Buku cerita, Kotak pensil, Pintu"",""Uang koin, Roda sepeda, Piring bulat"",""Atap rumah, Penggaris segitiga, Potongan pizza""]","Jawaban pilihan [2] adalah yang paling tepat!"
"q_coding_klasifikasi_264","coding_klasifikasi","Kelompokkan hewan yang bisa TERBANG di udara:","shapes","🗂️",0,0,"=",1,25,"[""Burung, Kupu-kupu, Lebah"",""Ikan, Kepiting, Udang"",""Kucing, Anjing, Sapi""]","Jawaban pilihan [1] adalah yang paling tepat!"
"q_coding_klasifikasi_265","coding_klasifikasi","Manakah benda yang bertekstur HALUS dan LEMBUT?","shapes","🗂️",0,0,"=",2,25,"[""Batu jalanan"",""Boneka bulu halus"",""Batang pohon""]","Jawaban pilihan [2] adalah yang paling tepat!"
"q_coding_klasifikasi_266","coding_klasifikasi","Bantu Robot mengelompokkan benda-benda yang terasa PANAS:","shapes","🗂️",0,0,"=",1,25,"[""Api unggun, Air mendidih, Sup hangat"",""Mainan plastik, Kertas, Pensil"",""Es krim, Es batu, Air dingin""]","Jawaban pilihan [1] adalah yang paling tepat!"
"q_coding_klasifikasi_267","coding_klasifikasi","Kelompokkan benda-benda yang bisa DILIPAT:","shapes","🗂️",0,0,"=",2,25,"[""Batu, Kayu, Besi"",""Baju, Celana, Handuk"",""Sendok, Garpu, Piring kaca""]","Jawaban pilihan [2] adalah yang paling tepat!"
"q_coding_klasifikasi_268","coding_klasifikasi","Pilih kelompok kendaraan yang berjalan di AIR / LAUT:","shapes","🗂️",0,0,"=",2,25,"[""Mobil, Sepeda motor, Bus"",""Kapal laut, Perahu, Perahu karet"",""Pesawat terbang, Helikopter, Balon udara""]","Jawaban pilihan [2] adalah yang paling tepat!"
"q_coding_klasifikasi_269","coding_klasifikasi","Kelompokkan hewan yang hidup di AIR:","shapes","🗂️",0,0,"=",2,25,"[""Kelinci, Burung hantu, Kucing"",""Ikan mas, Lumba-lumba, Cumi-cumi"",""Sapi, Kambing, Ayam""]","Jawaban pilihan [2] adalah yang paling tepat!"
"q_coding_klasifikasi_270","coding_klasifikasi","Di meja ada buah dan mainan. Kelompokkan mana yang termasuk BUAH:","shapes","🗂️",0,0,"=",3,25,"[""Mobil-mobilan, Boneka, Bola"",""Pensil, Penghapus, Penggaris"",""Apel, Pisang, Jeruk""]","Jawaban pilihan [3] adalah yang paling tepat!"
"q_coding_klasifikasi_271","coding_klasifikasi","Manakah kelompok benda yang berwarna MERAH?","shapes","🗂️",0,0,"=",2,25,"[""Awan, Garam, Susu murni"",""Stroberi, Cabai matang, Tomat matang"",""Daun rumput, Pohon, Melon""]","Jawaban pilihan [2] adalah yang paling tepat!"
"q_coding_klasifikasi_272","coding_klasifikasi","Bantu Robot memilah benda yang berbentuk LINGKARAN:","shapes","🗂️",0,0,"=",3,25,"[""Buku cerita, Kotak pensil, Pintu"",""Atap rumah, Penggaris segitiga, Potongan pizza"",""Uang koin, Roda sepeda, Piring bulat""]","Jawaban pilihan [3] adalah yang paling tepat!"
"q_coding_klasifikasi_273","coding_klasifikasi","Kelompokkan hewan yang bisa TERBANG di udara:","shapes","🗂️",0,0,"=",1,25,"[""Burung, Kupu-kupu, Lebah"",""Ikan, Kepiting, Udang"",""Kucing, Anjing, Sapi""]","Jawaban pilihan [1] adalah yang paling tepat!"
"q_coding_klasifikasi_274","coding_klasifikasi","Manakah benda yang bertekstur HALUS dan LEMBUT?","shapes","🗂️",0,0,"=",2,25,"[""Batu jalanan"",""Boneka bulu halus"",""Batang pohon""]","Jawaban pilihan [2] adalah yang paling tepat!"
"q_coding_klasifikasi_275","coding_klasifikasi","Bantu Robot mengelompokkan benda-benda yang terasa PANAS:","shapes","🗂️",0,0,"=",3,25,"[""Es krim, Es batu, Air dingin"",""Mainan plastik, Kertas, Pensil"",""Api unggun, Air mendidih, Sup hangat""]","Jawaban pilihan [3] adalah yang paling tepat!"
"q_coding_klasifikasi_276","coding_klasifikasi","Kelompokkan benda-benda yang bisa DILIPAT:","shapes","🗂️",0,0,"=",3,25,"[""Batu, Kayu, Besi"",""Sendok, Garpu, Piring kaca"",""Baju, Celana, Handuk""]","Jawaban pilihan [3] adalah yang paling tepat!"
"q_coding_klasifikasi_277","coding_klasifikasi","Pilih kelompok kendaraan yang berjalan di AIR / LAUT:","shapes","🗂️",0,0,"=",2,25,"[""Mobil, Sepeda motor, Bus"",""Kapal laut, Perahu, Perahu karet"",""Pesawat terbang, Helikopter, Balon udara""]","Jawaban pilihan [2] adalah yang paling tepat!"
"q_coding_klasifikasi_278","coding_klasifikasi","Kelompokkan hewan yang hidup di AIR:","shapes","🗂️",0,0,"=",1,25,"[""Ikan mas, Lumba-lumba, Cumi-cumi"",""Kelinci, Burung hantu, Kucing"",""Sapi, Kambing, Ayam""]","Jawaban pilihan [1] adalah yang paling tepat!"
"q_coding_klasifikasi_279","coding_klasifikasi","Di meja ada buah dan mainan. Kelompokkan mana yang termasuk BUAH:","shapes","🗂️",0,0,"=",2,25,"[""Pensil, Penghapus, Penggaris"",""Apel, Pisang, Jeruk"",""Mobil-mobilan, Boneka, Bola""]","Jawaban pilihan [2] adalah yang paling tepat!"
"q_coding_klasifikasi_280","coding_klasifikasi","Manakah kelompok benda yang berwarna MERAH?","shapes","🗂️",0,0,"=",3,25,"[""Awan, Garam, Susu murni"",""Daun rumput, Pohon, Melon"",""Stroberi, Cabai matang, Tomat matang""]","Jawaban pilihan [3] adalah yang paling tepat!"
"q_coding_klasifikasi_281","coding_klasifikasi","Bantu Robot memilah benda yang berbentuk LINGKARAN:","shapes","🗂️",0,0,"=",1,25,"[""Uang koin, Roda sepeda, Piring bulat"",""Atap rumah, Penggaris segitiga, Potongan pizza"",""Buku cerita, Kotak pensil, Pintu""]","Jawaban pilihan [1] adalah yang paling tepat!"
"q_coding_klasifikasi_282","coding_klasifikasi","Kelompokkan hewan yang bisa TERBANG di udara:","shapes","🗂️",0,0,"=",2,25,"[""Kucing, Anjing, Sapi"",""Burung, Kupu-kupu, Lebah"",""Ikan, Kepiting, Udang""]","Jawaban pilihan [2] adalah yang paling tepat!"
"q_coding_klasifikasi_283","coding_klasifikasi","Manakah benda yang bertekstur HALUS dan LEMBUT?","shapes","🗂️",0,0,"=",1,25,"[""Boneka bulu halus"",""Batang pohon"",""Batu jalanan""]","Jawaban pilihan [1] adalah yang paling tepat!"
"q_coding_klasifikasi_284","coding_klasifikasi","Bantu Robot mengelompokkan benda-benda yang terasa PANAS:","shapes","🗂️",0,0,"=",1,25,"[""Api unggun, Air mendidih, Sup hangat"",""Mainan plastik, Kertas, Pensil"",""Es krim, Es batu, Air dingin""]","Jawaban pilihan [1] adalah yang paling tepat!"
"q_coding_klasifikasi_285","coding_klasifikasi","Kelompokkan benda-benda yang bisa DILIPAT:","shapes","🗂️",0,0,"=",1,25,"[""Baju, Celana, Handuk"",""Sendok, Garpu, Piring kaca"",""Batu, Kayu, Besi""]","Jawaban pilihan [1] adalah yang paling tepat!"
"q_coding_klasifikasi_286","coding_klasifikasi","Pilih kelompok kendaraan yang berjalan di AIR / LAUT:","shapes","🗂️",0,0,"=",3,25,"[""Mobil, Sepeda motor, Bus"",""Pesawat terbang, Helikopter, Balon udara"",""Kapal laut, Perahu, Perahu karet""]","Jawaban pilihan [3] adalah yang paling tepat!"
"q_coding_klasifikasi_287","coding_klasifikasi","Kelompokkan hewan yang hidup di AIR:","shapes","🗂️",0,0,"=",3,25,"[""Sapi, Kambing, Ayam"",""Kelinci, Burung hantu, Kucing"",""Ikan mas, Lumba-lumba, Cumi-cumi""]","Jawaban pilihan [3] adalah yang paling tepat!"
"q_coding_klasifikasi_288","coding_klasifikasi","Di meja ada buah dan mainan. Kelompokkan mana yang termasuk BUAH:","shapes","🗂️",0,0,"=",1,25,"[""Apel, Pisang, Jeruk"",""Mobil-mobilan, Boneka, Bola"",""Pensil, Penghapus, Penggaris""]","Jawaban pilihan [1] adalah yang paling tepat!"
"q_coding_klasifikasi_289","coding_klasifikasi","Manakah kelompok benda yang berwarna MERAH?","shapes","🗂️",0,0,"=",2,25,"[""Awan, Garam, Susu murni"",""Stroberi, Cabai matang, Tomat matang"",""Daun rumput, Pohon, Melon""]","Jawaban pilihan [2] adalah yang paling tepat!"
"q_coding_klasifikasi_290","coding_klasifikasi","Bantu Robot memilah benda yang berbentuk LINGKARAN:","shapes","🗂️",0,0,"=",2,25,"[""Buku cerita, Kotak pensil, Pintu"",""Uang koin, Roda sepeda, Piring bulat"",""Atap rumah, Penggaris segitiga, Potongan pizza""]","Jawaban pilihan [2] adalah yang paling tepat!"
"q_coding_klasifikasi_291","coding_klasifikasi","Kelompokkan hewan yang bisa TERBANG di udara:","shapes","🗂️",0,0,"=",2,25,"[""Ikan, Kepiting, Udang"",""Burung, Kupu-kupu, Lebah"",""Kucing, Anjing, Sapi""]","Jawaban pilihan [2] adalah yang paling tepat!"
"q_coding_klasifikasi_292","coding_klasifikasi","Manakah benda yang bertekstur HALUS dan LEMBUT?","shapes","🗂️",0,0,"=",3,25,"[""Batang pohon"",""Batu jalanan"",""Boneka bulu halus""]","Jawaban pilihan [3] adalah yang paling tepat!"
"q_coding_klasifikasi_293","coding_klasifikasi","Bantu Robot mengelompokkan benda-benda yang terasa PANAS:","shapes","🗂️",0,0,"=",1,25,"[""Api unggun, Air mendidih, Sup hangat"",""Mainan plastik, Kertas, Pensil"",""Es krim, Es batu, Air dingin""]","Jawaban pilihan [1] adalah yang paling tepat!"
"q_coding_klasifikasi_294","coding_klasifikasi","Kelompokkan benda-benda yang bisa DILIPAT:","shapes","🗂️",0,0,"=",1,25,"[""Baju, Celana, Handuk"",""Batu, Kayu, Besi"",""Sendok, Garpu, Piring kaca""]","Jawaban pilihan [1] adalah yang paling tepat!"
"q_coding_klasifikasi_295","coding_klasifikasi","Pilih kelompok kendaraan yang berjalan di AIR / LAUT:","shapes","🗂️",0,0,"=",1,25,"[""Kapal laut, Perahu, Perahu karet"",""Mobil, Sepeda motor, Bus"",""Pesawat terbang, Helikopter, Balon udara""]","Jawaban pilihan [1] adalah yang paling tepat!"
"q_coding_klasifikasi_296","coding_klasifikasi","Kelompokkan hewan yang hidup di AIR:","shapes","🗂️",0,0,"=",1,25,"[""Ikan mas, Lumba-lumba, Cumi-cumi"",""Kelinci, Burung hantu, Kucing"",""Sapi, Kambing, Ayam""]","Jawaban pilihan [1] adalah yang paling tepat!"
"q_coding_klasifikasi_297","coding_klasifikasi","Di meja ada buah dan mainan. Kelompokkan mana yang termasuk BUAH:","shapes","🗂️",0,0,"=",1,25,"[""Apel, Pisang, Jeruk"",""Mobil-mobilan, Boneka, Bola"",""Pensil, Penghapus, Penggaris""]","Jawaban pilihan [1] adalah yang paling tepat!"
"q_coding_klasifikasi_298","coding_klasifikasi","Manakah kelompok benda yang berwarna MERAH?","shapes","🗂️",0,0,"=",3,25,"[""Daun rumput, Pohon, Melon"",""Awan, Garam, Susu murni"",""Stroberi, Cabai matang, Tomat matang""]","Jawaban pilihan [3] adalah yang paling tepat!"
"q_coding_klasifikasi_299","coding_klasifikasi","Bantu Robot memilah benda yang berbentuk LINGKARAN:","shapes","🗂️",0,0,"=",3,25,"[""Atap rumah, Penggaris segitiga, Potongan pizza"",""Buku cerita, Kotak pensil, Pintu"",""Uang koin, Roda sepeda, Piring bulat""]","Jawaban pilihan [3] adalah yang paling tepat!"
"q_coding_klasifikasi_300","coding_klasifikasi","Kelompokkan hewan yang bisa TERBANG di udara:","shapes","🗂️",0,0,"=",3,25,"[""Kucing, Anjing, Sapi"",""Ikan, Kepiting, Udang"",""Burung, Kupu-kupu, Lebah""]","Jawaban pilihan [3] adalah yang paling tepat!"